timestamp,actual_mw,predicted_mw,residual_mw,pct_of_predicted
2016-01-21 14:00:00,0.0,3.0104177508843124,-3.0104177508843124,0.0
2016-01-21 15:00:00,0.0,3.5164378728729173,-3.5164378728729173,0.0
2016-01-21 16:00:00,0.0,3.6662542647552816,-3.6662542647552816,0.0
2016-01-21 17:00:00,0.008186666190624236,3.3802208720558085,-3.372034205865184,0.002421932323506779
2016-01-21 18:00:00,0.038045000970363625,3.1428104990257415,-3.104765498055378,0.012105407240480271
2016-01-21 19:00:00,0.0,3.1832948493648283,-3.1832948493648283,0.0
2016-01-21 20:00:00,0.0,3.6271730218411466,-3.6271730218411466,0.0
2016-01-21 21:00:00,0.0,5.224284271083106,-5.224284271083106,0.0
2016-01-21 22:00:00,0.0,3.6397516870114366,-3.6397516870114366,0.0
2016-01-21 23:00:00,0.0,3.193768100330195,-3.193768100330195,0.0
2016-01-22 00:00:00,0.0,4.531645737770183,-4.531645737770183,0.0
2016-01-22 01:00:00,0.0,4.452062391741747,-4.452062391741747,0.0
2016-01-22 02:00:00,0.0,4.054207416215743,-4.054207416215743,0.0
2016-01-22 03:00:00,0.0,5.063938350477893,-5.063938350477893,0.0
2016-01-22 04:00:00,0.0,4.5606711924650325,-4.5606711924650325,0.0
2016-01-22 05:00:00,0.0,4.949744394190636,-4.949744394190636,0.0
2016-01-22 06:00:00,0.0,4.898534411295243,-4.898534411295243,0.0
2016-01-22 07:00:00,0.0,4.9583919946924855,-4.9583919946924855,0.0
2016-01-22 08:00:00,0.0,5.077018107620191,-5.077018107620191,0.0
2016-01-22 09:00:00,0.0,6.616973147128845,-6.616973147128845,0.0
2016-01-22 10:00:00,0.4739133303165436,5.514050553763101,-5.040137223446558,0.08594649717041826
2016-01-22 11:00:00,0.5999749959309896,5.698615708606339,-5.0986407126753495,0.10528434037495753
2016-01-22 12:00:00,0.5997699991861979,5.815890814249383,-5.216120815063185,0.10312607618367163
2016-01-22 13:00:00,0.5604950052897135,5.578702326925498,-5.018207321635785,0.10047049877253628
2016-01-22 14:00:00,0.5959016621907552,4.343423508013513,-3.7475218458227575,0.13719630634482935
2016-01-22 15:00:00,0.5969116719563803,4.698357267212481,-4.1014455952561,0.12704688852036275
2016-01-22 16:00:00,0.6000733337402344,4.923300232155584,-4.323226898415349,0.12188436728293989
2016-01-22 17:00:00,0.6000633341471354,4.393005265443437,-3.7929419312963013,0.13659517753538683
2016-01-22 18:00:00,0.6,3.7280817576653598,-3.1280817576653597,0.16094067646620994
2016-01-22 19:00:00,0.5999483337402344,4.125929848741103,-3.525981515000869,0.14540924245798545
2016-01-22 20:00:00,0.6000783284505209,4.102816659991784,-3.502738331541263,0.14626008866107185
2016-01-22 21:00:00,0.6000283406575522,4.080344879310775,-3.4803165386532227,0.14705333946156657
2016-01-22 22:00:00,0.6000233357747397,4.299442597046122,-3.699419261271382,0.13955840140463283
2016-01-22 23:00:00,0.6000516662597656,4.392428548864804,-3.7923768826050384,0.1366104558296902
2016-01-23 00:00:00,0.7506366678873697,4.061167517766052,-3.310530849878682,0.18483272719079474
2016-01-23 01:00:00,0.7108333384195963,4.316447453853315,-3.6056141154337187,0.16468017878568908
2016-01-23 02:00:00,0.8450083516438802,4.544206332911559,-3.6991979812676785,0.18595290128528724
2016-01-23 03:00:00,0.6181333312988281,4.60522320066431,-3.9870898693654815,0.13422440224171145
2016-01-23 04:00:00,0.5376983337402343,3.6591169031363235,-3.121418569396089,0.14694756903758915
2016-01-23 05:00:00,0.5192533264160156,2.665758094116572,-2.1465047677005566,0.19478636398479934
2016-01-23 06:00:00,0.6032100016276041,1.6154053459768138,-1.0121953443492098,0.37341092322735325
2016-01-23 07:00:00,0.746943333943685,1.736217639340964,-0.9892743053972791,0.43021296237216594
2016-01-23 08:00:00,0.5456399993896485,2.491978569869088,-1.9463385704794396,0.21895854402083112
2016-01-23 09:00:00,0.3713633321126302,2.3069525297425826,-1.9355891976299524,0.16097571463859645
2016-01-23 10:00:00,0.686846669514974,2.6110694380603823,-1.9242227685454083,0.26305185894450744
2016-01-23 11:00:00,1.0050250040690103,3.193291675856107,-2.1882666717870967,0.3147300986213756
2016-01-23 12:00:00,1.0594933471679688,6.408345755390944,-5.348852408222975,0.16533024084674
2016-01-23 13:00:00,0.8512150065104166,6.221513945516594,-5.370298939006177,0.1368179857772122
2016-01-23 14:00:00,0.575644995768865,5.243713678336791,-4.668068682567926,0.10977811358141296
2016-01-23 15:00:00,1.225403329014778,4.1646173292576805,-2.9392140002429024,0.29424151900006607
2016-01-23 16:00:00,1.5682433369954425,4.0694245826319735,-2.501181245636531,0.3853722572200006
2016-01-23 17:00:00,1.7452316487630208,4.365098227971334,-2.6198665792083133,0.39981497726206083
2016-01-23 18:00:00,1.745358317057292,5.153779403176814,-3.408421086119522,0.3386559999020224
2016-01-23 19:00:00,1.7709450276692709,6.787355479243262,-5.016410451573991,0.26091826678079305
2016-01-23 20:00:00,1.7988783162434896,6.940103752852273,-5.141225436608783,0.2592004932929395
2016-01-23 21:00:00,1.7996200256347654,8.342173205448642,-6.5425531798138765,0.2157255647076896
2016-01-23 22:00:00,1.7979549865722655,6.883714932798105,-5.085759946225839,0.2611896343943211
2016-01-23 23:00:00,2.2731333516438803,9.045173440087048,-6.772040088443168,0.25130898447669836
2016-01-24 00:00:00,2.459180013020833,9.033978289303437,-6.574798276282604,0.27221451438870437
2016-01-24 01:00:00,2.6061183166503907,6.630951669476602,-4.024833352826211,0.3930232712518169
2016-01-24 02:00:00,2.1239300333658853,5.5696401643035705,-3.445710130937685,0.3813406199880531
2016-01-24 03:00:00,1.424548309326172,5.479141162441639,-4.054592853115468,0.25999481800015506
2016-01-24 04:00:00,1.4870316619873045,4.8903766051958995,-3.403344943208595,0.3040730360944741
2016-01-24 05:00:00,1.7739533284505207,4.823567111866794,-3.049613783416273,0.3677679375676757
2016-01-24 06:00:00,1.1450850016276042,4.729161505027929,-3.584076503400325,0.24213277563267352
2016-01-24 07:00:00,1.3554150136311849,4.317651524373408,-2.9622365107422235,0.3139241335202213
2016-01-24 08:00:00,2.136703328450521,4.442957263613971,-2.3062539351634506,0.48091917200042855
2016-01-24 09:00:00,1.7820316772460938,4.683283164889982,-2.901251487643888,0.3805090605252686
2016-01-24 10:00:00,2.032988301595052,4.2888783695949355,-2.2558900679998835,0.4740139790411119
2016-01-24 11:00:00,1.7934633178710935,5.153474169999928,-3.3600108521288345,0.34801053788363484
2016-01-24 12:00:00,1.570855000813802,5.153045230586938,-3.5821902297731354,0.3048401344295749
2016-01-24 13:00:00,1.7279016825358071,4.561140241301612,-2.8332385587658053,0.37883107975709074
2016-01-24 14:00:00,1.589038319905599,4.296743937474678,-2.7077056175690783,0.36982383475230396
2016-01-24 15:00:00,1.5105833333333334,4.995112399793599,-3.4845290664602655,0.3024122807318113
2016-01-24 16:00:00,1.7880350087483723,4.056501236822438,-2.2684662280740655,0.44078256220352746
2016-01-24 17:00:00,0.6157400054931641,3.891851178926258,-3.276111173433094,0.1582126286912758
2016-01-24 18:00:00,0.8031783345540365,4.152160061163731,-3.348981726609695,0.1934362651542216
2016-01-24 19:00:00,1.161316670735677,4.914591578648392,-3.753274907912715,0.2362997315547148
2016-01-24 20:00:00,1.5022366536458334,4.743458505795189,-3.241221852149356,0.31669648881939566
2016-01-24 21:00:00,1.8657949829101563,5.587557457445027,-3.721762474534871,0.33391960568103257
2016-01-24 22:00:00,1.7131016845703124,6.8133783702957125,-5.1002766857254,0.25143204904617106
2016-01-24 23:00:00,1.4830216471354167,6.594974904244519,-5.111953257109102,0.22487146178235576
2016-01-25 00:00:00,1.288431660970052,5.728098702690783,-4.439667041720731,0.22493181906324505
2016-01-25 01:00:00,1.4619583129882812,5.669472506533698,-4.207514193545418,0.2578649620936462
2016-01-25 02:00:00,1.24607666015625,6.5682234306267295,-5.3221467704704795,0.189712891669605
2016-01-25 03:00:00,1.437855000813802,6.265787768715353,-4.827932767901551,0.22947713103097955
2016-01-25 04:00:00,1.284048319498698,6.20903655163166,-4.924988232132962,0.20680315034725727
2016-01-25 05:00:00,1.5231499837239582,6.393455718358281,-4.870305734634322,0.23823579153764352
2016-01-25 06:00:00,1.3995633138020833,6.593108082291898,-5.193544768489814,0.2122767132486575
2016-01-25 07:00:00,1.284001678466797,5.9615892249917914,-4.677587546524995,0.21537909272314293
2016-01-25 08:00:00,1.1920733235677083,5.880331192274696,-4.688257868706987,0.2027221400613963
2016-01-25 09:00:00,1.5274249877929686,5.98365201265036,-4.456227024857391,0.25526634646596386
2016-01-25 10:00:00,0.6000150146484375,5.9264906107644695,-5.3264755961160315,0.10124288622994046
2016-01-25 13:00:00,0.022679999848206837,6.4760066288203015,-6.4533266289720945,0.0035021582200477656
2016-01-25 14:00:00,0.0,6.456824819546152,-6.456824819546152,0.0
2016-01-25 15:00:00,0.04351000071763992,4.7944105879389465,-4.750900587221307,0.009075151141017377
2016-01-25 16:00:00,0.0,4.765500712150749,-4.765500712150749,0.0
2016-01-25 17:00:00,0.0,3.996658885570635,-3.996658885570635,0.0
2016-01-25 18:00:00,0.3658333282470703,4.515893450151937,-4.1500601219048665,0.0810101771189402
2016-01-25 19:00:00,0.5997433369954428,5.6984231249176105,-5.098679787922167,0.10524724539547317
2016-01-25 20:00:00,0.5996583455403646,8.189271165027318,-7.589612819486954,0.07322487355178015
2016-01-25 21:00:00,0.5998733317057291,6.5557652751197955,-5.955891943414066,0.09150317415761464
2016-01-25 22:00:00,0.5748600056966147,4.5041629163001735,-3.9293029106035586,0.12762859967081705
2016-01-25 23:00:00,0.5979400024414062,4.215682330539371,-3.617742328097965,0.14183706350684716
2016-01-26 00:00:00,0.599913330078125,4.045260051234256,-3.445346721156131,0.148300312583139
2016-01-26 01:00:00,0.5987699991861979,3.9820980217877207,-3.383328022601523,0.15036545959192296
2016-01-26 02:00:00,0.5998983357747396,4.530847992322369,-3.930949656547629,0.13240310352306717
2016-01-26 03:00:00,0.6000416564941407,4.58801207162325,-3.9879704151291095,0.1307846725612133
2016-01-26 04:00:00,0.558913330078125,5.211423958163391,-4.652510628085266,0.10724771858229265
2016-01-26 05:00:00,0.59779833984375,5.776599318301962,-5.178800978458212,0.1034862047554085
2016-01-26 06:00:00,0.599548329671224,6.19002680036041,-5.590478470689186,0.09685714602016192
2016-01-26 07:00:00,0.7729716593424478,6.2203983401916005,-5.447426680849153,0.12426401286041093
2016-01-26 08:00:00,2.0490233357747396,4.026947401068467,-1.9779240652937276,0.5088279363249377
2016-01-26 09:00:00,2.050044982910156,3.2939251253629047,-1.2438801424527486,0.6223714580289055
2016-01-26 10:00:00,2.05136328125,2.810259195944494,-0.7588959146944938,0.7299551885499878
2016-01-26 11:00:00,2.049761678059896,3.2051341035645136,-1.1553724255046176,0.6395244666300552
2016-01-26 12:00:00,2.0490133463541667,2.939655409659781,-0.8906420633056142,0.6970250117143179
2016-01-26 13:00:00,2.0488833211263024,4.035015542028823,-1.9861322209025207,0.5077758188996009
2016-01-26 14:00:00,2.049739949544271,3.8442124173159637,-1.7944724677716928,0.5332015318173815
2016-01-26 15:00:00,2.0515149943033855,3.882542564764408,-1.8310275704610226,0.5283947207486368
2016-01-26 16:00:00,2.054066650390625,4.218026011390983,-2.1639593610003582,0.4869734432275948
2016-01-26 17:00:00,2.052929972330729,3.761063223464636,-1.7081332511339071,0.5458376662011015
2016-01-26 18:00:00,2.0518299967447917,3.5066024111562824,-1.4547724144114906,0.5851333445208613
2016-01-26 19:00:00,2.048566650390625,4.419398208683714,-2.370831558293089,0.46353972954176853
2016-01-26 20:00:00,2.037519999186198,3.8873229141453676,-1.8498029149591697,0.5241447762860084
2016-01-26 21:00:00,2.017884989420573,5.303037856223523,-3.28515286680295,0.3805149131742346
2016-01-26 22:00:00,2.041904988606771,5.610205608169867,-3.568300619563096,0.36396259446057466
2016-01-26 23:00:00,2.0464666748046874,5.575119866957022,-3.5286531921523343,0.3670713318531172
2016-01-27 00:00:00,2.0492599894205727,4.137074291890852,-2.0878143024702793,0.4953403890854368
2016-01-27 01:00:00,2.054808349609375,3.3705581761549364,-1.3157498265455612,0.609634441009251
2016-01-27 02:00:00,2.052818318684896,4.261042581437991,-2.208224262753095,0.48176432867097124
2016-01-27 03:00:00,2.051016642252604,4.703927017631791,-2.652910375379187,0.4360222075225129
2016-01-27 04:00:00,2.052776652018229,4.931956271782176,-2.879179619763947,0.41621955647965475
2016-01-27 05:00:00,2.051385009765625,5.497287794806348,-3.445902785040723,0.37316310994372615
2016-01-27 06:00:00,2.052744974772135,4.020677607164175,-1.9679326323920399,0.5105470210082218
2016-01-27 07:00:00,2.051748311360677,4.054220881956408,-2.002472570595731,0.5060770912833402
2016-01-27 08:00:00,2.0547933349609373,4.0257779489059775,-1.9709846139450402,0.5104090093988756
2016-01-27 09:00:00,2.0807083494464553,3.6760537903979658,-1.5953454409515104,0.5660168398192019
2016-01-27 10:00:00,2.436829971512159,3.4149812834849684,-0.9781513119728094,0.7135705203705797
2016-01-27 11:00:00,2.5591966622670492,3.7347332216948836,-1.1755365594278344,0.6852421606450496
2016-01-27 12:00:00,2.4794766793648404,3.7184255426166914,-1.238948863251851,0.6668082098048437
2016-01-27 13:00:00,2.6522066345214843,4.90034759832609,-2.2481409638046057,0.5412282662208394
2016-01-27 14:00:00,2.6553016866048176,6.583965057434608,-3.9286633708297907,0.40329826532211815
2016-01-27 15:00:00,2.62032666015625,6.597183891544877,-3.9768572313886272,0.3971886646231779
2016-01-27 16:00:00,2.549271687825521,6.481171396892095,-3.931899709066574,0.393335021050048
2016-01-27 17:00:00,2.0796299947102863,5.028018944272129,-2.948388949561843,0.41360822577635287
2016-01-27 18:00:00,1.9271399841308594,5.683373649314157,-3.7562336651832973,0.3390838088506494
2016-01-27 19:00:00,2.3004749755859377,5.722509518957175,-3.422034543371237,0.40200456949264424
2016-01-27 20:00:00,2.326418347597122,4.993465381354115,-2.667047033756993,0.46589255555552683
2016-01-27 21:00:00,2.125001647949219,4.884897008982275,-2.759895361033056,0.4350146265196171
2016-01-27 22:00:00,1.9289733276367187,4.011600775299318,-2.082627447662599,0.4808487772547088
2016-01-27 23:00:00,1.7089183197021485,4.036420288926317,-2.3275019692241687,0.4233747224961845
2016-01-28 00:00:00,1.8182850138346356,4.0911139916330335,-2.272828977798398,0.44444740908058594
2016-01-28 01:00:00,1.9178450215657552,3.966005207215943,-2.048160185650188,0.48357097920001074
2016-01-28 02:00:00,1.9782449951171874,3.9427849094338048,-1.9645399143166173,0.5017379949851916
2016-01-28 03:00:00,2.2561849975585937,3.9360067658606916,-1.679821768302098,0.5732167477779299
2016-01-28 04:00:00,2.3728599955240885,4.027505358554132,-1.6546453630300433,0.5891637091144534
2016-01-28 05:00:00,2.2047083638509113,4.2151089697786635,-2.010400605927752,0.5230489602186207
2016-01-28 06:00:00,2.0952833150227868,4.097512611793596,-2.0022292967708095,0.5113549398218014
2016-01-28 07:00:00,1.9524233093261718,3.1871449617000525,-1.2347216523738807,0.6125931932147608
2016-01-28 08:00:00,1.5688866577148437,3.3934098360678417,-1.824523178352998,0.4623333854459536
2016-01-28 09:00:00,1.841406668663025,3.9488287046870365,-2.1074220360240115,0.466317180706618
2016-01-28 10:00:00,2.1322649943033856,3.346955783192448,-1.2146907888890626,0.6370759377853369
2016-01-28 11:00:00,2.161943328857422,4.95141435358824,-2.789471024730818,0.4366314702163198
2016-01-28 12:00:00,2.822760009765625,6.453067866764802,-3.630307856999177,0.4374291527761035
2016-01-28 13:00:00,3.191556650797526,7.99770144740959,-4.806144796612065,0.3990592386805402
2016-01-28 14:00:00,3.040886657714844,7.459073790925744,-4.4181871332109,0.40767617306778786
2016-01-28 15:00:00,3.2286366475423183,7.283740920390952,-4.0551042728486335,0.4432662669952602
2016-01-28 16:00:00,2.658355016609033,7.289018969361174,-4.6306639527521405,0.3647068319870235
2016-01-28 17:00:00,2.6405132954915365,7.00364741018644,-4.363134114694904,0.37701973569529607
2016-01-28 18:00:00,2.6546899820963543,5.348642605803054,-2.6939526237066995,0.49632966300947584
2016-01-28 19:00:00,2.65446831258138,4.233628753106591,-1.5791604405252109,0.6269960044639152
2016-01-28 20:00:00,2.6568066609700525,5.018013439389493,-2.36120677841944,0.529453875136151
2016-01-28 21:00:00,2.6527633972167965,4.814013202523634,-2.161249805306838,0.5510502953806082
2016-01-28 22:00:00,2.652483357747396,5.319918865606444,-2.667435507859048,0.4985947013019016
2016-01-28 23:00:00,2.6493467102050783,4.701090646469751,-2.051743936264673,0.5635600139288072
2016-01-29 00:00:00,2.6524083455403646,5.279880806656564,-2.6274724611161995,0.5023614059992346
2016-01-29 01:00:00,2.655094991048177,5.501883489708063,-2.846788498659886,0.4825792832608783
2016-01-29 02:00:00,2.655953318277995,3.6735150223923774,-1.0175617041143825,0.7230005327563095
2016-01-29 03:00:00,2.6542083028157553,3.1200814132062367,-0.4658731103904814,0.850685591594309
2016-01-29 04:00:00,2.6489900512695312,4.147022483276919,-1.4980324320073874,0.6387691559309648
2016-01-29 05:00:00,2.642770029703776,2.2110587826388004,0.43171124706497555,1.1952509134785405
2016-01-29 06:00:00,1.805835003256798,1.9583399204794547,-0.1525049172226567,0.9221254105950517
2016-01-29 07:00:00,2.6471033528645838,2.1750170629770973,0.47208628988748647,1.21704946500112
2016-01-29 08:00:00,2.6493233642578122,2.1740799052187785,0.47524345903903376,1.2185952125762414
2016-01-29 09:00:00,2.649088317871094,2.063721205068552,0.5853671128025417,1.2836464108450623
2016-01-29 10:00:00,2.0685883357922235,2.32932662045699,-0.26073828466476634,0.8880628064888504
2016-01-29 11:00:00,2.6476399943033857,2.8320728135856745,-0.18443281928228883,0.9348770912959758
2016-01-29 12:00:00,2.63304833984375,2.890150129513098,-0.2571017896693477,0.911042064201467
2016-01-29 13:00:00,2.3277916564941408,3.259742272726048,-0.9319506162319073,0.7141029755544023
2016-01-29 14:00:00,2.16641498819987,2.597531190458483,-0.4311162022586128,0.834028479102683
2016-01-29 15:00:00,2.1579166564941406,3.149568126918802,-0.9916514704246615,0.6851468422133207
2016-01-29 16:00:00,2.1634483439127603,3.899240620886947,-1.7357922769741867,0.5548383786124612
2016-01-29 17:00:00,2.1698900349934895,5.465999652465667,-3.296109617472178,0.3969795413387321
2016-01-29 18:00:00,2.1759466654459634,5.022619341947465,-2.8466726765015014,0.4332294600295678
2016-01-29 19:00:00,2.191890024820964,4.894523352486487,-2.7026333276655228,0.44782502134910707
2016-01-29 20:00:00,2.1924483337402343,4.92198280248179,-2.729534468741556,0.44544006383662
2016-01-29 21:00:00,2.185614990234375,3.9368778948632115,-1.7512629046288364,0.5551645361127755
2016-01-29 22:00:00,2.1878150024414063,5.9978455475789,-3.810030545137494,0.36476681253063326
2016-01-29 23:00:00,2.185009979248047,4.973144853727651,-2.7881348744796037,0.43936182104373245
2016-01-30 00:00:00,2.126143356323242,5.961153527335229,-3.8350101710119873,0.3566664315176053
2016-01-30 01:00:00,2.219134999593099,6.3740358365468275,-4.154900836953729,0.34815226278917955
2016-01-30 02:00:00,2.242271667480469,6.052161273471826,-3.8098896059913576,0.3704910636319161
2016-01-30 03:00:00,2.164459991455078,6.292643069106538,-4.12818307765146,0.34396675096374074
2016-01-30 04:00:00,0.8235099983215333,6.583801952553292,-5.760291954231758,0.12508122271238192
2016-01-30 05:00:00,1.9977516682942709,6.244177215942658,-4.246425547648387,0.3199383360218546
2016-01-30 06:00:00,2.592264973958333,6.168605562793292,-3.576340588834959,0.4202351645879095
2016-01-30 07:00:00,1.5382683506409327,5.661557156064511,-4.123288805423578,0.27170411041301246
2016-01-30 08:00:00,0.2794866714477539,5.635867662360129,-5.356380990912375,0.04959070868791718
2016-01-30 09:00:00,0.0,5.3092106282967135,-5.3092106282967135,0.0
2016-01-30 10:00:00,0.0,4.790279931655111,-4.790279931655111,0.0
2016-01-30 11:00:00,0.0,5.737147220858911,-5.737147220858911,0.0
2016-01-30 12:00:00,0.0,5.528928708627333,-5.528928708627333,0.0
2016-01-30 13:00:00,0.0,6.089071896754957,-6.089071896754957,0.0
2016-01-30 14:00:00,0.0,5.994421392682757,-5.994421392682757,0.0
2016-01-30 15:00:00,0.0,5.411108290494239,-5.411108290494239,0.0
2016-01-30 16:00:00,0.0,5.632237096600052,-5.632237096600052,0.0
2016-01-30 17:00:00,0.0,5.99523488125183,-5.99523488125183,0.0
2016-01-30 18:00:00,0.0,5.30497729517502,-5.30497729517502,0.0
2016-01-30 19:00:00,0.0,5.6970714492618715,-5.6970714492618715,0.0
2016-01-30 20:00:00,0.0,5.266564792947152,-5.266564792947152,0.0
2016-01-30 21:00:00,0.0,4.905722496025416,-4.905722496025416,0.0
2016-01-30 22:00:00,0.0,5.390306806649873,-5.390306806649873,0.0
2016-01-30 23:00:00,0.0,4.733502293374391,-4.733502293374391,0.0
2016-01-31 00:00:00,0.0,3.936690132929061,-3.936690132929061,0.0
2016-01-31 01:00:00,0.0,4.12941137442431,-4.12941137442431,0.0
2016-01-31 02:00:00,0.0,3.9535535768928747,-3.9535535768928747,0.0
2016-01-31 03:00:00,0.0,3.484525144293608,-3.484525144293608,0.0
2016-01-31 04:00:00,0.0,3.563565816154633,-3.563565816154633,0.0
2016-01-31 05:00:00,0.0,4.173780833331463,-4.173780833331463,0.0
2016-01-31 06:00:00,0.0,3.6864825852633913,-3.6864825852633913,0.0
2016-01-31 07:00:00,0.0,2.1169714346268367,-2.1169714346268367,0.0
2016-01-31 08:00:00,0.0,2.719153273816456,-2.719153273816456,0.0
2016-01-31 09:00:00,0.0,2.853652040203022,-2.853652040203022,0.0
2016-01-31 10:00:00,0.0,3.2616392457437544,-3.2616392457437544,0.0
2016-01-31 11:00:00,0.0,3.659280908870365,-3.659280908870365,0.0
2016-01-31 12:00:00,0.0,3.624450740254243,-3.624450740254243,0.0
2016-01-31 13:00:00,0.0,6.641081131427611,-6.641081131427611,0.0
2016-01-31 14:00:00,0.0,5.729022815936157,-5.729022815936157,0.0
2016-01-31 15:00:00,0.0,5.152711677616331,-5.152711677616331,0.0
2016-01-31 16:00:00,0.0,5.691124434410156,-5.691124434410156,0.0
2016-01-31 17:00:00,0.0,6.014636703809398,-6.014636703809398,0.0
2016-01-31 18:00:00,0.0,5.7975596494562325,-5.7975596494562325,0.0
2016-01-31 19:00:00,0.0,5.564905123352776,-5.564905123352776,0.0
2016-01-31 20:00:00,0.0,5.972783227674491,-5.972783227674491,0.0
2016-01-31 21:00:00,0.0,6.632615584731041,-6.632615584731041,0.0
2016-01-31 22:00:00,0.0,5.396289348345417,-5.396289348345417,0.0
2016-01-31 23:00:00,0.0,6.122445935065707,-6.122445935065707,0.0
2016-02-01 00:00:00,0.0,5.87126162585493,-5.87126162585493,0.0
2016-02-01 01:00:00,0.0,4.1810702534962285,-4.1810702534962285,0.0
2016-02-01 02:00:00,0.0,4.329927665371082,-4.329927665371082,0.0
2016-02-01 03:00:00,0.0,5.8657488909749755,-5.8657488909749755,0.0
2016-02-01 04:00:00,0.0,5.900343469341143,-5.900343469341143,0.0
2016-02-01 05:00:00,0.0,5.5613764817192,-5.5613764817192,0.0
2016-02-01 06:00:00,0.0,5.39151071876242,-5.39151071876242,0.0
2016-02-01 07:00:00,0.0,3.260152319562102,-3.260152319562102,0.0
2016-02-01 08:00:00,0.0,2.905498860025441,-2.905498860025441,0.0
2016-02-01 09:00:00,0.0,2.8192818506654547,-2.8192818506654547,0.0
2016-02-01 10:00:00,0.0,2.653874135332551,-2.653874135332551,0.0
2016-02-01 11:00:00,0.0,1.955641481195951,-1.955641481195951,0.0
2016-02-01 12:00:00,0.0,2.228676447283558,-2.228676447283558,0.0
2016-02-01 13:00:00,0.0,2.430526479225475,-2.430526479225475,0.0
2016-02-01 14:00:00,0.0,2.8188471452942125,-2.8188471452942125,0.0
2016-02-01 15:00:00,1.9350899883111317,2.680991870267723,-0.7459018819565912,0.7217813712049392
2016-02-01 16:00:00,2.983403350830078,3.583630188124904,-0.6002268372948261,0.8325087116176771
2016-02-01 17:00:00,2.994516632080078,3.3867852492042525,-0.3922686171241745,0.8841767079219621
2016-02-01 18:00:00,2.818958361511429,3.094950890460751,-0.2759925289493217,0.9108249084662425
2016-02-01 19:00:00,2.4496300000051656,3.0376668301684138,-0.5880368301632481,0.8064182601188536
2016-02-01 20:00:00,3.0671316713442405,3.0007526148192065,0.06637905652503395,1.0221208026937045
2016-02-01 21:00:00,2.9896017252604166,2.901609233181713,0.08799249207870341,1.0303254108349444
2016-02-01 22:00:00,2.9988399861653647,3.2618588020984762,-0.2630188159331115,0.9193653582540416
2016-02-01 23:00:00,2.999316660563151,3.0973042023633135,-0.09798754180016234,0.9683636041544141
2016-02-02 00:00:00,2.997671651204427,2.95671636642093,0.04095528478349664,1.0138516109453788
2016-02-02 01:00:00,2.9978016560872396,3.1854189357074936,-0.18761727962025398,0.9411012229766307
2016-02-02 02:00:00,2.99939833577474,3.737314422077628,-0.7379160863028882,0.8025544540904135
2016-02-02 03:00:00,2.9989200236002604,5.34295403289904,-2.3440340092987793,0.5612850129599698
2016-02-02 04:00:00,2.9991116739908854,5.12965178341365,-2.130540109422765,0.5846618446281854
2016-02-02 05:00:00,2.9751383768717448,4.934415546800518,-1.9592771699287734,0.6029363252150153
2016-02-02 06:00:00,2.991836659749349,5.216365554843554,-2.224528895094205,0.573548120486176
2016-02-02 07:00:00,3.0158066813151043,5.770006332267855,-2.754199650952751,0.522669561807875
2016-02-02 08:00:00,3.1801733093261717,5.322970189466545,-2.1427968801403736,0.5974433814450651
2016-02-02 09:00:00,3.48557334391276,5.286111190044245,-1.8005378461314852,0.6593832816981637
2016-02-02 10:00:00,3.5787166951497396,5.318655441818086,-1.7399387466683462,0.6728611646868443
2016-02-02 11:00:00,3.866638326009115,5.022199012078782,-1.1555606860696672,0.7699094195012078
2016-02-02 12:00:00,4.44207334391276,3.777477502510361,0.6645958414023991,1.1759364128471275
2016-02-02 13:00:00,4.440146626790364,4.004207496183781,0.43593913060658274,1.1088702648456794
2016-02-02 14:00:00,4.332758280436198,4.085158268590301,0.24760001184589697,1.060609649753261
2016-02-02 15:00:00,4.153034993489584,5.155639953121502,-1.0026049596319178,0.8055323938932378
2016-02-02 16:00:00,4.338250020345052,5.234954863797114,-0.8967048434520617,0.8287081996344765
2016-02-02 17:00:00,4.277618347167969,5.284917233266062,-1.0072988860980923,0.8094011993683419
2016-02-02 18:00:00,2.5345049896240237,5.200530056159062,-2.6660250665350382,0.4873551276994108
2016-02-02 19:00:00,2.032089996337891,4.646746134806052,-2.614656138468161,0.43731461486925133
2016-02-02 20:00:00,2.2913933207194006,4.089243972759604,-1.7978506520402036,0.5603464444732228
2016-02-02 21:00:00,1.5535616300503414,3.8915767156790633,-2.338015085628722,0.3992113591879305
2016-02-02 22:00:00,2.052201659758886,4.373308443626746,-2.32110678386786,0.4692560989494291
2016-02-02 23:00:00,2.3532899881998697,4.4243902861713496,-2.07110029797148,0.5318902348093463
2016-02-03 00:00:00,2.499326670328776,4.119734418497246,-1.62040774816847,0.6066717939649261
2016-02-03 01:00:00,2.2506549886067706,3.8757142831284384,-1.6250592945216678,0.5807071482034182
2016-02-03 02:00:00,1.937136672973633,4.715939906919187,-2.7788032339455544,0.41076364652812525
2016-02-03 03:00:00,2.027191660563151,4.5866531849649945,-2.5594615244018435,0.4419762251064166
2016-02-03 04:00:00,2.608618367513021,4.686211721723569,-2.0775933542105482,0.5566582396225115
2016-02-03 05:00:00,3.092508321126302,4.738004681423269,-1.645496360296967,0.6527026731846391
2016-02-03 06:00:00,3.151600016276042,5.39788223966916,-2.246282223393118,0.5838586090513167
2016-02-03 07:00:00,3.143845031738281,4.811850824856608,-1.6680057931183265,0.6533546334184138
2016-02-03 08:00:00,3.0099149780273438,4.811850824856608,-1.8019358468292639,0.6255212573255612
2016-02-03 09:00:00,3.0926699829101563,3.9173339383140084,-0.8246639554038522,0.7894833658835883
2016-02-03 10:00:00,2.391818328857422,3.090539246411358,-0.6987209175539362,0.7739161803671414
2016-02-03 11:00:00,2.0914566650390625,6.920983626428295,-4.829526961389233,0.30219066796411403
2016-02-03 12:00:00,2.477231660763423,6.437212592727488,-3.9599809319640653,0.3848298662004891
2016-02-03 13:00:00,4.266963339408238,5.956557220556273,-1.6895938811480349,0.7163472424444792
2016-02-03 14:00:00,4.501760019938152,6.306500478015852,-1.8047404580777,0.7138285386056917
2016-02-03 15:00:00,3.5324616528321053,5.653539334371707,-2.1210776815396013,0.6248230433908668
2016-02-03 16:00:00,2.3244583231608074,5.100138412505668,-2.7756800893448608,0.4557637725009927
2016-02-03 17:00:00,3.327516672770182,3.932014161650214,-0.6044974888800319,0.8462626369009992
2016-02-03 18:00:00,3.7170449727376296,4.215003901709881,-0.4979589289722517,0.8818603871825013
2016-02-03 19:00:00,2.969671661376953,4.771186644238662,-1.8015149828617085,0.6224178349767374
2016-02-03 20:00:00,2.3111599934895835,4.611093271950097,-2.299933278460514,0.5012173593513455
2016-02-03 21:00:00,3.4985466766357423,4.191513996407437,-0.6929673197716948,0.8346737430995961
2016-02-03 22:00:00,3.6031250050862624,4.906820175551276,-1.303695170465014,0.7343095683512499
2016-02-03 23:00:00,4.745506663004557,5.5212963327589,-0.7757896697543432,0.8594913906084998
2016-02-04 00:00:00,3.344243347167969,4.6798750664469635,-1.3356317192789944,0.7146009882069293
2016-02-04 01:00:00,3.519095021565755,4.559606612377682,-1.0405115908119273,0.7717979467817871
2016-02-04 02:00:00,4.888536661783855,5.001763226660359,-0.11322656487650473,0.9773626699734634
2016-02-04 03:00:00,5.538618316650391,6.640766209826872,-1.1021478931764808,0.8340330229446198
2016-02-04 04:00:00,5.84893169148763,8.463672156945028,-2.6147404654573982,0.6910631204787602
2016-02-04 05:00:00,5.897428405761718,8.595991928342354,-2.6985635225806357,0.6860672339997154
2016-02-04 06:00:00,6.359076670328776,7.767764785970992,-1.4086881156422155,0.8186494886937896
2016-02-04 07:00:00,6.830273315429688,7.231294054582154,-0.4010207391524663,0.9445437101401848
2016-02-04 08:00:00,3.6536999918619797,7.139289890386952,-3.4855898985249727,0.5117735864433357
2016-02-04 09:00:00,2.9366733398437503,7.068343924292204,-4.131670584448454,0.41546837155887506
2016-02-04 10:00:00,3.1502833233674368,6.836600430003159,-3.6863171066357223,0.4607967593867382
2016-02-04 11:00:00,4.520074951171875,5.633404336057467,-1.113329384885592,0.8023700557477196
2016-02-04 12:00:00,3.632851684570313,5.52638654901677,-1.8935348644464574,0.6573647450008095
2016-02-04 13:00:00,5.414056621501843,5.434151349427207,-0.02009472792536382,0.9963021405490515
2016-02-04 14:00:00,6.872683329264324,5.265166391069202,1.607516938195122,1.305311706942785
2016-02-04 15:00:00,4.998026723225912,4.045983881169414,0.9520428420564979,1.235305643823111
2016-02-04 16:00:00,2.764069989522298,3.344974224103681,-0.5809042345813831,0.8263352134687848
2016-02-04 17:00:00,2.594334982554118,2.6458470349587313,-0.05151205240461332,0.9805309786529602
2016-02-04 18:00:00,3.606350026448568,2.9178354584814943,0.6885145679670739,1.235967578626038
2016-02-04 19:00:00,4.712125,3.2753274876032417,1.4367975123967587,1.4386729320456904
2016-02-04 20:00:00,2.956353347182274,3.1371145329834587,-0.1807611858011846,0.9423797939473771
2016-02-04 21:00:00,1.3796433334350586,3.110549474020889,-1.7309061405858304,0.44353685577347407
2016-02-04 22:00:00,2.1265633443196617,3.7864238472374265,-1.6598605029177649,0.5616284468182825
2016-02-04 23:00:00,2.639353327433268,4.799466485905612,-2.1601131584723445,0.5499264001913845
2016-02-05 00:00:00,2.53892165629069,4.561373526030474,-2.022451869739784,0.5566134064228196
2016-02-05 01:00:00,3.121296681722005,4.363197853795653,-1.2419011720736481,0.7153690449784926
2016-02-05 02:00:00,2.0530800069173174,4.203832396831259,-2.1507523899139414,0.48838293564340873
2016-02-05 03:00:00,2.0226783396402994,4.109733057033853,-2.087054717393553,0.49216781517681873
2016-02-05 04:00:00,2.8287699890136717,4.246156179749013,-1.4173861907353413,0.6661954646192213
2016-02-05 05:00:00,2.105393325805664,4.802881551433649,-2.697488225627985,0.4383604515870705
2016-02-05 06:00:00,4.155156646728516,4.997783414250568,-0.8426267675220522,0.8313999031811973
2016-02-05 07:00:00,4.480176635742188,5.459503385153329,-0.9793267494111406,0.82061981093842
2016-02-05 08:00:00,3.4083633015950525,6.001577341379073,-2.59321403978402,0.5679112519462861
2016-02-05 09:00:00,3.6159183146158855,7.567592352330922,-3.9516740377150366,0.4778162123785821
2016-02-05 10:00:00,3.951590016682943,7.698241695745435,-3.746651679062492,0.5133107237808416
2016-02-05 11:00:00,4.785764994303385,6.491024797129978,-1.7052598028265935,0.7372895873729248
2016-02-05 12:00:00,5.926696655273437,5.7269753811140856,0.19972127415935148,1.0348737790663418
2016-02-05 13:00:00,4.700779998779296,5.432901921810631,-0.7321219230313343,0.8652429339664319
2016-02-05 14:00:00,3.016216644287109,5.614752927396969,-2.59853628310986,0.5371949012341393
2016-02-05 15:00:00,5.590770039876302,6.004618685377885,-0.4138486455015826,0.9310782803728463
2016-02-05 16:00:00,5.701681620279948,6.254116458876475,-0.5524348385965272,0.9116686038341266
2016-02-05 17:00:00,5.818101684570312,6.86360183752758,-1.0455001529572678,0.8476747081625761
2016-02-05 18:00:00,5.830841674804688,6.013125071614554,-0.18228339680986583,0.9696857466560359
2016-02-05 19:00:00,5.955143371582031,5.877435946957801,0.07770742462423019,1.0132213137370645
2016-02-05 20:00:00,5.952909973144531,5.532169085433733,0.42074088771079854,1.0760535119612693
2016-02-05 21:00:00,5.801416666666666,6.142237945299792,-0.3408212786331255,0.9445118730878976
2016-02-05 22:00:00,5.295364990234376,6.4126470801081155,-1.11728208987374,0.8257689724825925
2016-02-05 23:00:00,4.791738352457682,6.58444319464736,-1.7927048421896776,0.7277363037094758
2016-02-06 00:00:00,4.2536266377766925,6.584528183884188,-2.330901546107495,0.6460032547491497
2016-02-06 01:00:00,2.9066833292643226,5.684788173600117,-2.778104844335794,0.5113089952520694
2016-02-06 02:00:00,2.5190583801269533,3.814157184837104,-1.2950988047101508,0.6604495457453303
2016-02-06 03:00:00,1.9895866470336914,3.192233787362323,-1.2026471403286318,0.6232584389370948
2016-02-06 04:00:00,1.6719483184814452,1.9716218378688357,-0.2996735193873905,0.8480065935406186
2016-02-06 05:00:00,3.6557683105468746,3.0627619500664314,0.5930063604804432,1.1936181688777938
2016-02-06 06:00:00,5.231101725260417,5.635888602005757,-0.40478687674534,0.9281769202107223
2016-02-06 07:00:00,5.214863321940104,7.18577098718506,-1.9709076652449555,0.7257207794737924
2016-02-06 08:00:00,5.392175008138021,7.3026031563012195,-1.9104281481631986,0.7383908029406279
2016-02-06 09:00:00,6.001036682128906,7.529765764203196,-1.5287290820742898,0.7969752141106529
2016-02-06 10:00:00,6.110110024929046,8.367877901206667,-2.2577678762776205,0.7301863264577456
2016-02-06 11:00:00,6.598128342688083,8.149122012098083,-1.5509936694099995,0.8096735246929161
2016-02-06 12:00:00,6.736400034586588,8.082637487493802,-1.3462374529072134,0.8334408223812789
2016-02-06 13:00:00,6.73057334391276,8.140217446311974,-1.4096441023992137,0.8268296747972168
2016-02-06 14:00:00,6.7222333170572925,7.5793407085622935,-0.8571073915050009,0.8869153103862006
2016-02-06 15:00:00,6.726531656901042,7.33486718956373,-0.6083355326626885,0.9170625020275422
2016-02-06 16:00:00,6.711426645914714,6.823799833245299,-0.11237318733058466,0.9835321682820902
2016-02-06 17:00:00,6.71839165242513,6.809489795230184,-0.09109814280505368,0.9866218842314934
2016-02-06 18:00:00,6.7270249633789065,7.333517583326914,-0.6064926199480078,0.9172985387903213
2016-02-06 19:00:00,6.723653350830078,6.96376348919726,-0.2401101383671813,0.9655200612801312
2016-02-06 20:00:00,6.690441660563151,7.071241408419392,-0.3807997478562415,0.9461481052813667
2016-02-06 21:00:00,5.230936635335287,6.990727212758993,-1.759790577423706,0.7482678805987655
2016-02-06 22:00:00,4.973956690470377,6.634858465115344,-1.6609017746449668,0.7496703534253775
2016-02-06 23:00:00,2.9059650166829427,5.801755338470681,-2.895790321787738,0.500876863492307
2016-02-07 00:00:00,4.565878336588542,4.476110055969617,0.08976828061892483,1.0200549761950568
2016-02-07 01:00:00,4.528048329671224,6.26380177197506,-1.735753442303836,0.72289138362108
2016-02-07 02:00:00,4.124111684163411,5.586685305206333,-1.4625736210429219,0.738203685881515
2016-02-07 03:00:00,4.212834981282551,6.150349864297138,-1.937514883014587,0.6849748509004526
2016-02-07 04:00:00,4.088201680501303,6.024057787468713,-1.9358561069674103,0.6786458272371836
2016-02-07 05:00:00,5.092006683349609,5.732823425885926,-0.6408167425363169,0.8882196964862409
2016-02-07 06:00:00,4.79159662882487,6.054877994898432,-1.2632813660735627,0.7913613838069162
2016-02-07 07:00:00,4.974041687011719,6.263562708288695,-1.2895210212769754,0.7941233956881237
2016-02-07 08:00:00,6.534289906819661,6.6477372276546625,-0.11344732083500109,0.9829344456692634
2016-02-07 09:00:00,6.345100056966146,7.6977449658322525,-1.3526449088661066,0.8242803684884273
2016-02-07 10:00:00,7.038174987792969,7.782086434413619,-0.7439114466206505,0.9044071981350713
2016-02-07 11:00:00,5.807163383801778,8.18794624643232,-2.380782862630542,0.7092332080626561
2016-02-07 12:00:00,7.192261657714844,7.533893320563007,-0.3416316628481635,0.9546540349973215
2016-02-07 13:00:00,7.2575366414388025,7.735484617244577,-0.4779479758057743,0.9382135703895922
2016-02-07 14:00:00,7.27562831624349,8.072927202049735,-0.7972988858062449,0.9012379443228711
2016-02-07 15:00:00,7.279853366017341,7.424660096359754,-0.1448067303424132,0.9804965172192313
2016-02-07 16:00:00,6.767005045572917,7.510097637614921,-0.7430925920420037,0.9010542035671859
2016-02-07 17:00:00,7.668885039170583,7.8365723298736265,-0.16768729070304378,0.9786019596777271
2016-02-07 18:00:00,7.928755025227864,7.477553715233763,0.4512013099941008,1.0603407647978353
2016-02-07 19:00:00,7.9089615885416675,7.20958459888503,0.6993769896566375,1.09700655843123
2016-02-07 20:00:00,7.8943900248209635,7.711148991296321,0.18324103352464238,1.0237631296881267
2016-02-07 21:00:00,7.892203358968099,7.813023541480024,0.07917981748807534,1.0101343375029785
2016-02-07 22:00:00,6.126453336457412,6.762702722897883,-0.636249386440471,0.9059178833506625
2016-02-07 23:00:00,7.886898325602214,7.383070796255043,0.5038275293471708,1.0682409180747299
2016-02-08 00:00:00,7.4025433756510415,7.844921791564699,-0.4423784159136579,0.9436095823938834
2016-02-08 01:00:00,7.44129828898112,7.834354394528752,-0.3930561055476325,0.949829164503698
2016-02-08 02:00:00,7.93083501180013,7.613887466503914,0.31694754529621605,1.041627558417507
2016-02-08 03:00:00,7.957264963785807,7.853813018752955,0.10345194503285171,1.0131721935301787
2016-02-08 04:00:00,7.95364008585612,8.097320092271318,-0.14368000641519796,0.9822558569035282
2016-02-08 05:00:00,7.935694997151693,8.27975269167926,-0.3440576945275673,0.9584458971977112
2016-02-08 06:00:00,7.937096669514974,8.142132501636151,-0.20503583212117782,0.9748179199884089
2016-02-08 07:00:00,8.08198329671224,8.052986563169467,0.028996733542772546,1.0036007428194889
2016-02-08 08:00:00,8.38300996907552,7.960918833859546,0.4220911352159735,1.0530204043056848
2016-02-08 09:00:00,8.451710001627603,7.881551298002115,0.5701587036254878,1.0723409240221549
2016-02-08 10:00:00,8.277860056559245,8.097764004908202,0.18009605165104325,1.0222402198362268
2016-02-08 11:00:00,8.54303330485026,8.229731500394642,0.3133018044556177,1.038069504994251
2016-02-08 12:00:00,9.140976643880208,8.74340899065335,0.39756765322685794,1.0454705542943097
2016-02-08 13:00:00,8.53615330616633,9.283108842324106,-0.7469555361577758,0.9195360574948543
2016-02-08 14:00:00,9.348699890136718,9.11312181402393,0.23557807611278747,1.0258504254546739
2016-02-08 15:00:00,9.389051717122396,9.279364104796956,0.10968761232543933,1.0118205957958624
2016-02-08 16:00:00,9.386289957682292,9.50831164413375,-0.12202168645145761,0.9871668398114885
2016-02-08 17:00:00,9.38679667154948,10.174966931932213,-0.7881702603827332,0.9225382976027952
2016-02-08 18:00:00,9.380346618652345,9.195229443558471,0.1851171750938736,1.0201318712306362
2016-02-08 19:00:00,9.362863342285156,9.325907882138653,0.03695546014650297,1.0039626662211925
2016-02-08 20:00:00,9.38828163655599,9.284307742837008,0.10397389371898136,1.0111988848925435
2016-02-08 21:00:00,9.39535333251953,8.98530803176341,0.41004530075612067,1.0456350855537277
2016-02-08 22:00:00,9.341126647949219,8.804146830679871,0.5369798172693478,1.0609916926189975
2016-02-08 23:00:00,9.660749959309895,8.91466425789771,0.7460857014121842,1.0836919574117678
2016-02-09 00:00:00,8.645021636962891,8.84546776398299,-0.20044612702009879,0.9773391150848714
2016-02-09 01:00:00,6.794646687825521,8.257309890819545,-1.4626632029940243,0.8228644410426924
2016-02-09 02:00:00,7.501858327229817,8.08362281423351,-0.5817644870036922,0.9280317129617514
2016-02-09 03:00:00,8.474069997151693,7.631244209346917,0.8428257878047756,1.1104440854837883
2016-02-09 04:00:00,7.131544962565105,6.188045126019062,0.9434998365460432,1.1524713891595393
2016-02-09 05:00:00,4.940336700439453,6.007944837314627,-1.0676081368751733,0.822300609312458
2016-02-09 06:00:00,3.896679977416992,4.305939559410228,-0.40925958199323587,0.9049546385065166
2016-02-09 07:00:00,4.4141666819254555,3.318862783786717,1.0953038981387384,1.3300238574157113
2016-02-09 08:00:00,2.421458349863688,2.1937678419751294,0.2276905078885587,1.103789700775065
2016-02-09 09:00:00,1.3249066640138625,2.0569492473554765,-0.732042583341614,0.6441124717672219
2016-02-09 10:00:00,1.8557216565907,1.9265217075046712,-0.07080005091397124,0.9632498037067669
2016-02-09 11:00:00,2.830979975303014,3.517282970365791,-0.686302995062777,0.8048769459707694
2016-02-09 12:00:00,5.145728324572246,4.505659636567198,0.6400686880050479,1.1420588192704026
2016-02-09 13:00:00,6.596481732686361,6.088750152028365,0.5077315806579961,1.083388473493013
2016-02-09 14:00:00,5.547460029602051,6.322203252283366,-0.7747432226813151,0.8774567675593941
2016-02-09 15:00:00,6.411141696770986,6.38940772154202,0.02173397522896625,1.0034015633648936
2016-02-09 16:00:00,6.575193318684895,6.2236910930295535,0.3515022256553415,1.0564780964223979
2016-02-09 17:00:00,7.551403299967449,4.978290003061961,2.573113296905488,1.5168668951231974
2016-02-09 18:00:00,6.289236694335937,5.256100901299782,1.0331357930361547,1.1965593531091974
2016-02-09 19:00:00,6.136541661580403,5.242109388866324,0.894432272714079,1.1706244960499597
2016-02-09 20:00:00,6.68765501912435,5.83899999409467,0.8486550250296796,1.1453425288384955
2016-02-09 21:00:00,6.4265099690755205,5.666388842022179,0.7601211270533419,1.1341455992953133
2016-02-09 22:00:00,6.211759938557943,5.06351588386338,1.1482440546945636,1.2267681352306674
2016-02-09 23:00:00,5.881298324584961,5.780872559039877,0.10042576554508376,1.0173720774017136
2016-02-10 00:00:00,7.212986694335938,6.006289072651355,1.206697621684583,1.200905685205709
2016-02-10 01:00:00,6.43897004699707,5.989453344015708,0.44951670298136204,1.0750513740006826
2016-02-10 02:00:00,5.262391672770182,6.1033345009267705,-0.8409428281565887,0.8622158382390979
2016-02-10 03:00:00,6.258098317464192,6.242525284991314,0.015573032472878445,1.002494668705679
2016-02-10 04:00:00,6.123071706136068,6.197730356382687,-0.07465865024661866,0.987953872473698
2016-02-10 05:00:00,5.2111200358072916,5.978574603034663,-0.7674545672273716,0.8716325180858628
2016-02-10 06:00:00,4.598126698811849,5.037875759469015,-0.43974906065716635,0.9127114121798996
2016-02-10 07:00:00,2.8619633127848307,3.58393944810554,-0.7219761353207095,0.7985523623446418
2016-02-10 08:00:00,2.035716672261556,2.96064870752317,-0.9249320352616142,0.6875914278815615
2016-02-10 09:00:00,1.538751665751139,2.5103923379933692,-0.9716406722422302,0.6129526618062852
2016-02-10 10:00:00,1.3416383221944173,3.715233878680717,-2.3735955564862996,0.36111813307183616
2016-02-10 11:00:00,2.518161669413249,3.3010957201548283,-0.7829340507415794,0.7628260077520993
2016-02-10 12:00:00,4.108694976806641,2.9485925370980555,1.1601024397085853,1.3934427782450858
2016-02-10 13:00:00,3.7340216776529944,3.701131970483419,0.03288970716957529,1.0088863913613109
2016-02-10 14:00:00,5.2797366180419925,4.25942458205964,1.0203120359823528,1.2395422236796554
2016-02-10 15:00:00,5.014905029296875,5.211296436315109,-0.19639140701823443,0.9623142898474027
2016-02-10 16:00:00,3.828055025736491,3.304575475677732,0.523479550058759,1.15841052925305
2016-02-10 17:00:00,3.4895483347574867,2.7295437916724805,0.7600045430850062,1.2784364718396135
2016-02-10 18:00:00,4.536028345743815,2.362197461829233,2.1738308839145817,1.9202579035163365
2016-02-10 19:00:00,4.568355021158855,2.5950158841292112,1.9733391370296434,1.7604343191493879
2016-02-10 20:00:00,3.613230005900065,2.7218972060612523,0.8913327998388128,1.3274674730015334
2016-02-10 21:00:00,2.947251660664876,2.7727020521736594,0.1745496084912168,1.0629528904320529
2016-02-10 22:00:00,4.648295003255209,2.4654240701382726,2.182870933116936,1.8853936973992917
2016-02-10 23:00:00,5.238748362223307,2.6859785114995423,2.5527698507237644,1.9504059097250896
2016-02-11 00:00:00,3.435593338012695,2.998338796478335,0.4372545415343603,1.1458322662028497
2016-02-11 01:00:00,2.4687749989827474,2.8709748171810663,-0.40219981819831885,0.8599082737363652
2016-02-11 02:00:00,3.196876660664876,3.0425190128223853,0.15435764784249084,1.0507335031242093
2016-02-11 03:00:00,2.3688349838256837,2.784194768186918,-0.4153597843612342,0.8508151121080805
2016-02-11 04:00:00,3.122381657918294,2.54717591117304,0.575205746745254,1.225820974602558
2016-02-11 05:00:00,2.1522233174641925,1.9460708745533706,0.2061524429108219,1.1059326490142012
2016-02-11 06:00:00,1.4645416641235351,1.7722080909945424,-0.3076664268710072,0.8263937353438284
2016-02-11 07:00:00,1.6776683451334637,1.0752151664522482,0.6024531786812155,1.560309412923419
2016-02-11 08:00:00,0.9160383348464967,1.122148286828761,-0.20610995198226445,0.8163255655233054
2016-02-11 09:00:00,0.3965633281270663,1.7171700131002747,-1.3206066849732085,0.2309400496757387
2016-02-11 10:00:00,0.01333833363155524,0.5244373148608767,-0.5110989812293215,0.025433609038848896
2016-02-11 11:00:00,0.0,0.41024288893304794,-0.41024288893304794,0.0
2016-02-11 12:00:00,0.0,0.38566445895696017,-0.38566445895696017,0.0
2016-02-11 13:00:00,0.0,0.5478354186815297,-0.5478354186815297,0.0
2016-02-11 14:00:00,0.09143333161622286,0.49806480618096505,-0.4066314745647422,0.18357717807309157
2016-02-11 15:00:00,0.02349933393796285,1.0025283968068386,-0.9790290628688757,0.023440068144514183
2016-02-11 16:00:00,0.021410000237325828,0.3594679946901554,-0.3380579944528296,0.05956024055988697
2016-02-11 17:00:00,0.5925166610081991,0.3983838043359468,0.19413285667225233,1.4873010763975363
2016-02-11 18:00:00,1.243809992214044,0.7956259135243975,0.4481840786896465,1.5633100569893683
2016-02-11 19:00:00,1.5025799987812838,1.0635856291919479,0.4389943695893359,1.4127494369427114
2016-02-11 20:00:00,1.5107233225504557,1.343237269253511,0.16748605329694466,1.1246883608210358
2016-02-11 21:00:00,1.3736716766357422,1.3643466086768803,0.009325067958861899,1.0068348232769861
2016-02-11 22:00:00,1.3207916666666666,1.8496999199190165,-0.5289082532523499,0.7140572654209194
2016-02-11 23:00:00,1.3013299992879233,1.8961556292827302,-0.5948256299948069,0.686299151394121
2016-02-12 00:00:00,0.928983341217041,1.997258009144815,-1.0682746679277741,0.4651293608354649
2016-02-12 01:00:00,1.1786783281962077,1.986223461508975,-0.8075451333127674,0.5934268480046758
2016-02-12 02:00:00,1.8746200002034503,2.1787187442385982,-0.3040987440351479,0.860423129493283
2016-02-12 03:00:00,0.8902599995930989,2.187877722807197,-1.2976177232140982,0.40690573806420693
2016-02-12 04:00:00,1.1293283284505207,1.4456439721434615,-0.31631564369294085,0.7811939524612422
2016-02-12 05:00:00,0.9633249944051108,1.5249822284087644,-0.5616572340036536,0.6316958823908969
2016-02-12 06:00:00,0.7877966601053874,1.2748924866087898,-0.48709582650340244,0.6179318400416055
2016-02-12 07:00:00,0.15012500017384686,1.0904768002654095,-0.9403518000915626,0.13766913714928017
2016-02-12 08:00:00,0.07579833334684372,1.3042434304023418,-1.228445097055498,0.05811670703486767
2016-02-12 09:00:00,0.22975166753927867,1.565289424446407,-1.3355377569071285,0.14677903265112424
2016-02-12 10:00:00,0.2398816679318746,1.3818270387910452,-1.1419453708591707,0.1735974627777917
2016-02-12 11:00:00,0.3550383313894272,1.5242964441832205,-1.1692581127937933,0.23291947753618952
2016-02-12 12:00:00,0.9077033411661783,0.9965238053170271,-0.08882046415084877,0.9108697015796907
2016-02-12 13:00:00,1.0720999972025553,1.0634941961876403,0.008605801014915038,1.0080920056223763
2016-02-12 14:00:00,0.6886416683197021,1.0249345450856557,-0.33629287676595365,0.671888435824115
2016-02-12 15:00:00,1.0995516668955485,1.5280700188969552,-0.42851835200140664,0.7195689027975729
2016-02-12 16:00:00,1.5510699996948243,1.355043340101602,0.1960266595932223,1.144664494331616
2016-02-12 17:00:00,0.9686600017547609,0.9060979106300446,0.06256209112471622,1.0690456190117628
2016-02-12 18:00:00,0.36958666161696124,0.7961786947252592,-0.4265920331082979,0.46420064247573983
2016-02-12 19:00:00,0.7710500017801921,1.013002711916494,-0.24195271013630182,0.7611529492566186
2016-02-12 20:00:00,0.8189983364741008,1.304909354453845,-0.48591101797974423,0.6276285273599584
2016-02-12 21:00:00,2.1551266632080077,1.5350104332115369,0.6201162299964709,1.4039817688398823
2016-02-12 22:00:00,2.2546049931844077,1.322937656470566,0.9316673367138417,1.7042413012865738
2016-02-12 23:00:00,2.154008344014486,1.493031705096592,0.6609766389178939,1.4427077045059347
2016-02-13 00:00:00,1.7043133277893066,1.6747721045129178,0.02954122327638875,1.017638951112683
2016-02-13 01:00:00,2.829385014851888,2.001267661210527,0.8281173536413609,1.4137963999980139
2016-02-13 02:00:00,2.0692216618855794,2.14693602497675,-0.07771436309117075,0.9638021989537334
2016-02-13 03:00:00,0.650168335278829,1.9013103814610361,-1.2511420461822071,0.3419580209619515
2016-02-13 04:00:00,1.9666916707356772,2.1314978583348734,-0.16480618759919619,0.922680575561102
2016-02-13 05:00:00,2.424273345947266,2.5893415702070444,-0.16506822425977852,0.936250888581463
2016-02-13 06:00:00,3.195486633300781,2.5548342256617,0.6406524076390809,1.2507608521931213
2016-02-13 07:00:00,3.8864383239746094,2.5325826213943228,1.3538557025802866,1.5345751373098013
2016-02-13 08:00:00,5.170666656494141,4.401291810747823,0.7693748457463174,1.1748065974329462
2016-02-13 09:00:00,4.847436635335287,4.63993609072941,0.2075005446058764,1.0447205609190313
2016-02-13 10:00:00,4.350873311360677,5.676425219363567,-1.3255519080028906,0.7664812171785275
2016-02-13 11:00:00,4.13558837890625,6.015665303357336,-1.8800769244510862,0.6874698259223602
2016-02-13 12:00:00,4.549168309529622,6.163379212396839,-1.6142109028672165,0.7380964488408501
2016-02-13 13:00:00,5.181419962565104,5.712118145258567,-0.5306981826934631,0.9070925759590639
2016-02-13 14:00:00,3.6816549733479818,5.226652345879994,-1.5449973725320119,0.7044002029808076
2016-02-13 15:00:00,2.790248341878255,4.6297437325215665,-1.8394953906433114,0.6026787880888951
2016-02-13 16:00:00,1.605330000559489,3.6933689859627608,-2.088038985403272,0.43465194153652187
2016-02-13 17:00:00,3.047403340657552,2.8811088420854776,0.16629449857207446,1.0577189227088355
2016-02-13 18:00:00,3.3723450012207032,3.028688331391423,0.3436566698292802,1.1134671620936973
2016-02-13 19:00:00,2.634671661376953,3.226247903951948,-0.5915762425749946,0.8166364581437305
2016-02-13 20:00:00,2.748988337198893,2.6086485649788105,0.14033977222008254,1.0537978837410866
2016-02-13 21:00:00,2.4983083470662435,2.6086485649788105,-0.11034021791256698,0.9577021529868424
2016-02-13 22:00:00,1.8240983301798503,1.732118950548869,0.09197937963098135,1.0531022304223594
2016-02-13 23:00:00,1.9912150065104168,1.812426348536972,0.1787886579734448,1.0986460267021425
2016-02-14 00:00:00,0.9723283335367838,1.9692703434000292,-0.9969420098632453,0.49375055933560524
2016-02-14 01:00:00,1.2286200040181479,2.519506561902408,-1.29088655788426,0.4876431054382536
2016-02-14 02:00:00,1.7537150052388508,2.519506561902408,-0.7657915566635571,0.6960549465347177
2016-02-14 03:00:00,2.636973327636719,2.9319048986879976,-0.29493157105127876,0.8994061604169842
2016-02-14 04:00:00,1.3413083318074546,3.068598271636139,-1.7272899398286845,0.43710783004915316
2016-02-14 05:00:00,2.6648966573079425,2.9917141034168258,-0.3268174461088833,0.8907591317848098
2016-02-14 06:00:00,2.382304987589518,3.007620799890717,-0.6253158123011988,0.792089543893326
2016-02-14 07:00:00,2.0121216684977212,2.716850907646937,-0.7047292391492159,0.7406080557583554
2016-02-14 08:00:00,4.6191266148885095,3.458511446721629,1.1606151681668804,1.3355822833164377
2016-02-14 09:00:00,4.956388341267904,4.155023899546832,0.8013644417210726,1.192866385632216
2016-02-14 10:00:00,6.831268346150716,6.210121108648221,0.6211472375024947,1.1000217590986243
2016-02-14 11:00:00,8.046284942626952,6.975694525237683,1.070590417389269,1.1534743835923336
2016-02-14 12:00:00,7.359731669108073,6.896105149283163,0.4636265198249099,1.0672301987554675
2016-02-14 13:00:00,7.539706665039063,6.8375181002540755,0.7021885647849873,1.1026964103771653
2016-02-14 14:00:00,7.721308329264323,6.648811003704198,1.072497325560125,1.161306634368553
2016-02-14 15:00:00,6.874789998372395,6.464368852281591,0.4104211460908038,1.0634897474864768
2016-02-14 16:00:00,5.899480000813802,5.032626575547563,0.866853425266239,1.1722467209226473
2016-02-14 17:00:00,5.186878336588542,4.716702143548826,0.47017619303971614,1.099683248746752
2016-02-14 18:00:00,5.398148284912109,4.371941571533254,1.0262067133788548,1.2347256239792246
2016-02-14 19:00:00,5.8919332987467445,5.765848344257289,0.12608495448945511,1.0218675461027402
2016-02-14 20:00:00,5.693948364257812,5.811359220418189,-0.11741085616037683,0.9797963175726851
2016-02-14 21:00:00,5.202310017903646,5.385352505769416,-0.1830424878657695,0.9660110479918124
2016-02-14 22:00:00,6.760025004069011,5.298080798931444,1.4619442051375664,1.2759384502841902
2016-02-14 23:00:00,6.071878346761068,5.31944889880202,0.7524294479590479,1.1414487594999738
2016-02-15 00:00:00,5.342518290201822,4.8277151923520965,0.5148030978497253,1.1066349354380431
2016-02-15 01:00:00,4.458591634114583,5.030470552042287,-0.5718789179277035,0.8863170130882626
2016-02-15 02:00:00,3.7796466674804687,5.1016036522378005,-1.3219569847573318,0.7408742280130954
2016-02-15 03:00:00,4.540176656087239,4.625694406652996,-0.0855177505657565,0.9815124513104976
2016-02-15 04:00:00,4.217423370361328,4.865475659406406,-0.6480522890450775,0.8668059745007253
2016-02-15 05:00:00,5.340031667073569,4.933284816147236,0.406746850926333,1.0824494968534963
2016-02-15 06:00:00,4.576306630452474,6.166237514103516,-1.589930883651042,0.7421554262198744
2016-02-15 07:00:00,2.893663315018018,3.854892573442855,-0.961229258424837,0.7506469401905147
2016-02-15 08:00:00,2.531560017903646,4.007495071555082,-1.4759350536514364,0.6317063334331914
2016-02-15 09:00:00,2.843940002441406,3.9051364912867834,-1.0611964888453773,0.7282562360590623
2016-02-15 10:00:00,3.8202583821614584,4.9171022685613,-1.0968438863998418,0.7769328709283144
2016-02-15 11:00:00,3.592220001220703,5.023543796903879,-1.4313237956831761,0.7150768752995977
2016-02-15 12:00:00,4.196084991455078,5.316823088449598,-1.1207380969945202,0.7892090674543526
2016-02-15 13:00:00,4.291928334554036,4.122312193012078,0.16961614154195814,1.0411458748392424
2016-02-15 14:00:00,3.6656849873860677,3.9957997982884748,-0.330114810902407,0.9173845468825026
2016-02-15 15:00:00,2.890896657307943,4.92466611752559,-2.0337694602176475,0.5870238891972803
2016-02-15 16:00:00,1.3182516682942707,3.707760613870058,-2.389508945575787,0.3555385057392678
2016-02-15 17:00:00,2.1812283147573472,2.346505589002542,-0.16527727424519467,0.9295645085953317
2016-02-15 18:00:00,2.299991662998994,3.099245603227978,-0.7992539402289842,0.7421133906275347
2016-02-15 19:00:00,3.0584883092244466,4.046442730262951,-0.9879544210385047,0.7558461871584912
2016-02-15 20:00:00,2.5895050101280215,3.7245831623820704,-1.135078152254049,0.6952469302556515
2016-02-15 21:00:00,2.574681655883789,2.721856375892195,-0.14717472000840592,0.9459285503408814
2016-02-15 22:00:00,2.2192116622924805,0.779965411950462,1.4392462503420185,2.845269326421656
2016-02-15 23:00:00,1.9963083508809405,1.0336905471111733,0.9626178037697672,1.9312436942177413
2016-02-16 00:00:00,0.7818066737850508,1.219367617617807,-0.43756094383275623,0.6411574840017579
2016-02-16 01:00:00,0.3312999998728434,0.9201936470012331,-0.5888936471283897,0.36003291367257123
2016-02-16 02:00:00,0.08312666542331379,0.44550910184493075,-0.36238243642161694,0.18658802946802164
2016-02-16 03:00:00,0.0,0.6876810265394399,-0.6876810265394399,0.0
2016-02-16 04:00:00,0.0,0.630529113988406,-0.630529113988406,0.0
2016-02-16 05:00:00,0.1802399997909864,0.5570787303172793,-0.3768387305262929,0.32354493176993543
2016-02-16 06:00:00,0.9596683292388917,1.2704739821576863,-0.3108056529187946,0.7553624416684681
2016-02-16 07:00:00,2.633559992472331,1.3717795187533708,1.2617804737189602,1.919812882806142
2016-02-16 08:00:00,4.245985003153484,3.904232453603705,0.34175254954977863,1.0875338632140954
2016-02-16 09:00:00,3.112356648763021,4.460350693308201,-1.34799404454518,0.6977829464020496
2016-02-16 10:00:00,2.8719416783650717,3.5774409853205418,-0.70549930695547,0.8027921886481499
2016-02-16 11:00:00,6.422776702880859,3.9547811948636795,2.4679955080171796,1.6240536167266393
2016-02-16 12:00:00,7.413496724446615,4.733153470693245,2.68034325375337,1.5662912200818182
2016-02-16 13:00:00,7.2768083190917965,6.224804387321623,1.052003931770174,1.1690019262151987
2016-02-16 14:00:00,9.68271836344401,7.524957374362611,2.1577609890813996,1.2867472706799445
2016-02-16 15:00:00,9.17155997721354,8.071650027267069,1.099909949946472,1.136268290402933
2016-02-16 16:00:00,8.969560048421224,6.926433352602958,2.043126695818266,1.2949752912948276
2016-02-16 17:00:00,7.400544942220053,6.539457297367557,0.8610876448524962,1.1316757042207655
2016-02-16 18:00:00,6.873995025634765,6.763767331375169,0.11022769425959655,1.0162967897710322
2016-02-16 19:00:00,7.189116668701172,6.95117091859609,0.2379457501050819,1.0342310314178176
2016-02-16 20:00:00,7.28367339070638,7.457562413830432,-0.17388902312405197,0.9766828605012322
2016-02-16 21:00:00,9.31913666788737,7.6562994698656155,1.6628371980217551,1.2171854960175612
2016-02-16 22:00:00,10.029024963378907,8.17765540948233,1.8513695538965766,1.2263936863553626
2016-02-16 23:00:00,9.78882666015625,9.353252870676998,0.4355737894792515,1.0465692305662773
2016-02-17 00:00:00,9.384110046386718,9.354522169463124,0.029587876923594436,1.0031629490408587
2016-02-17 01:00:00,9.775983317057293,9.311258428043098,0.4647248890141942,1.0499099979455584
2016-02-17 02:00:00,9.040231679280598,9.359509036761168,-0.3192773574805692,0.9658873818886707
2016-02-17 03:00:00,7.013788330078125,8.42662168395647,-1.4128333538783444,0.8323369190089247
2016-02-17 04:00:00,7.773190012613932,6.622676798070608,1.1505132145433237,1.1737232918989047
2016-02-17 05:00:00,7.8142882995605465,6.369116613896627,1.4451716856639196,1.226903002923629
2016-02-17 06:00:00,8.208391682942707,5.591865610844933,2.6165260720977743,1.4679164797922273
2016-02-17 07:00:00,7.533815012613933,5.357340720579337,2.1764742920345954,1.406260196159268
2016-02-17 08:00:00,8.099583272298176,5.240842680734914,2.8587405915632615,1.5454734602265117
2016-02-17 09:00:00,6.3789250335693355,5.505663860418978,0.8732611731503575,1.1586114218538404
2016-02-17 10:00:00,6.944963389078776,5.229541665467867,1.715421723610909,1.3280252521819111
2016-02-17 11:00:00,8.007773325602214,6.0114977171643575,1.9962756084378563,1.3320762482763624
2016-02-17 12:00:00,8.006865041097006,4.962622613882595,3.044242427214411,1.6134341988242975
2016-02-17 13:00:00,6.037536636352539,4.164076301838377,1.8734603345141618,1.4499101838472694
2016-02-17 14:00:00,4.880330012003581,3.903226063597489,0.9771039484060919,1.2503324000418063
2016-02-17 15:00:00,5.504574951171875,4.285847619708067,1.2187273314638087,1.2843608638486366
2016-02-17 16:00:00,4.153565017700195,3.6412970569531025,0.5122679607470921,1.140682826128923
2016-02-17 17:00:00,3.097953338623047,3.0190267533960533,0.07892658522699358,1.0261430559163514
2016-02-17 18:00:00,1.8369866701761879,2.839100986357286,-1.002114316181098,0.6470311126668085
2016-02-17 19:00:00,0.757846663792928,1.1974568158375043,-0.4396101520445763,0.6328801621650866
2016-02-17 20:00:00,0.4054483347336451,0.3699815472142994,0.03546678751934573,1.0958609633004286
2016-02-17 21:00:00,3.797913332382838,1.5194871357540756,2.2784261966287627,2.4994705404320836
2016-02-17 22:00:00,3.5911866963704426,1.9702945610071927,1.62089213536325,1.8226648783594408
2016-02-17 23:00:00,2.3867716623942057,3.5247475530693406,-1.137975890675135,0.67714683859155
2016-02-18 00:00:00,2.4094050064086914,3.4112117282328716,-1.0018067218241802,0.7063193956761072
2016-02-18 01:00:00,1.8942566757202148,3.2385067565393744,-1.3442500808191595,0.5849166971460614
2016-02-18 02:00:00,1.2557099978129072,3.1194881496046794,-1.8637781517917722,0.40253719122864384
2016-02-18 03:00:00,0.24185166777173678,2.5572595369980635,-2.315407869226327,0.09457454915023743
2016-02-18 04:00:00,0.5173399971524875,2.4590404241179202,-1.9417004269654328,0.21038287621402643
2016-02-18 05:00:00,1.6362799987792969,2.5899276739168253,-0.9536476751375285,0.6317859820018454
2016-02-18 06:00:00,2.208216665903727,2.203333690096453,0.004882975807273926,1.0022161762556538
2016-02-18 07:00:00,2.448393325805664,1.8013637911814266,0.6470295346242374,1.3591887090168957
2016-02-18 08:00:00,1.8333133214314778,1.83309798326682,0.00021533816465790778,1.0001174722609614
2016-02-18 09:00:00,1.0297016518910727,1.7442066166043844,-0.7145049647133117,0.5903553180503881
2016-02-18 10:00:00,0.5222500025431315,1.101381233523061,-0.5791312309799296,0.4741773208470021
2016-02-18 11:00:00,1.0616216735839845,1.1607014853029365,-0.09907981171895197,0.9146379900659016
2016-02-18 12:00:00,1.695431676228841,1.839391490378593,-0.143959814149752,0.9217350874445323
2016-02-18 13:00:00,1.7745666758219403,1.9711065983847713,-0.19653992256283104,0.9002895517046687
2016-02-18 14:00:00,1.1458550020853677,2.1348604380562564,-0.9890054359708886,0.5367353208009435
2016-02-18 15:00:00,0.42967833447456355,2.231791675084239,-1.8021133406096754,0.192526183904842
2016-02-18 16:00:00,0.5351066656410695,1.0708415748775388,-0.5357349092364694,0.4997066589446381
2016-02-18 17:00:00,0.6178366642793021,0.21751894213125253,0.4003177221480495,2.840380972000567
2016-02-18 18:00:00,1.3680083392461142,0.8384687480248011,0.5295395912213131,1.6315555498863386
2016-02-18 19:00:00,1.6403249861399332,1.1067042939273677,0.5336206922125655,1.4821709784091492
2016-02-18 20:00:00,2.549266651153564,1.7008856227078695,0.8483810284456947,1.4987878180162653
2016-02-18 21:00:00,3.0729066581726077,2.118103873073299,0.9548027850993086,1.4507818512762176
2016-02-18 22:00:00,2.3396733118693036,3.0058379081054243,-0.6661645962361207,0.7783764073106646
2016-02-18 23:00:00,2.752201655069987,2.7391773092566516,0.013024345813335447,1.004754838531015
2016-02-19 00:00:00,2.424791654586792,3.160922037621079,-0.7361303830342871,0.7671152991839364
2016-02-19 01:00:00,2.276605002085368,3.162737952827606,-0.8861329507422382,0.7198209387059709
2016-02-19 02:00:00,2.14939497756958,3.6087106919839007,-1.4593157144143207,0.5956129934006826
2016-02-19 03:00:00,3.325256665547689,2.8383269412957146,0.48692972425197434,1.1715551923097653
2016-02-19 04:00:00,4.296840003967286,3.05163364480441,1.2452063591628755,1.408045822041225
2016-02-19 05:00:00,4.26794669342041,3.47709860841285,0.7908480850075601,1.2274448251464887
2016-02-19 06:00:00,6.8855416831970215,3.8254573276446133,3.060084355552408,1.7999264123112162
2016-02-19 07:00:00,6.090291692097981,3.4576193544305736,2.6326723376674077,1.7614118466493185
2016-02-19 08:00:00,4.2656833445231115,2.9592343480111234,1.306448996511988,1.441482100729887
2016-02-19 09:00:00,2.021365000406901,2.799859961957279,-0.7784949615503778,0.7219521789917804
2016-02-19 10:00:00,3.022760009765625,4.009077901931566,-0.9863178921659412,0.753978865890649
2016-02-19 11:00:00,4.476675038655599,5.449458415644685,-0.9727833769890859,0.8214898981160492
2016-02-19 12:00:00,7.749256703694662,5.983964030110829,1.7652926735838328,1.2950038911833395
2016-02-19 13:00:00,9.326361633300781,5.95361210571619,3.372749527584591,1.5665047483268757
2016-02-19 14:00:00,8.940343322753906,6.532961434608959,2.407381888144947,1.3684977957150675
2016-02-19 15:00:00,9.073168337802093,6.391500597001658,2.6816677408004352,1.4195677838250447
2016-02-19 16:00:00,10.031273315429686,6.5064866264629755,3.524786688966711,1.541734255570558
2016-02-19 17:00:00,10.040509969075522,6.726001270126798,3.314508698948724,1.4927903766045882
2016-02-19 18:00:00,10.077723307291667,7.416081631325233,2.6616416759664334,1.3589013455196832
2016-02-19 19:00:00,10.076873392740884,7.620871235210134,2.45600215753075,1.322273147220159
2016-02-19 20:00:00,9.503503326416016,6.819360651693158,2.6841426747228585,1.393606206185388
2016-02-19 21:00:00,7.693418365478516,6.597643731001253,1.0957746344772632,1.1660857541198226
2016-02-19 22:00:00,9.28966837565104,7.426618171198329,1.863050204452711,1.2508611808909111
2016-02-19 23:00:00,9.759828247070313,7.341740079986121,2.418088167084192,1.3293617236159037
2016-02-20 00:00:00,7.1553433227539065,7.09455452647082,0.0607887962830862,1.008568373962914
2016-02-20 01:00:00,7.422899983723959,7.0395888229202574,0.38331116080370187,1.0544507883124759
2016-02-20 02:00:00,8.827976684570311,6.867425394759889,1.9605512898104225,1.2854856335689353
2016-02-20 03:00:00,7.851003275553386,6.902578914304577,0.9484243612488088,1.1374014514029445
2016-02-20 04:00:00,3.94927666982015,5.94490440783433,-1.9956277380141803,0.66431289704435
2016-02-20 05:00:00,4.020549982706705,5.79048177718566,-1.7699317944789543,0.6943377317147534
2016-02-20 06:00:00,4.739714993794759,5.799698479123429,-1.0599834853286705,0.8172347253664681
2016-02-20 07:00:00,4.276856638590495,5.013439635898011,-0.736582997307516,0.8530783153279996
2016-02-20 08:00:00,9.034014953613282,5.027474141713497,4.006540811899785,1.796929173370994
2016-02-20 09:00:00,8.70355833943685,5.835288413617795,2.868269925819054,1.491538673414219
2016-02-20 10:00:00,9.700285016477109,4.32879268858941,5.371492327887698,2.240875392819531
2016-02-20 11:00:00,8.547593338231245,7.563551807305627,0.9840415309256176,1.130103099178237
2016-02-20 12:00:00,7.632985056559244,7.331864188596464,0.3011208679627799,1.0410701644516445
2016-02-20 13:00:00,9.935708312988282,7.496390362584906,2.4393179504033764,1.3253990030426124
2016-02-20 14:00:00,10.074673319498697,8.414617260126294,1.660056059372403,1.1972824203471244
2016-02-20 15:00:00,10.074878275553386,7.877125031425419,2.1977532441279672,1.2790044889931458
2016-02-20 16:00:00,10.075184997558594,7.6093986652350605,2.4657863323235336,1.324044834658083
2016-02-20 17:00:00,10.0756733194987,7.833782611334183,2.241890708164517,1.2861823999201705
2016-02-20 18:00:00,10.075748291015625,8.673141546924999,1.402606744090626,1.16171841961785
2016-02-20 19:00:00,10.075688313802084,8.90390934932283,1.1717789644792536,1.1316027509386504
2016-02-20 20:00:00,10.074626729329427,8.846104162228045,1.2285225671013826,1.1388772441033475
2016-02-20 21:00:00,10.076238301595051,7.617923647701459,2.4583146538935923,1.3227014036344844
2016-02-20 22:00:00,10.07500164794922,8.531480729722142,1.5435209182270775,1.180920635834027
2016-02-20 23:00:00,10.075180033365886,8.618402769003755,1.456777264362131,1.169031003006898
2016-02-21 00:00:00,10.07535662841797,7.4753491613905485,2.600007467027421,1.347810839452986
2016-02-21 01:00:00,10.0692783203125,6.945767345466349,3.123510974846152,1.4496999135574178
2016-02-21 02:00:00,9.812343343098958,6.219241178010902,3.5931021650880552,1.5777396409375517
2016-02-21 03:00:00,10.06971669514974,6.787154395954701,3.282562299195039,1.483643380965596
2016-02-21 04:00:00,10.075319966634114,6.9717615612384325,3.103558405395681,1.4451612950521473
2016-02-21 05:00:00,10.07503330485026,6.3354523837773895,3.7395809210728705,1.59026265127467
2016-02-21 06:00:00,10.076141662597657,7.198687023579441,2.8774546390182154,1.399719369600742
2016-02-21 07:00:00,10.076454956054688,7.384937626986412,2.691517329068276,1.3644604010239434
2016-02-21 08:00:00,10.076493245442709,6.775235875489118,3.301257369953591,1.4872534965013697
2016-02-21 09:00:00,10.07641172281901,5.445909719224298,4.630502003594712,1.8502715326419823
2016-02-21 10:00:00,10.076034993489584,7.183903544704496,2.892131448785088,1.4025849499214085
2016-02-21 11:00:00,10.07535498046875,5.866170894260863,4.2091840862078875,1.7175351966520307
2016-02-21 12:00:00,10.074786722819011,6.812438809372471,3.2623479134465407,1.4788810592996802
2016-02-21 13:00:00,10.074769999186199,5.825419900892686,4.249350098293513,1.7294495797019445
2016-02-21 14:00:00,10.073701639811198,7.132369884937831,2.9413317548733664,1.412391926151346
2016-02-21 15:00:00,10.075331583658853,7.62867106413294,2.4466605195259135,1.32071910021513
2016-02-21 16:00:00,10.074891662597656,7.648438295719895,2.4264533668777606,1.3172482110806354
2016-02-21 17:00:00,10.075041625976564,6.545876844671012,3.5291647813055516,1.5391431682951138
2016-02-21 18:00:00,10.075408345540366,7.412187447970266,2.6632208975701,1.35930296100369
2016-02-21 19:00:00,10.075061665852864,8.144835355276344,1.9302263105765203,1.2369877629663921
2016-02-21 20:00:00,10.074430033365886,8.22203089682689,1.8523991365389954,1.22529702938162
2016-02-21 21:00:00,10.074773274739583,8.233826880594117,1.8409463941454653,1.2235833253288695
2016-02-21 22:00:00,10.07487001546224,8.808409437908402,1.266460577553838,1.1437785773335447
2016-02-21 23:00:00,9.956843343098958,7.826948929239918,2.1298944138590405,1.2721232031937988
2016-02-22 00:00:00,8.116125015258788,6.54649301123809,1.569632004020698,1.2397668494148204
2016-02-22 01:00:00,2.2635300153096516,5.342886650856489,-3.079356635546837,0.42365301067107564
2016-02-22 02:00:00,3.082403348286946,4.743578700976469,-1.661175352689523,0.6498054617819309
2016-02-22 03:00:00,3.2339766642252603,3.7390057763972666,-0.5050291121720063,0.8649295715561507
2016-02-22 04:00:00,2.610233327229818,3.034972000439811,-0.42473867320999315,0.8600518643504973
2016-02-22 05:00:00,2.2984149958292646,2.639702665693665,-0.3412876698644003,0.8707098059566053
2016-02-22 06:00:00,1.6675666643778484,2.6112161939679384,-0.94364952959009,0.6386168515000882
2016-02-22 07:00:00,1.2245183397928874,1.8885819929226277,-0.6640636531297404,0.6483797602548962
2016-02-22 08:00:00,0.7938999970753986,1.8921065815828328,-1.0982065845074342,0.4195852415519137
2016-02-22 09:00:00,0.8318016656239828,2.3641308279327973,-1.5323291623088144,0.351842485109554
2016-02-22 10:00:00,4.913401659647623,3.5951239177817187,1.3182777418659044,1.3666849243625836
2016-02-22 11:00:00,5.960478331069151,3.561540057383243,2.398938273685908,1.6735676800020245
2016-02-22 12:00:00,3.663185012817383,3.583171444795293,0.08001356802208992,1.0223303766662666
2016-02-22 13:00:00,2.985478328535954,4.560467723562743,-1.574989395026789,0.6546430124065497
2016-02-22 14:00:00,2.4335433502197263,4.896349068573171,-2.4628057183534446,0.49701181760900826
2016-02-22 15:00:00,2.274556660970052,4.771161455007414,-2.496604794037362,0.4767301803595153
2016-02-22 16:00:00,1.1436366602579753,3.0418011647223606,-1.8981645044643853,0.375973509880078
2016-02-22 17:00:00,0.8332316665649415,2.3062467389012586,-1.4730150723363171,0.36129337442961956
2016-02-22 18:00:00,1.577969989776611,2.298447934371464,-0.720477944594853,0.6865371915453566
2016-02-22 19:00:00,1.624990020751953,2.036116402217533,-0.4111263814655799,0.7980830658709774
2016-02-22 20:00:00,1.3857016525268555,2.052469809642181,-0.6667681571153257,0.6751386286010379
2016-02-22 21:00:00,1.110023343404134,2.356931087647453,-1.2469077442433192,0.47096130609066406
2016-02-22 22:00:00,1.0379166768391928,2.134362668663624,-1.0964459918244311,0.4862888074635683
2016-02-22 23:00:00,1.52723166402181,2.855376502787963,-1.328144838766153,0.534861746789131
2016-02-23 00:00:00,2.0896983439127603,3.2755163501354465,-1.1858180062226862,0.6379752443691356
2016-02-23 01:00:00,2.315526692708333,3.3426433491320298,-1.0271166564236967,0.6927232285519173
2016-02-23 02:00:00,3.1384333801269535,3.2883292313924173,-0.1498958512654638,0.9544158018502328
2016-02-23 03:00:00,2.3791883188883465,3.4299671124132276,-1.0507787935248811,0.6936475601407202
2016-02-23 04:00:00,2.4489733378092446,3.1274350273697147,-0.67846168956047,0.7830612998758024
2016-02-23 05:00:00,2.258791697184245,3.0597191157167467,-0.8009274185325017,0.738234985551972
2016-02-23 06:00:00,1.270078332265218,2.398368628598946,-1.1282902963337278,0.5295592667117062
2016-02-23 07:00:00,0.6381450030008953,1.3844293430115164,-0.7462843400106212,0.4609444362200194
2016-02-23 08:00:00,0.5494383347829184,1.559965196455951,-1.0105268616730327,0.3522119185935524
2016-02-23 09:00:00,0.5665683307647705,1.3710550855385943,-0.8044867547738238,0.41323527897655865
2016-02-23 10:00:00,0.3772083326975505,1.1327491492164412,-0.7555408165188907,0.33300253013518266
2016-02-23 11:00:00,0.5987766660054524,0.6651412479436828,-0.06636458193823036,0.9002248287211179
2016-02-23 12:00:00,0.4751016648610433,0.4759401127922389,-0.000838447931195585,0.998238333124988
2016-02-23 13:00:00,0.16228999867041904,0.6127637190748519,-0.4504737204044329,0.2648492291864861
2016-02-23 14:00:00,0.4288066660563151,0.6364977227720681,-0.20769105671575294,0.6736970938227099
2016-02-23 15:00:00,0.4100833326975505,1.6315167671836603,-1.22143343448611,0.25135097655504957
2016-02-23 16:00:00,0.17690333382288614,1.311809327247505,-1.1349059934246188,0.1348544564735428
2016-02-23 17:00:00,0.0004250000019868212,0.4511469824340367,-0.4507219824320499,0.0009420433218767267
2016-02-23 18:00:00,0.0,0.6397885007447625,-0.6397885007447625,0.0
2016-02-23 19:00:00,0.035590000351270044,0.860677688492802,-0.825087688141532,0.041351136234975945
2016-02-23 20:00:00,0.18761833377679188,0.5722893746809848,-0.38467104090419296,0.32783822673866214
2016-02-23 21:00:00,0.32822333272298176,0.6144637716524319,-0.28624043892945017,0.534162220565608
2016-02-23 22:00:00,0.2121599990526835,0.5841091557046298,-0.37194915665194633,0.3632197800370857
2016-02-23 23:00:00,0.03761833398540815,0.6902093379518942,-0.6525910039664861,0.054502789106035024
2016-02-24 00:00:00,0.02296333373586337,0.5111216827132341,-0.48815834897737076,0.04492733239952764
2016-02-24 01:00:00,0.0,0.48556078243402134,-0.48556078243402134,0.0
2016-02-24 02:00:00,0.0,0.3671618448957452,-0.3671618448957452,0.0
2016-02-24 03:00:00,0.01211333292722702,0.41910495225247846,-0.40699161932525146,0.028902862784426536
2016-02-24 04:00:00,0.2099100020726522,0.35076956463865944,-0.14085956256600723,0.5984270678925299
2016-02-24 05:00:00,0.5689400043487549,0.43886319048472416,0.13007681386403075,1.2963949054837818
2016-02-24 06:00:00,0.5111916656494141,0.44647724276560613,0.06471442288380796,1.1449445048597517
2016-02-24 07:00:00,0.5042816718816756,0.12297464726275467,0.38130702461892096,4.100696225655346
2016-02-24 08:00:00,0.5860016688009103,0.6021447978398157,-0.016143129038905357,0.9731906194376858
2016-02-24 09:00:00,0.3199583373069763,0.012761540529045068,0.30719679677793127,25.07207782467611
2016-02-24 10:00:00,0.20344666630029679,-0.0988693136889648,0.3023159799892616,-2.0577331702769195
2016-02-24 11:00:00,0.14534166630109152,-0.1251067546120154,0.27044842091310695,-1.1617411605938401
2016-02-24 12:00:00,0.21198333251476287,0.4535222726450235,-0.24153894013026062,0.46741548387125054
2016-02-24 13:00:00,0.17432833456993102,-0.3121889036544741,0.4865172382244051,-0.5584065690011678
2016-02-24 14:00:00,0.039893333623806634,-0.24446473750343442,0.28435807112724104,-0.16318645392874376
2016-02-24 15:00:00,0.05926833356420199,0.34217202492265064,-0.2829036913584487,0.17321209580941
2016-02-24 16:00:00,0.0751849992374579,0.33744250497050937,-0.26225750573305145,0.22280832476640328
2016-02-24 17:00:00,0.08014333299795788,-0.08761642965043512,0.16775976264839298,-0.9147066745096463
2016-02-24 18:00:00,0.18084833267331124,0.4927709712158365,-0.3119226385425253,0.3670028131468374
2016-02-24 19:00:00,0.7338500023682912,0.8358605847372219,-0.10201058236893068,0.877957419895567
2016-02-24 20:00:00,0.6521850010553996,0.9651644995549856,-0.31297949849958606,0.6757241914265459
2016-02-24 21:00:00,0.3591650015115738,0.8758818789172454,-0.5167168774056716,0.4100610026954425
2016-02-24 22:00:00,0.5474833300908407,0.6239510145137176,-0.07646768442287688,0.8774460131578234
2016-02-24 23:00:00,0.8222350095113118,0.9050109927982248,-0.08277598328691305,0.9085359360873883
2016-02-25 00:00:00,0.8337999954223633,1.2759166536986501,-0.4421166582762869,0.6534909572700762
2016-02-25 01:00:00,1.7784066721598306,1.3557974116658285,0.42260926049400216,1.3117053158957979
2016-02-25 02:00:00,1.9655983327229816,1.2965699384778813,0.6690283942451003,1.5159986934684846
2016-02-25 03:00:00,1.3686466700236002,1.8193910101797386,-0.4507443401561384,0.7522553768628277
2016-02-25 04:00:00,0.6600200017293294,1.853427992945123,-1.1934079912157936,0.35610771189472995
2016-02-25 05:00:00,0.4111566645304362,1.3707531042881143,-0.959596439757678,0.2999494681020372
2016-02-25 06:00:00,0.466581667582194,1.6115316386121261,-1.144949971029932,0.2895268429132553
2016-02-25 07:00:00,0.6004583358764648,1.345757780570832,-0.7452994446943673,0.44618604071660467
2016-02-25 08:00:00,0.23143833420674007,1.8146955488551535,-1.5832572146484134,0.1275356267627089
2016-02-25 09:00:00,0.12795166605710984,0.9950580436821179,-0.8671063776250081,0.1285871380765255
2016-02-25 10:00:00,0.23300999927520752,0.40766096445558503,-0.1746509651803775,0.571577903188212
2016-02-25 11:00:00,0.3567116689682007,0.6790755808996753,-0.3223639119314746,0.5252900840516311
2016-02-25 12:00:00,0.4957683321634928,0.8844322422516114,-0.3886639100881186,0.5605498177015261
2016-02-25 13:00:00,0.3397083330154419,0.9542881324413018,-0.6145797994258599,0.3559808840401118
2016-02-25 14:00:00,0.2039483354240656,1.2380114329709284,-1.0340630975468628,0.1647386526428426
2016-02-25 15:00:00,0.0,1.529460382739859,-1.529460382739859,0.0
2016-02-25 16:00:00,0.8267716670433679,1.2994476098082552,-0.47267594276488734,0.6362485573122607
2016-02-25 17:00:00,0.2520283321539561,0.09904873361427666,0.15297959853967943,2.544488182306546
2016-02-25 18:00:00,0.16332500048478446,0.17471063468175907,-0.011385634196974609,0.9348314759561495
2016-02-25 19:00:00,0.057113332475225126,0.5384627313424845,-0.48134939886725936,0.10606738247757892
2016-02-25 20:00:00,3.3333227038383485e-06,0.5370536543819237,-0.5370503210592198,6.206684707647234e-06
2016-02-25 21:00:00,0.012554999997218451,0.5402292125957734,-0.527674212598555,0.023240135306442106
2016-02-25 22:00:00,0.08214999924103421,0.5554267075190098,-0.4732767082779756,0.14790430155579543
2016-02-25 23:00:00,0.08989333400782196,0.6307882300134933,-0.5408948960056713,0.14250952971316386
2016-02-26 00:00:00,0.0,0.7995327461802774,-0.7995327461802774,0.0
2016-02-26 01:00:00,0.053468333169507484,1.2544213811349803,-1.2009530479654729,0.042623901325031785
2016-02-26 02:00:00,0.4128416655063629,1.9862283695743526,-1.5733867040679896,0.20785206365511466
2016-02-26 03:00:00,0.8252283358573915,2.082235567557528,-1.2570072317001364,0.3963184323209829
2016-02-26 04:00:00,0.6916916691462199,1.9513352750918842,-1.2596436059456644,0.3544709502131302
2016-02-26 05:00:00,0.49875499892234804,1.174594947071264,-0.6758399481489159,0.42461871657624967
2016-02-26 06:00:00,1.221990000406901,1.6600208333301019,-0.4380308329232008,0.73612931589269
2016-02-26 07:00:00,1.643173336029053,1.3381507278026679,0.30502260822638516,1.2279433862635583
2016-02-26 08:00:00,1.227726668039958,2.209804415719709,-0.9820777476797511,0.5555815977678281
2016-02-26 09:00:00,1.2030766601562501,1.9777280515129216,-0.7746513913566715,0.608312482212062
2016-02-26 10:00:00,1.8245449930826825,1.762865148854669,0.061679844228013536,1.0349884075183442
2016-02-26 11:00:00,3.163398317972819,2.043519870560223,1.1198784474125962,1.5480144644277847
2016-02-26 12:00:00,3.5845599721272787,2.242047057224251,1.3425129149030277,1.5987889105972268
2016-02-26 13:00:00,2.1263033167521157,1.7699002646183455,0.3564030521337702,1.2013690032475495
2016-02-26 14:00:00,1.3201250038146974,1.2191410291447893,0.10098397466990816,1.0828320696751115
2016-02-26 15:00:00,1.3176783256530762,1.7088880462074223,-0.3912097205543461,0.7710735226789329
2016-02-26 16:00:00,1.4917916590372724,1.689256746378502,-0.19746508734122958,0.8831053433620654
2016-02-26 17:00:00,1.7744900016784668,1.9648233166611377,-0.19033331498267092,0.9031295519710607
2016-02-26 18:00:00,2.2650683135986327,1.686619979449406,0.5784483341492268,1.3429630510709711
2016-02-26 19:00:00,2.073963315327962,2.1506721676550935,-0.07670885232713154,0.9643326149467177
2016-02-26 20:00:00,1.6295816777547198,2.167366956198339,-0.5377852784436192,0.7518716076640205
2016-02-26 21:00:00,1.1394816722869874,1.9973386036331062,-0.8578569313461188,0.5704999994564268
2016-02-26 22:00:00,1.4451683387756349,1.3882876869974643,0.05688065177817059,1.0409718045552863
2016-02-26 23:00:00,1.1942933209737143,1.3849952727143657,-0.1907019517406514,0.8623085901463717
2016-02-27 00:00:00,1.4281683359146118,1.3410354221616934,0.08713291375291843,1.064974356615028
2016-02-27 01:00:00,1.5275783348083496,1.2573821940865724,0.2701961407217772,1.2148878375982266
2016-02-27 02:00:00,1.0551733423868814,1.8360369517490684,-0.780863609362187,0.5747015828748376
2016-02-27 03:00:00,1.8329233385721841,1.7759895629566642,0.05693377561551993,1.0320574944825334
2016-02-27 04:00:00,1.3272950115203859,1.850980729986949,-0.5236857184665631,0.7170766232286732
2016-02-27 05:00:00,1.6892566630045573,2.0703927984949972,-0.3811361354904399,0.8159111953212482
2016-02-27 06:00:00,2.6560183461507165,2.1470258682763146,0.5089924778744019,1.2370686284665184
2016-02-27 07:00:00,2.470111668904622,1.8311946931942644,0.6389169757103577,1.3489071796051657
2016-02-27 08:00:00,1.564141663869222,1.7073072618237386,-0.14316559795451655,0.9161453821723996
2016-02-27 09:00:00,1.643005002339681,1.4577779530465054,0.18522704929317557,1.127061222805629
2016-02-27 10:00:00,3.025939994812012,2.6862953693969223,0.3396446254150898,1.1264360685293295
2016-02-27 11:00:00,3.5163350270589193,4.2294584491971365,-0.7131234221382172,0.8313913162396507
2016-02-27 12:00:00,4.001830006917317,4.827035879099295,-0.8252058721819777,0.8290450096393405
2016-02-27 13:00:00,5.08537663269043,5.296643824598859,-0.21126719190842902,0.9601130076129993
2016-02-27 14:00:00,3.838321645100911,4.819764657361579,-0.9814430122606677,0.7963711753515521
2016-02-27 15:00:00,6.052281692504883,5.485734288298553,0.5665474042063297,1.1032764939809085
2016-02-27 16:00:00,6.201366653442383,4.961588493315885,1.239778160126498,1.249875248984613
2016-02-27 17:00:00,5.499361643473307,3.381071390695904,2.118290252777403,1.6265145002872623
2016-02-27 18:00:00,5.183848327636719,3.3971695724172206,1.7866787552194983,1.5259315783722287
2016-02-27 19:00:00,4.0206633580525715,3.710700715204938,0.3099626428476334,1.0835321052914704
2016-02-27 20:00:00,3.1524716847737633,3.473144732781897,-0.3206730480081337,0.9076706925048634
2016-02-27 21:00:00,3.6870699946085614,2.6758922498430002,1.0111777447655612,1.3778843280497894
2016-02-27 22:00:00,2.821194999694824,2.9324682152367623,-0.11127321554193825,0.9620547581850075
2016-02-27 23:00:00,1.5767566553751626,2.557523013043933,-0.9807663576687702,0.6165170938182589
2016-02-28 00:00:00,2.5527866541544597,2.274045568572647,0.2787410855818129,1.1225749780189191
2016-02-28 01:00:00,2.7956650060017907,2.3743562893805237,0.421308716621267,1.1774412368125204
2016-02-28 02:00:00,2.1030550041198732,2.3957281285915855,-0.29267312447171223,0.8778354183937513
2016-02-28 03:00:00,1.6041183230082194,2.014366454754022,-0.41024813174580244,0.7963388782723257
2016-02-28 04:00:00,2.0029216791788738,2.3132340129534903,-0.31031233377461653,0.8658534622796696
2016-02-28 05:00:00,1.8926949977874756,2.370442034367381,-0.47774703657990547,0.7984565622557374
2016-02-28 06:00:00,1.8905766537984212,2.42614488211976,-0.535568228321339,0.7792513413900473
2016-02-28 07:00:00,1.8664883282979332,1.8792982453485545,-0.012809917050621289,0.993183669977702
2016-02-28 08:00:00,1.0937999974091848,2.1254334250520843,-1.0316334276428996,0.5146244453092578
2016-02-28 09:00:00,1.0339966608683269,2.009100814056753,-0.9751041531884259,0.5146564341788767
2016-02-28 10:00:00,2.76211333211263,3.4856450714514158,-0.7235317393387857,0.7924252973245184
2016-02-28 11:00:00,3.279511690775553,4.924386797444298,-1.6448751066687453,0.6659736177664969
2016-02-28 12:00:00,3.6241983210245765,5.397082583780579,-1.7728842627560022,0.6715106290787712
2016-02-28 13:00:00,6.574704971313476,6.209631079659362,0.36507389165411475,1.0587915589462267
2016-02-28 14:00:00,6.151771647135416,6.8886456831656675,-0.7368740360302519,0.8930306376722191
2016-02-28 15:00:00,5.548974975585938,6.383735043647246,-0.8347600680613088,0.8692364168697732
2016-02-28 16:00:00,5.032278322855632,4.326851281392509,0.705427041463123,1.163034732554084
2016-02-28 17:00:00,3.3392533264160162,2.714721690476221,0.6245316359397952,1.2300536508514943
2016-02-28 18:00:00,2.9562866643269854,2.2747359970802727,0.6815506672467126,1.29961748005989
2016-02-28 19:00:00,2.2965799967447915,2.5863369740297473,-0.28975697728495575,0.8879662703682853
2016-02-28 20:00:00,1.7221700032552083,2.3007796525296915,-0.5786096492744832,0.7485158352133783
2016-02-28 21:00:00,1.6485483398437502,1.6664825230198879,-0.017934183176137708,0.989238301075226
2016-02-28 22:00:00,1.368076665242513,0.8100657474773403,0.5580109177651726,1.6888464541339983
2016-02-28 23:00:00,1.1503950106302896,0.6338479415399508,0.5165470690903388,1.8149384658966843
2016-02-29 00:00:00,0.4201883345444998,0.5206397578796412,-0.10045142333514145,0.8070615587556352
2016-02-29 01:00:00,0.43011999901135756,0.3266161126259176,0.10350388638543995,1.3168976740103016
2016-02-29 02:00:00,0.23513666633764904,0.44478754182010694,-0.2096508754824579,0.5286493982620345
2016-02-29 03:00:00,0.0,0.24513890815473524,-0.24513890815473524,0.0
2016-02-29 04:00:00,0.0,0.3469782297917207,-0.3469782297917207,0.0
2016-02-29 05:00:00,0.0298950001001358,0.3814684466223837,-0.3515734465222479,0.07836821201028171
2016-02-29 06:00:00,0.0,0.4558189001069041,-0.4558189001069041,0.0
2016-02-29 07:00:00,0.0,0.3031926325895291,-0.3031926325895291,0.0
2016-02-29 08:00:00,0.0,0.2675423028653415,-0.2675423028653415,0.0
2016-02-29 09:00:00,0.0,0.10204161231846702,-0.10204161231846702,0.0
2016-02-29 10:00:00,0.0,0.006965747905592661,-0.006965747905592661,0.0
2016-02-29 11:00:00,0.0,0.11361576230580124,-0.11361576230580124,0.0
2016-02-29 12:00:00,0.009650000176082054,0.16730875892562014,-0.15765875874953808,0.057677794265225055
2016-02-29 13:00:00,0.06385666625201702,0.37835040909516127,-0.31449374284314424,0.16877652228454718
2016-02-29 14:00:00,0.13203166480859121,0.39182127300585046,-0.25978960819725927,0.3369691078682698
2016-02-29 15:00:00,0.048960000256697334,0.7727860660377365,-0.7238260657810391,0.06335517992415061
2016-02-29 16:00:00,0.47078666583697,0.9303761597939395,-0.4595894939569695,0.5060175509454586
2016-02-29 17:00:00,1.0687566719055177,1.3063312071403053,-0.23757453523478755,0.8181360638586727
2016-02-29 18:00:00,1.7967099959055581,1.8004058786694568,-0.0036958827638986502,0.9979471946811072
2016-02-29 19:00:00,2.3723766708374026,2.661059379170469,-0.28868270833306653,0.8915158712380715
2016-02-29 20:00:00,3.0308350219726563,4.194092825168299,-1.163257803195643,0.7226437631005546
2016-02-29 21:00:00,4.782264984130859,4.379553225761676,0.4027117583691835,1.0919527033032337
2016-02-29 22:00:00,8.89707334391276,5.654308088999672,3.2427652549130883,1.573503460347662
2016-02-29 23:00:00,9.944346659342449,7.033525422805892,2.910821236536557,1.413849536549388
2016-03-01 00:00:00,9.65377495320638,8.635420877540044,1.0183540756663358,1.1179275556000963
2016-03-01 01:00:00,9.632494984944662,9.109066669065232,0.5234283158794302,1.0574623432779358
2016-03-01 02:00:00,10.01850331624349,8.77581293013488,1.2426903861086114,1.1416040195936028
2016-03-01 03:00:00,10.079451700846354,7.626731333656864,2.4527203671894897,1.3215952234170887
2016-03-01 04:00:00,10.0492983601888,6.892671781311431,3.1566265788773693,1.4579685032204994
2016-03-01 05:00:00,10.079133300781251,6.425064457743474,3.654068843037777,1.5687209625786558
2016-03-01 06:00:00,10.077943359374999,6.557125739931863,3.520817619443135,1.5369452652100157
2016-03-01 07:00:00,10.07732843017578,5.860779216097566,4.216549214078215,1.719451980463074
2016-03-01 08:00:00,10.07798992919922,6.5366790071322285,3.541310922066991,1.5417599545890253
2016-03-01 17:00:00,0.5804249953180552,5.470945018014165,-4.890520022696109,0.10609227352987309
2016-03-01 18:00:00,4.691343304067851,4.949458130970132,-0.2581148269022817,0.9478498817300453
2016-03-01 19:00:00,6.052208364268144,5.124410176841277,0.927798187426867,1.1810546297835136
2016-03-01 20:00:00,5.77070160929362,6.430517795410678,-0.659816186117058,0.8973929927403429
2016-03-01 21:00:00,9.09474336751302,7.016915693520727,2.077827673992293,1.2961169500598269
2016-03-01 22:00:00,7.049506713867187,6.48536382170578,0.5641428921614065,1.0869870847142429
2016-03-01 23:00:00,7.471023284912108,7.1368573941611295,0.33416589075097836,1.0468225540031624
2016-03-02 00:00:00,3.530058314899604,6.301208765646867,-2.7711504507472626,0.5602192287525672
2016-03-02 01:00:00,4.036178309122722,5.240915485898928,-1.2047371767762067,0.7701284861361262
2016-03-02 02:00:00,4.3712950032552085,5.00130415496262,-0.6300091517074113,0.8740310262709627
2016-03-02 03:00:00,5.654263356526693,5.621338785530363,0.03292457099632973,1.0058570693303666
2016-03-02 04:00:00,7.572141693115235,7.0540158996018985,0.5181257935133363,1.0734511802762703
2016-03-02 05:00:00,9.236494944254556,7.8908684644470215,1.3456264798075344,1.170529579332157
2016-03-02 06:00:00,9.31375663248698,9.251550956302717,0.06220567618426287,1.006723810578148
2016-03-02 07:00:00,10.08814833577474,9.220898293890443,0.8672500418842972,1.0940526632268481
2016-03-02 08:00:00,10.085774963378904,9.592811584878548,0.492963378500356,1.0513888315368802
2016-03-02 09:00:00,9.84091994222005,8.53942675041629,1.301493191803761,1.152409901723241
2016-03-02 10:00:00,8.027678337653477,9.326002550394552,-1.2983242127410755,0.8607844887747593
2016-03-02 11:00:00,9.549373307307562,9.439236555636269,0.110136751671293,1.0116679724066804
2016-03-02 12:00:00,10.034928304036459,9.706791046809572,0.3281372572268868,1.0338049161297995
2016-03-02 13:00:00,10.09291668701172,9.609716445803713,0.48320024120800653,1.0502824660782792
2016-03-02 14:00:00,9.926305053710939,9.810624870043924,0.11568018366701516,1.0117913165776256
2016-03-02 15:00:00,9.060108402530352,9.735619456363986,-0.6755110538336346,0.930614476370883
2016-03-02 16:00:00,7.40489501953125,9.006165676519263,-1.6012706569880129,0.8222028425301101
2016-03-02 17:00:00,5.185215018987655,7.020817083760194,-1.835602064772539,0.7385486556801973
2016-03-02 18:00:00,8.043425010999044,6.907275264527904,1.1361497464711405,1.1644859518348432
2016-03-02 19:00:00,9.405381673177084,7.318041723178935,2.0873399499981486,1.2852320373340826
2016-03-02 20:00:00,9.715308349609375,9.519799176950308,0.19550917265906698,1.0205371110277663
2016-03-02 21:00:00,9.953466654459636,9.840815167274744,0.11265148718489115,1.0114473735427436
2016-03-02 22:00:00,10.053264994303387,9.346174622888364,0.7070903714150223,1.0756555917202093
2016-03-02 23:00:00,10.080178263346355,9.681289913622326,0.39888834972402876,1.041201983752471
2016-03-03 00:00:00,10.102588338216147,9.858500526076766,0.2440878121393819,1.0247591214803655
2016-03-03 01:00:00,10.098986673990886,10.770427539583212,-0.6714408655923254,0.93765884751328
2016-03-03 02:00:00,10.099579956054686,10.052456758737778,0.047123197316908616,1.0046877294225562
2016-03-03 03:00:00,9.816405008951822,8.771268165131229,1.0451368438205932,1.1191545879278173
2016-03-03 04:00:00,7.684480013529459,8.216093595475561,-0.5316135819461021,0.9352960654880014
2016-03-03 05:00:00,4.363128344217936,6.71450168708991,-2.351373342871974,0.6498067239460226
2016-03-03 06:00:00,4.83356162516276,4.811304608211233,0.022257016951527042,1.0046259837536666
2016-03-03 07:00:00,2.5920466486612956,2.2862676890208635,0.3057789596404321,1.133745913091825
2016-03-03 08:00:00,1.18778999431928,2.122075518882415,-0.934285524563135,0.5597303129649346
2016-03-03 09:00:00,0.8739283323287964,1.7098701143481145,-0.8359417820193181,0.5111080221797901
2016-03-03 10:00:00,1.0945600013732912,1.047309075485263,0.04725092588802826,1.0451165057135927
2016-03-03 11:00:00,1.091508332416415,1.3575562796998821,-0.26604794728346715,0.8040243699198365
2016-03-03 12:00:00,1.2134466705322267,2.2813933646049596,-1.067946694072733,0.5318884017804374
2016-03-03 13:00:00,1.1753133316040039,2.807997342126981,-1.632684010522977,0.4185592749577663
2016-03-03 14:00:00,0.8862999976476034,2.589059117442565,-1.7027591197949614,0.3423251294945624
2016-03-03 15:00:00,0.8712000096638997,2.734932302935535,-1.8637322932716354,0.3185453653565021
2016-03-03 16:00:00,0.7630966637929282,1.7378471958197097,-0.9747505320267815,0.43910458044211986
2016-03-03 17:00:00,1.298348341623942,0.901930701078746,0.3964176405451961,1.4395211739339446
2016-03-03 18:00:00,2.2034900334676104,1.2324071723282517,0.9710828611393587,1.7879561908949284
2016-03-03 19:00:00,3.696478340148926,3.1871723008418265,0.5093060393070994,1.159798715360502
2016-03-03 20:00:00,4.742856658935547,3.746587469624904,0.9962691893106426,1.2659137674985033
2016-03-03 21:00:00,6.801296651204427,4.248700173624778,2.552596477579649,1.6007946838484255
2016-03-03 22:00:00,4.468656661987304,5.1338741499059,-0.6652174879185955,0.8704258288195887
2016-03-03 23:00:00,4.779823348999024,6.499703322554856,-1.719879973555832,0.7353910035266357
2016-03-04 00:00:00,3.4933916753133136,6.382625907586879,-2.889234232273566,0.5473282824175548
2016-03-04 01:00:00,6.706496658325196,5.278621617776051,1.4278750405491447,1.2705014952654867
2016-03-04 02:00:00,9.998631632486978,6.082071865681244,3.916559766805734,1.6439515765845107
2016-03-04 03:00:00,7.989228352864583,7.467153128120354,0.5220752247442286,1.0699162339095685
2016-03-04 04:00:00,6.39043669128418,6.082648541118038,0.30778815016614214,1.0506010084399136
2016-03-04 05:00:00,5.327465006510417,5.9173017339268075,-0.5898367274163903,0.9003199846925896
2016-03-04 06:00:00,7.70012661743164,6.098767918656218,1.6013586987754218,1.2625708536763374
2016-03-04 07:00:00,9.982024983723958,6.657680362392835,3.3243446213311234,1.4993247558277674
2016-03-04 08:00:00,6.538903299967448,5.382950352216008,1.15595294775144,1.2147433790236553
2016-03-04 09:00:00,5.750524943033855,4.381971753429579,1.3685531896042757,1.3123144708847492
2016-03-04 10:00:00,5.755935002644857,3.8718519328549115,1.8840830697899453,1.4866103101212127
2016-03-04 11:00:00,4.960851648966472,5.502613954623932,-0.5417623056574605,0.9015445549833259
2016-03-04 12:00:00,3.8814316609700517,4.34680248462599,-0.4653708236559386,0.8929395054636396
2016-03-04 13:00:00,2.976169990539551,3.279278144648118,-0.3031081541085672,0.9075686353098017
2016-03-04 14:00:00,1.7159300028483073,2.2886802818155143,-0.572750278967207,0.7497464877388343
2016-03-04 15:00:00,0.8066800057676932,2.096388172907604,-1.2897081671399109,0.3847951520585337
2016-03-04 16:00:00,0.309113330245018,1.2812843135961607,-0.9721709833511427,0.24125272350945628
2016-03-04 17:00:00,0.09105666725834212,0.2639976646201128,-0.1729409973617707,0.34491466956486444
2016-03-04 18:00:00,0.0,0.0995642795450481,-0.0995642795450481,0.0
2016-03-04 19:00:00,0.0,0.46268031458849623,-0.46268031458849623,0.0
2016-03-04 20:00:00,0.0,0.3809150967269629,-0.3809150967269629,0.0
2016-03-04 21:00:00,0.002148333492378394,-0.2190178098381951,0.2211661433305735,-0.009808944277022627
2016-03-04 22:00:00,0.3435299982130528,0.47623213776092466,-0.13270213954787186,0.7213498858523273
2016-03-04 23:00:00,1.4221300061543782,1.3610443632771538,0.0610856428772244,1.0448814487796276
2016-03-05 00:00:00,1.277986666361491,1.4245055206508526,-0.14651885428936162,0.8971440600508045
2016-03-05 01:00:00,1.3428633270263672,2.5489722494126847,-1.2061089223863175,0.5268254008398011
2016-03-05 02:00:00,0.9999833354949951,2.4876564566252375,-1.4876731211302423,0.4019780676836606
2016-03-05 03:00:00,1.4064000024795533,2.8696234851708953,-1.463223482691342,0.49009914009530686
2016-03-05 04:00:00,0.7425350068410237,3.197129510263769,-2.4545945034227454,0.23225052487153178
2016-03-05 05:00:00,2.630301666259766,4.201742506662231,-1.571440840402465,0.6260025839492049
2016-03-05 06:00:00,6.00417999267578,5.499037923708028,0.5051420689677526,1.0918600809770618
2016-03-05 07:00:00,6.848090006510416,6.920386377696752,-0.07229637118633558,0.9895531308166066
2016-03-05 08:00:00,6.835796681722005,8.032067377326399,-1.1962706956043938,0.8510631647611263
2016-03-05 09:00:00,7.503413360595703,7.907276981483389,-0.40386362088768646,0.9489250696752598
2016-03-05 10:00:00,8.88382499186198,6.998624935377413,1.8852000564845666,1.2693672076860487
2016-03-05 11:00:00,8.86604667154948,6.559762148359067,2.3062845231904125,1.3515805102426361
2016-03-05 12:00:00,9.310344991048177,6.353779040724873,2.956565950323305,1.465324011328226
2016-03-05 13:00:00,8.398913309733073,6.645657583529011,1.7532557262040624,1.2638197505916398
2016-03-05 14:00:00,7.610161702473958,6.555384904465018,1.0547767980089402,1.1609023441614401
2016-03-05 15:00:00,5.077433327198029,7.446075336261495,-2.368642009063466,0.6818938968387195
2016-03-05 16:00:00,6.1066883463462185,6.079809974858519,0.026878371487699226,1.0044209229562844
2016-03-05 17:00:00,5.368818339029948,3.873377240228037,1.4954410988019111,1.3860819656992331
2016-03-05 18:00:00,3.8098549626668294,3.941412992835915,-0.13155803016908552,0.9666216074265216
2016-03-05 19:00:00,4.172206685384115,4.314717835365355,-0.1425111499812397,0.9669709224521811
2016-03-05 20:00:00,3.4105916372934977,4.269278170282115,-0.8586865329886177,0.798868450651489
2016-03-05 21:00:00,5.921831672668458,4.095355629150711,1.8264760435177472,1.4459871642200997
2016-03-05 22:00:00,5.01502333577474,4.3477821268140655,0.6672412089606743,1.1534670297404277
2016-03-05 23:00:00,4.695696675618489,4.158586117555994,0.5371105580624951,1.129157012234282
2016-03-06 00:00:00,4.988186681111653,3.7543644906242233,1.2338221904874298,1.3286367622452895
2016-03-06 01:00:00,6.936585067749023,3.763677240387824,3.1729078273611995,1.843033986366549
2016-03-06 02:00:00,5.956604969024657,3.635961879877203,2.3206430891474543,1.6382473650207325
2016-03-06 03:00:00,3.1869616788228354,3.291268430103449,-0.10430675128061351,0.9683080388319056
2016-03-06 04:00:00,2.841861651102702,3.1271734188032925,-0.2853117677005903,0.9087636886444969
2016-03-06 05:00:00,2.5682300109863285,3.4729394280736665,-0.904709417087338,0.73949749604785
2016-03-06 06:00:00,2.395421666463216,2.9986134195911616,-0.6031917531279456,0.7988431088892458
2016-03-06 07:00:00,2.4226333351135256,2.1778902558685758,0.24474307924494987,1.1123762221652176
2016-03-06 08:00:00,2.1158633403778078,2.166634682491246,-0.050771342113438145,0.976566726950452
2016-03-06 09:00:00,1.1912000058492025,1.8233497751763996,-0.6321497693271971,0.6533030700233915
2016-03-06 10:00:00,1.4418766644795737,2.3710298380798367,-0.929153173600263,0.6081225302703354
2016-03-06 11:00:00,1.402920004526774,1.564904747235228,-0.16198474270845398,0.8964890719421498
2016-03-06 12:00:00,1.4820100034077963,1.7261828693120564,-0.24417286590426013,0.8585475095106399
2016-03-06 13:00:00,1.7577950007120768,1.4023481098374984,0.3554468908745785,1.2534655185692567
2016-03-06 14:00:00,2.0985950152079265,1.8609388034619645,0.23765621174596196,1.127707698557224
2016-03-06 15:00:00,1.6338783321380614,2.843437465984005,-1.2095591338459435,0.5746137735343649
2016-03-06 16:00:00,0.49510333180427546,2.7144338897378715,-2.219330557933596,0.18239653346358964
2016-03-06 17:00:00,0.9603833314577739,1.734681441582513,-0.774298110124739,0.5536367130218657
2016-03-06 18:00:00,1.073215002377828,0.8276678030899799,0.24554719928784807,1.296673615152278
2016-03-06 19:00:00,1.2869649863243104,1.1347695264651512,0.15219545985915928,1.1341201506646497
2016-03-06 20:00:00,1.1878416677713393,1.9896705903534613,-0.801828922582122,0.5970041842757103
2016-03-06 21:00:00,1.6123016713460288,2.5808190716550956,-0.9685174003090669,0.6247247972761025
2016-03-06 22:00:00,1.754396664937337,2.38487046330087,-0.6304737983635329,0.7356360405877551
2016-03-06 23:00:00,1.9280283406575522,2.436278915224258,-0.5082505745667056,0.7913824351593498
2016-03-07 00:00:00,1.4851466751098634,2.231624267987662,-0.7464775928777985,0.6655003247697584
2016-03-07 01:00:00,2.9152416598002118,1.8148693963063571,1.1003722634938546,1.606309338695856
2016-03-07 02:00:00,2.5464433310826617,2.238206472078246,0.30823685900441555,1.1377160073700474
2016-03-07 03:00:00,3.8777016626993817,3.1184183283276727,0.7592833343717089,1.2434834760539946
2016-03-07 04:00:00,4.042606643676758,3.1985171029561212,0.844089540720637,1.2639002742678835
2016-03-07 05:00:00,4.536078338623048,3.2305435676343843,1.3055347709886633,1.404122322963953
2016-03-07 06:00:00,4.589221654256185,3.3596269177369695,1.229594736519215,1.3659914528091306
2016-03-07 07:00:00,5.906885030110677,2.635642202872789,3.2712428272378875,2.2411558836295415
2016-03-07 08:00:00,4.245128354390462,3.4860960706737987,0.7590322837166634,1.2177313155830374
2016-03-07 09:00:00,4.283003359476726,3.8940481772989126,0.388955182177813,1.0998845326170592
2016-03-07 10:00:00,5.291055023193359,3.5431640821856183,1.747890941007741,1.493313575229501
2016-03-07 11:00:00,6.090833363850912,3.7640502975744634,2.3267830662764486,1.6181593980760078
2016-03-07 12:00:00,4.570358342488607,4.245745090420932,0.32461325206767455,1.076456133176731
2016-03-07 13:00:00,3.033386655171712,4.112208127741292,-1.07882147256958,0.7376539710400934
2016-03-07 14:00:00,2.822825007120768,3.337132993018738,-0.51430798589797,0.8458832815551854
2016-03-07 15:00:00,2.2505633341471354,3.4131840304580705,-1.1626206963109351,0.6593735685107772
2016-03-07 16:00:00,1.4237833239237467,3.0651308010116707,-1.641347477087924,0.4645098093216171
2016-03-07 17:00:00,0.8141266702016194,1.8985183506580012,-1.0843916804563818,0.4288221232728427
2016-03-07 18:00:00,1.0271100015640258,1.118538590066473,-0.09142858850244728,0.9182606757474377
2016-03-07 19:00:00,2.277581647872925,0.7640958739412308,1.5134857739316945,2.9807537581967125
2016-03-07 20:00:00,0.5630049999554951,0.8348078768165165,-0.27180287686102134,0.6744126589970338
2016-03-07 21:00:00,0.47588666884104414,0.8149603286262259,-0.3390736597851818,0.5839384472164966
2016-03-07 22:00:00,1.146491668701172,0.970403326968429,0.1760883417327429,1.1814589221193712
2016-03-07 23:00:00,0.9940683377583821,1.2094115108116572,-0.2153431730532751,0.8219438370412445
2016-03-08 00:00:00,0.9353749987284342,0.9984384864038446,-0.06306348767541037,0.9368378838214149
2016-03-08 01:00:00,0.6042766649723053,0.8087974211394487,-0.2045207561671435,0.7471298117160031
2016-03-08 02:00:00,0.5377999993960062,0.6323239257424239,-0.09452392634641771,0.8505134433503598
2016-03-08 03:00:00,0.8253483268618583,0.9923196624638287,-0.16697133560197042,0.8317363427150102
2016-03-08 04:00:00,2.386425018310547,1.3273091995221658,1.0591158187883811,1.7979420463368032
2016-03-08 05:00:00,1.5305816685358682,1.8045333945275635,-0.27395172599169526,0.848186945820741
2016-03-08 06:00:00,2.9831400146484377,2.012876090066723,0.9702639245817148,1.4820286401978935
2016-03-08 07:00:00,3.26770834350586,2.462959148175418,0.8047491953304422,1.3267407808719067
2016-03-08 08:00:00,3.5141783370971678,2.699951310552779,0.8142270265443887,1.3015710036555017
2016-03-08 09:00:00,2.0867366663614906,2.346054813860806,-0.25931814749931537,0.8894662878432213
2016-03-08 10:00:00,1.1613333320617676,2.3294942508316083,-1.1681609187698407,0.498534534544218
2016-03-08 11:00:00,1.7011533266703287,3.420585991435415,-1.7194326647650864,0.49732803997026737
2016-03-08 12:00:00,3.446348314921061,4.124937644903427,-0.6785893299823655,0.8354910089802696
2016-03-08 13:00:00,4.350990025838216,4.026571148789496,0.3244188770487204,1.0805695131318491
2016-03-08 14:00:00,4.216423319498698,4.140384698214898,0.07603862128380001,1.0183651102074123
2016-03-08 15:00:00,3.6492516810099285,3.4931692266665983,0.15608245434333012,1.044682190931893
2016-03-08 16:00:00,3.806508310953776,3.489391929181467,0.3171163817723093,1.0908801270273751
2016-03-08 17:00:00,3.72682999420166,3.28431154382394,0.4425184503777202,1.1347370505121124
2016-03-08 18:00:00,4.216294987996418,3.954133462986161,0.26216152501025736,1.0663006262849493
2016-03-08 19:00:00,6.144306660970052,4.157603529174826,1.9867031317952266,1.4778481444548741
2016-03-08 20:00:00,7.587845062255859,4.3513542341481966,3.2364908281076623,1.7437893248746787
2016-03-08 21:00:00,5.534280008951823,4.268201624698195,1.2660783842536283,1.2966304068035102
2016-03-08 22:00:00,3.6429166437784835,3.931634149115834,-0.28871750533735074,0.9265655210054885
2016-03-08 23:00:00,2.1322266642252607,3.1317816801360667,-0.999555015910806,0.6808350268313154
2016-03-09 00:00:00,1.4653933213551837,2.510199147987427,-1.044805826632243,0.5837757225477808
2016-03-09 01:00:00,1.269695001602173,1.7373454490039237,-0.46765044740175066,0.7308247201672703
2016-03-09 02:00:00,1.2181266696304083,0.8038991236430434,0.4142275459873649,1.515273040863887
2016-03-09 03:00:00,1.8041066652933755,1.8515890840188824,-0.04748241872550696,0.9743558551217821
2016-03-09 04:00:00,5.35261166381836,3.026999451639346,2.325612212179014,1.768289604717147
2016-03-09 05:00:00,4.812801691691081,4.064550309683865,0.7482513820072159,1.1840920458591675
2016-03-09 06:00:00,3.4251133276621504,5.523419057796617,-2.0983057301344665,0.6201074537025052
2016-03-09 07:00:00,3.583301676432291,6.064886911128563,-2.481585234696272,0.5908274513506971
2016-03-09 08:00:00,7.123618296305338,6.201801283099276,0.9218170132060619,1.1486369799880778
2016-03-09 09:00:00,7.9171833170652395,7.148092718826563,0.7690905982386766,1.107593819567149
2016-03-09 10:00:00,8.313913309733072,8.025567031921156,0.28834627781191635,1.0359284617105606
2016-03-09 11:00:00,9.319019958496094,9.41585194552717,-0.09683198703107543,0.989716067373269
2016-03-09 12:00:00,9.735009978840749,8.79083332742538,0.9441766514153684,1.1074046812456055
2016-03-09 13:00:00,8.936379973977804,8.61113758678769,0.325242387190114,1.0377699675463485
2016-03-09 14:00:00,8.77321836344401,8.387396770699885,0.38582159274412575,1.0460001599175486
2016-03-09 15:00:00,8.317284966210524,8.526685949924337,-0.2094009837138131,0.9754416915383554
2016-03-09 16:00:00,9.061093343098957,7.7306550691602824,1.3304382739386744,1.1720990345625637
2016-03-09 17:00:00,9.895298325220745,7.591957731456218,2.303340593764527,1.3033921783074418
2016-03-09 18:00:00,9.312641642252604,7.908181687643988,1.4044599546086163,1.1775958128027069
2016-03-09 19:00:00,7.564253336588542,7.815196499219254,-0.2509431626307119,0.9678903578872545
2016-03-09 20:00:00,6.891116617838542,5.98153796830299,0.9095786495355522,1.1520643443802476
2016-03-09 21:00:00,5.758633341471354,5.088331059346452,0.6703022821249016,1.1317332292861848
2016-03-09 22:00:00,4.960741658528646,4.338739030226787,0.6220026283018596,1.1433602306957253
2016-03-09 23:00:00,2.934953318277995,4.2553276369006845,-1.3203743186226893,0.6897126540450437
2016-03-10 00:00:00,2.8451133321126303,4.0082438946755765,-1.1631305625629462,0.7098154221333657
2016-03-10 01:00:00,3.2431349945068364,3.277147260121214,-0.03401226561437776,0.98962138014722
2016-03-10 02:00:00,2.8417350107828776,3.109601462170758,-0.26786645138788057,0.9138582694127987
2016-03-10 03:00:00,3.456611653645833,3.0803759523195535,0.3762357013262796,1.1221395398321332
2016-03-10 04:00:00,5.501881652832031,2.7994713781527434,2.7024102746792877,1.9653287744854522
2016-03-10 05:00:00,3.4550516713460286,2.353457791451612,1.1015938798944167,1.4680746278500088
2016-03-10 06:00:00,1.2183933486938474,2.2546751199577746,-1.0362817712639272,0.5403853255437818
2016-03-10 07:00:00,1.6905949910481772,1.5798111429240107,0.11078384812416653,1.0701247415682364
2016-03-10 08:00:00,1.6004833323160808,2.0996347569960734,-0.49915142467999263,0.7622674977079711
2016-03-10 09:00:00,1.3568033302128315,2.026351737652752,-0.6695484074399203,0.6695793750913652
2016-03-10 10:00:00,0.8765233297447366,1.2378406569767513,-0.3613173272320147,0.7081067541322479
2016-03-10 11:00:00,0.37237166696786883,0.8955419472365885,-0.5231702802687197,0.4158059464628226
2016-03-10 12:00:00,0.3648516699274381,0.7246631937592303,-0.35981152383179216,0.5034775783695457
2016-03-10 13:00:00,0.2614050004084905,0.5586475158864366,-0.29724251547794606,0.46792475214662843
2016-03-10 14:00:00,0.41162833577394486,0.5161504879917057,-0.10452215221776084,0.7974967482362615
2016-03-10 15:00:00,0.6546466643015543,0.7942483189570146,-0.13960165465546037,0.8242342459864674
2016-03-10 16:00:00,0.40590666611989334,0.6603784457853289,-0.25447177966543555,0.6146576538202801
2016-03-10 17:00:00,0.7433100013732911,0.3102256080365876,0.43308439333670345,2.3960304440297078
2016-03-10 18:00:00,0.9807416696548461,0.4544215974529954,0.5263200722018507,2.158219757053454
2016-03-10 19:00:00,1.0757116718292234,0.7014419144375359,0.37426975739168755,1.5335719889105894
2016-03-10 20:00:00,1.6264616533915202,0.9329190652006842,0.6935425881908359,1.7434113140796892
2016-03-10 21:00:00,0.9268799972534181,0.7165698966972098,0.21031010055620825,1.2934955843464295
2016-03-10 22:00:00,0.6526333338419597,0.47524940602174665,0.177383927820213,1.373243870634309
2016-03-10 23:00:00,0.13091166653235753,0.30589008006713286,-0.17497841353477533,0.42796963701348767
2016-03-11 00:00:00,0.0003700000445048011,0.1708351392927873,-0.1704651392482825,0.002165831023034865
2016-03-11 01:00:00,0.3005733345250288,0.11693834557758107,0.18363498894744776,2.5703573369405825
2016-03-11 02:00:00,0.2066133320828279,0.2072887397616439,-0.0006754076788159924,0.9967417058949144
2016-03-11 03:00:00,0.17016500238577525,0.4061203375807127,-0.23595533519493744,0.4190014304613753
2016-03-11 04:00:00,0.12175666602452596,0.31809666265835945,-0.1963399966338335,0.38276624786627966
2016-03-11 05:00:00,0.004271666581432024,0.1548702146388235,-0.15059854805739148,0.02758223452711084
2016-03-11 06:00:00,0.004814999878406525,0.12898327486305677,-0.12416827498465025,0.03733042042480836
2016-03-11 07:00:00,0.011798333545525869,0.17546649003767917,-0.1636681564921533,0.06723981053585974
2016-03-11 08:00:00,0.053823333750168484,0.17172606816233865,-0.11790273441217017,0.3134255289609694
2016-03-11 09:00:00,0.0654433338046074,0.18003742802857492,-0.11459409422396752,0.3634984931812093
2016-03-11 10:00:00,0.006366666684548061,0.06033108113165048,-0.05396441444710241,0.10552880149213875
2016-03-11 11:00:00,0.002378333250681559,0.028174641872558043,-0.025796308621876485,0.08441396563049285
2016-03-11 12:00:00,0.0,0.06405367967002243,-0.06405367967002243,0.0
2016-03-11 13:00:00,0.0,0.01262347603372717,-0.01262347603372717,0.0
2016-03-11 14:00:00,0.0,0.000815859749409455,-0.000815859749409455,0.0
2016-03-11 15:00:00,0.0,0.19027982149635833,-0.19027982149635833,0.0
2016-03-11 16:00:00,0.0,0.20403332527608659,-0.20403332527608659,0.0
2016-03-11 17:00:00,0.0026450000504652654,0.3398675997801914,-0.3372225997297261,0.007782442492829306
2016-03-11 18:00:00,0.16770833305517832,0.7487359152386316,-0.5810275821834533,0.22398863156140647
2016-03-11 19:00:00,0.2363366663058599,0.7032845134350321,-0.46694784712917214,0.3360470219250636
2016-03-11 20:00:00,0.2647349999745687,0.8712541435433259,-0.6065191435687571,0.3038550828555157
2016-03-11 21:00:00,0.2531650017102559,0.8661021914686579,-0.612937189758402,0.29230384613270816
2016-03-11 22:00:00,0.6551699976126354,0.7986461237390209,-0.1434761261263855,0.8203508138815306
2016-03-11 23:00:00,1.5009316596984863,1.0079755130096912,0.49295614668879506,1.489055676776203
2016-03-12 00:00:00,2.1283783473968505,1.159553000956497,0.9688253464403536,1.835516225339579
2016-03-12 01:00:00,1.9691366488138835,1.1110582222994347,0.8580784265144488,1.7723073456389877
2016-03-12 02:00:00,1.8173450024922688,1.1975598549878932,0.6197851475043756,1.5175400168291726
2016-03-12 03:00:00,1.7607266642252606,1.2288532653397972,0.5318733988854634,1.4328209184018337
2016-03-12 04:00:00,0.8895966704686482,1.2091011995681167,-0.31950452909946847,0.735750382835123
2016-03-12 05:00:00,1.2429466603597004,1.0330733818867823,0.20987327847291803,1.2031542794081191
2016-03-12 06:00:00,0.3389733298420906,0.989780482151262,-0.6508071523091714,0.3424732412436957
2016-03-12 07:00:00,0.19764999818801876,0.7805837673658209,-0.5829337691778022,0.2532079277730996
2016-03-12 08:00:00,0.036321666618188225,0.7297493205281063,-0.693427653909918,0.0497727995031265
2016-03-12 09:00:00,0.1322816666960716,0.5801697619816814,-0.44788809528560974,0.22800510361697954
2016-03-12 10:00:00,0.09658333400885262,0.4558099063786038,-0.3592265723697512,0.21189388966160114
2016-03-12 11:00:00,0.11212833438316981,0.5162575698002827,-0.4041292354171129,0.21719455741161786
2016-03-12 12:00:00,0.0198683332602183,0.4260690732235859,-0.4062007399633676,0.04663171891331363
2016-03-12 13:00:00,0.02989500004053116,0.18888907165909846,-0.1589940716185673,0.15826749413266636
2016-03-12 14:00:00,0.0043049999525149665,-0.021513384337048705,0.02581838428956367,-0.2001079832474905
2016-03-12 15:00:00,0.00022166667381922402,0.2661402292640945,-0.26591856259027524,0.0008328942769462382
2016-03-12 16:00:00,0.02012666690349579,0.2194747442287113,-0.1993480773252155,0.09170379477705233
2016-03-12 17:00:00,0.19261333450923362,0.24802165933102635,-0.055408324821792726,0.7765988463618774
2016-03-12 18:00:00,0.5020216660499572,0.4049712945723187,0.09705037147763856,1.2396475325001277
2016-03-12 19:00:00,0.27431999842325844,0.4288809349318972,-0.15456093650863878,0.6396180759744384
2016-03-12 20:00:00,0.043778333177169164,0.43772121696137667,-0.3939428837842075,0.10001419049566437
2016-03-12 21:00:00,0.0023166665583848954,0.4437029911038701,-0.4413863245454852,0.005221210144699177
2016-03-12 22:00:00,0.0,0.49727223712433816,-0.49727223712433816,0.0
2016-03-12 23:00:00,0.0011333333154519398,0.4823865138286603,-0.48125318051320837,0.002349429934217627
2016-03-13 00:00:00,0.0,0.2511183035947762,-0.2511183035947762,0.0
2016-03-13 01:00:00,0.028351666877667107,0.32802035879465574,-0.29966869191698864,0.08643264394273635
2016-03-13 02:00:00,0.34945500058929124,0.5633785616379761,-0.21392356104868482,0.6202845198320647
2016-03-13 03:00:00,0.10783166764179868,0.45123339680255975,-0.34340172916076106,0.23897093700487146
2016-03-13 04:00:00,0.017789999614159266,0.3305966644834553,-0.31280666486929604,0.053811794023861256
2016-03-13 05:00:00,0.042956667015949884,0.41075840347024534,-0.3678017364542955,0.10457891220979389
2016-03-13 06:00:00,0.34851666720708213,0.8997514319827491,-0.551234764775667,0.3873477216247034
2016-03-13 07:00:00,0.16467833332220716,0.5234019830674146,-0.35872364974520743,0.31463070192647025
2016-03-13 08:00:00,0.06588833244641623,0.5046763527916727,-0.43878802034525644,0.13055561664807094
2016-03-13 09:00:00,0.07723833322525024,0.5654273107929051,-0.48818897756765484,0.1366017023778672
2016-03-13 10:00:00,0.4059183336893718,0.7577865756612685,-0.3518682419718967,0.5356631362005254
2016-03-13 11:00:00,0.5051100041468939,0.9949763501110644,-0.48986634596417056,0.5076603118159652
2016-03-13 12:00:00,0.8397899964650473,1.006692531465274,-0.16690253500022667,0.8342070396039448
2016-03-13 13:00:00,0.8852800064086914,0.8701091954986399,0.015170810910051569,1.017435525320885
2016-03-13 14:00:00,1.0514300028483072,1.0609589022162074,-0.009528899367900134,0.9910185970936334
2016-03-13 15:00:00,1.2700849939982097,1.9009666519485513,-0.6308816579503416,0.6681258678032738
2016-03-13 16:00:00,1.748693339029948,2.2628803478094297,-0.5141870087794818,0.7727732227303852
2016-03-13 17:00:00,1.8563633346557618,1.8923914296784603,-0.03602809502269855,0.9809616052695714
2016-03-13 18:00:00,3.1262833226521813,1.4357965339792782,1.6904867886729031,2.177386035323373
2016-03-13 19:00:00,1.5516049995422365,2.4425018479684395,-0.890896848426203,0.6352523339267031
2016-03-13 20:00:00,1.5837066739400227,2.397061444196548,-0.8133547702565251,0.6606867244785429
2016-03-13 21:00:00,2.130733324686686,2.2938603714204575,-0.16312704673377132,0.9288853633960484
2016-03-13 22:00:00,1.4397699953715006,2.4323305477468913,-0.9925605523753906,0.5919302360878475
2016-03-13 23:00:00,1.2630550003051757,2.7345178637645335,-1.4714628634593578,0.46189312457676307
2016-03-14 00:00:00,3.0448950068155924,3.0338787386707233,0.011016268144869112,1.0036310838678066
2016-03-14 01:00:00,2.841415008544922,3.208152784930904,-0.3667377763859818,0.8856856886278623
2016-03-14 02:00:00,2.139278340657552,2.7943491169496615,-0.6550707762921095,0.765573037270593
2016-03-14 03:00:00,2.264869992574056,2.6822034504599426,-0.4173334578858867,0.8444064868329348
2016-03-14 04:00:00,2.3273500010172525,2.794411982513058,-0.46706198149580525,0.832858581906105
2016-03-14 05:00:00,1.897754990895589,3.9902252082803478,-2.0924702173847587,0.4756009728366829
2016-03-14 06:00:00,2.729840016682943,3.0323577302615816,-0.30251771357863877,0.900236799055848
2016-03-14 07:00:00,3.1923382873535155,2.5311740244084286,0.6611642629450869,1.2612085366590353
2016-03-14 08:00:00,3.639950013478597,3.448864063137963,0.19108595034063436,1.0554054746265569
2016-03-14 09:00:00,4.603100021362305,3.7010345470763673,0.902065474285938,1.243733329914071
2016-03-14 10:00:00,5.110531641642252,3.4754114777397107,1.6351201639025414,1.470482466428973
2016-03-14 11:00:00,4.725838337004185,4.449457632292898,0.2763807047112872,1.0621155942030764
2016-03-14 12:00:00,4.826120035807291,5.857755723567452,-1.0316356877601613,0.8238855055683542
2016-03-14 13:00:00,5.825816686073939,6.331362541797507,-0.5055458557235681,0.9201521232773947
2016-03-14 14:00:00,5.952338358561199,6.664407701723442,-0.7120693431622431,0.8931533941151141
2016-03-14 15:00:00,6.488608306884766,6.878931874193742,-0.3903235673089762,0.9432581141305859
2016-03-14 16:00:00,7.382980026245118,6.784339302257675,0.598640723987443,1.0882386179871972
2016-03-14 17:00:00,7.076471720377604,6.191792935667766,0.8846787847098385,1.1428792587060939
2016-03-14 18:00:00,3.7960450083414714,4.277012104105947,-0.4809670957644756,0.8875460054689241
2016-03-14 19:00:00,3.4894933268229167,4.450994563884107,-0.9615012370611904,0.7839805860777893
2016-03-14 20:00:00,4.521346674601237,4.285419948369129,0.2359267262321083,1.0550533504474615
2016-03-14 21:00:00,3.261699971516927,3.9738552801242517,-0.7121553086073247,0.8207898228782359
2016-03-14 22:00:00,1.784446674346924,3.754157001394228,-1.969710327047304,0.4753255321192512
2016-03-14 23:00:00,2.5438233286539713,3.1555762757096626,-0.6117529470556913,0.8061359024135415
2016-03-15 00:00:00,1.6582616755167643,2.703010570942299,-1.0447488954255348,0.6134869368781921
2016-03-15 01:00:00,1.4909816652933756,2.1779659244992144,-0.6869842592058388,0.6845752950134888
2016-03-15 02:00:00,1.8523549931844074,1.9479050108722589,-0.09555001768785143,0.9509472909846539
2016-03-15 03:00:00,2.0239066569010418,1.8009813951186657,0.22292526178237604,1.1237798804510624
2016-03-15 04:00:00,0.7898233391443887,1.9934926083295776,-1.203669269185189,0.39620078642087936
2016-03-15 05:00:00,1.1137583376566569,2.0901287803967685,-0.9763704427401116,0.5328658923328315
2016-03-15 06:00:00,1.440186653137207,2.2931381888778906,-0.8529515357406836,0.6280418075641305
2016-03-15 07:00:00,3.021353360493978,1.8155818783727398,1.2057714821212384,1.6641239904872487
2016-03-15 08:00:00,3.9921199951171875,2.302454816715122,1.6896651784020653,1.7338537834208991
2016-03-15 09:00:00,4.882176666855812,2.8864627535183653,1.9957139133374464,1.6914046997158831
2016-03-15 10:00:00,4.0090233459472655,2.760054922919343,1.2489684230279225,1.4525157860651823
2016-03-15 11:00:00,2.934975010911624,2.7418068868408687,0.19316812407075545,1.07045285537718
2016-03-15 12:00:00,3.032041669865449,2.8813455587627392,0.15069611110270964,1.0523006033220879
2016-03-15 13:00:00,3.199641651729743,3.24861918598058,-0.048977534250837174,0.9849235840069529
2016-03-15 14:00:00,2.857353327512741,3.864537703552518,-1.0071843760397767,0.7393777850546233
2016-03-15 15:00:00,2.1699399897257488,4.314794917858879,-2.14485492813313,0.5029068660353696
2016-03-15 16:00:00,3.662776687641938,4.47676823124551,-0.8139915436035716,0.8181742941431869
2016-03-15 17:00:00,4.453608350118001,4.514053950498608,-0.06044560038060709,0.9866094643432584
2016-03-15 18:00:00,6.023285039265951,4.555581387225686,1.4677036520402647,1.3221770235860246
2016-03-15 19:00:00,7.091146672566732,4.952551172371287,2.1385955001954455,1.4318169415645803
2016-03-15 20:00:00,7.507001678466797,4.991370978362574,2.5156307001042233,1.5039959383923571
2016-03-15 21:00:00,5.5652649841308595,4.753251280756649,0.8120137033742107,1.1708333213229472
2016-03-15 22:00:00,5.897595021565754,4.923907946277659,0.9736870752880957,1.1977468071928876
2016-03-15 23:00:00,5.115148351033528,4.59533378762465,0.519814563408878,1.1131179120891614
2016-03-16 00:00:00,5.129370005289713,4.348342663785434,0.781027341504279,1.1796149480143219
2016-03-16 01:00:00,3.7428850275675454,4.050082860313515,-0.3071978327459699,0.9241502351084763
2016-03-16 02:00:00,3.936078358968099,4.320445779868044,-0.38436742089994524,0.9110352402312326
2016-03-16 03:00:00,4.50690163675944,4.871620760615783,-0.364719123856343,0.9251339252831656
2016-03-16 04:00:00,5.354676671346029,4.796387706657386,0.5582889646886429,1.1163977974327925
2016-03-16 05:00:00,6.118609995524089,4.481870473807497,1.636739521716592,1.3651911699103896
2016-03-16 06:00:00,5.113543324788411,4.201966768162545,0.9115765566258665,1.216940448823322
2016-03-16 07:00:00,6.422546661376954,3.310768649004918,3.1117780123720356,1.9398959402697342
2016-03-16 08:00:00,6.402270038450757,4.979074272180223,1.423195766270534,1.285835416077726
2016-03-16 09:00:00,5.455483357747396,6.4416147519552975,-0.9861313942079013,0.8469123919730578
2016-03-16 10:00:00,5.107446657299995,5.3047708246006025,-0.1973241673006072,0.9628025085672831
2016-03-16 11:00:00,6.211879984537761,5.938600149692644,0.2732798348451171,1.0460175509306282
2016-03-16 12:00:00,7.157385009765624,6.7512388648622,0.40614614490342404,1.0601587579751133
2016-03-16 13:00:00,5.411438359975814,6.491143995388743,-1.079705635412929,0.833664815296049
2016-03-16 14:00:00,5.033181645711264,6.8518168716650445,-1.8186352259537806,0.7345762065716391
2016-03-16 15:00:00,7.140363291422528,7.4385850328120995,-0.2982217413895718,0.9599088079152022
2016-03-16 16:00:00,9.042233357747396,7.643216235719676,1.39901712202772,1.1830403692479061
2016-03-16 17:00:00,8.766988291422527,7.54365905485503,1.2233292365674968,1.1621665597121829
2016-03-16 18:00:00,5.436638300577799,5.53734315586376,-0.10070485528596063,0.9818135065045915
2016-03-16 19:00:00,4.921820027669272,4.789834867648182,0.13198516002108995,1.027555263107827
2016-03-16 20:00:00,3.988749984741211,4.519362460971715,-0.530612476230504,0.8825912989248452
2016-03-16 21:00:00,2.9317100092569985,3.8552277437553486,-0.9235177344983501,0.7604505373270741
2016-03-16 22:00:00,3.4228933512369792,3.258687294408775,0.16420605682820444,1.0503902467444322
2016-03-16 23:00:00,2.2241666641235356,2.551700959144601,-0.32753429502106535,0.871640799503848
2016-03-17 00:00:00,2.277760009765625,2.6315977090815363,-0.35383769931591136,0.865542632867162
2016-03-17 01:00:00,2.453466679890951,2.749950465037327,-0.2964837851463762,0.8921857724654135
2016-03-17 02:00:00,2.447308334350586,2.5145334918763655,-0.06722515752577962,0.9732653560817695
2016-03-17 03:00:00,1.6675900001525876,2.1615707032220604,-0.4939807030694727,0.7714714108897109
2016-03-17 04:00:00,0.9984700043996176,2.0464137635411754,-1.0479437591415577,0.48791208414853277
2016-03-17 05:00:00,1.1749283336003622,2.0106586564916977,-0.8357303228913355,0.5843499739783969
2016-03-17 06:00:00,0.7699300009409586,1.9559283375856196,-1.185998336644661,0.3936391667045191
2016-03-17 07:00:00,0.6967716619173686,1.8011371914253433,-1.1043655295079748,0.38685096573125183
2016-03-17 08:00:00,1.5150350017547605,1.6333879166508958,-0.11835291489613531,0.9275414531418804
2016-03-17 09:00:00,2.2144649810791015,1.913301796741583,0.30116318433751843,1.1574049555853705
2016-03-17 10:00:00,1.697138343811035,2.02871970195299,-0.3315813581419551,0.836556347423081
2016-03-17 11:00:00,1.7750100021362307,1.6546014574238064,0.12040854471242435,1.0727719319792568
2016-03-17 12:00:00,1.1020966642697652,1.6090260978454152,-0.50692943357565,0.6849464192939694
2016-03-17 13:00:00,1.2065533335606258,1.342661683727321,-0.1361083501666953,0.898627962787432
2016-03-17 14:00:00,0.7223833370208741,1.0921596826425541,-0.36977634562168005,0.6614264823189763
2016-03-17 15:00:00,0.863416664123535,1.437770404936005,-0.5743537408124699,0.6005247160181779
2016-03-17 16:00:00,1.5038199801146983,1.3534731980679207,0.15034678204677765,1.1110822011558095
2016-03-17 17:00:00,1.2430700098673504,1.2922630955724417,-0.04919308570509129,0.9619326080937877
2016-03-17 18:00:00,1.1038933347066244,0.5968925265748651,0.5070008081317593,1.8494004960006294
2016-03-17 19:00:00,0.7951466670831046,0.7154388333036443,0.07970783377946022,1.1114111089153458
2016-03-17 20:00:00,0.09643166622519493,0.6378862657440945,-0.5414545995188995,0.15117376153679588
2016-03-17 21:00:00,0.15431666763623558,0.521344436356916,-0.3670277687206804,0.29599753421093256
2016-03-17 22:00:00,0.050646666156748926,0.3456733047796098,-0.2950266386228608,0.14651598910433541
2016-03-17 23:00:00,0.0465916660130024,1.280944430779161,-1.2343527647661587,0.03637290181640592
2016-03-18 00:00:00,0.0,0.4497887732281829,-0.4497887732281829,0.0
2016-03-18 01:00:00,0.0,0.2552379776448389,-0.2552379776448389,0.0
2016-03-18 02:00:00,0.0,0.38757978612553345,-0.38757978612553345,0.0
2016-03-18 03:00:00,0.1217316663066546,0.3803391943620918,-0.2586075280554372,0.32006079865322323
2016-03-18 04:00:00,0.6664883321126301,0.9925321997675425,-0.32604386765491233,0.6715029822394941
2016-03-18 05:00:00,1.2254966608683266,1.6527078254167555,-0.4272111645484289,0.7415083549684888
2016-03-18 06:00:00,1.0856333351135254,1.7259937329557569,-0.6403603978422314,0.6289903111376789
2016-03-18 07:00:00,1.8879399973551434,1.6335486853307066,0.25439131202443677,1.1557292502567416
2016-03-18 08:00:00,2.403724988301595,2.532027844155699,-0.12830285585410373,0.9493280233271344
2016-03-18 09:00:00,1.8259233322143555,2.648686861508883,-0.8227635292945275,0.6893692715242972
2016-03-18 10:00:00,2.1622349955240887,2.221228723886625,-0.058993728362536135,0.973440948368743
2016-03-18 11:00:00,3.099881647745768,2.768402604871201,0.33147904287456686,1.1197365738246692
2016-03-18 12:00:00,3.2692700017293297,2.838053376886604,0.4312166248427256,1.1519409847448951
2016-03-18 13:00:00,2.618625,2.620080782720518,-0.0014557827205177176,0.9994443748719052
2016-03-18 14:00:00,2.359379997253418,2.5803165373639643,-0.2209365401105461,0.9143761872191644
2016-03-18 15:00:00,2.99518499247233,3.3583687885942233,-0.3631837961218931,0.8918570833092104
2016-03-18 16:00:00,2.3163216641743976,3.3520790515008185,-1.035757387326421,0.6910104530909903
2016-03-18 17:00:00,2.54578666305542,3.7104652686107924,-1.1646786055553724,0.6861098214803043
2016-03-18 18:00:00,3.0749183375040685,2.484325185447663,0.5905931520564054,1.237727796472016
2016-03-18 19:00:00,3.6676533253987627,2.830870352900235,0.8367829724985278,1.2955921212150325
2016-03-18 20:00:00,2.334153340657552,3.2297255738717845,-0.8955722332142324,0.7227094956737692
2016-03-18 21:00:00,1.83568332862854,3.3064355367666334,-1.4707522081380935,0.555184974337548
2016-03-18 22:00:00,1.6932099990844727,2.4588363167323637,-0.765626317647891,0.6886224949429088
2016-03-18 23:00:00,1.808930002848307,2.3870000223811,-0.578070019532793,0.7578257167521298
2016-03-19 00:00:00,2.11985834757487,2.5373370713021552,-0.41747872372728523,0.8354658005634875
2016-03-19 01:00:00,1.9105766766866046,2.315921902403657,-0.40534522571705245,0.8249745704739218
2016-03-19 02:00:00,2.061451663970947,2.3222116394970618,-0.26075997552611474,0.8877105036031129
2016-03-19 03:00:00,2.503616644541422,2.593548890153511,-0.08993224561208901,0.9653246383927754
2016-03-19 04:00:00,3.939553354899089,2.5795868307166296,1.3599665241824592,1.5272032358006145
2016-03-19 05:00:00,3.553091672261556,2.4687360737094632,1.0843555985520927,1.4392351252528854
2016-03-19 06:00:00,2.1488499908447265,2.726155708689867,-0.5773057178451406,0.7882345032585899
2016-03-19 07:00:00,1.8022516708374023,2.4284425161404815,-0.6261908453030791,0.7421430232994426
2016-03-19 08:00:00,1.8162616806030272,5.8360738665560445,-4.019812185953017,0.3112129356366133
2016-03-19 09:00:00,3.5075716908772785,5.618784123756819,-2.1112124328795403,0.62425813372094
2016-03-19 10:00:00,3.47451833597819,3.7720698564261075,-0.29755152044791755,0.9211171765705749
2016-03-19 11:00:00,4.281111684163411,3.5083565737699454,0.772755110393466,1.2202612802161934
2016-03-19 12:00:00,4.543443328857421,3.8421752060241325,0.7012681228332887,1.1825185175662403
2016-03-19 13:00:00,4.585479995727539,3.883096208633422,0.7023837870941168,1.1808824065529158
2016-03-19 14:00:00,3.603823331197103,3.820672153222165,-0.21684882202506195,0.9432432793684791
2016-03-19 15:00:00,4.586959996541341,4.545927596248181,0.04103240029315991,1.009026188698435
2016-03-19 16:00:00,4.454601674397787,3.211133440192362,1.2434682342054248,1.3872365497619854
2016-03-19 17:00:00,4.784984965006511,3.3583687885942233,1.4266161764122876,1.4247943767395044
2016-03-19 18:00:00,3.2708016611735027,2.511637604233079,0.7591640569404237,1.3022585964077538
2016-03-19 19:00:00,2.5079033279418943,2.5276301992868224,-0.01972687134492812,0.9921955073370724
2016-03-19 20:00:00,4.352641647338867,2.404674026391078,1.947967620947789,1.8100755443644427
2016-03-19 21:00:00,2.6167950083414713,2.3601969664268068,0.2565980419146645,1.1087189101438166
2016-03-19 22:00:00,3.3451933212280274,1.5043823750344563,1.840810946193571,2.223632353544031
2016-03-19 23:00:00,1.969075008392334,1.9493851837997997,0.019689824592534322,1.0101005305447917
2016-03-20 00:00:00,0.7696966643941898,1.9180060317237382,-1.1483093673295484,0.40130043996913445
2016-03-20 01:00:00,0.9887716693878175,1.8247401858504462,-0.8359685164626287,0.541869838267954
2016-03-20 02:00:00,1.1256883284250896,1.6887260572186389,-0.5630377287935493,0.6665902522278349
2016-03-20 03:00:00,1.425601665496826,1.7984978325761622,-0.37289616707933626,0.7926624317666254
2016-03-20 04:00:00,2.364003354390462,2.2024073842314444,0.16159597015901772,1.0733724247911602
2016-03-20 05:00:00,0.910535001675288,2.2739611237295607,-1.3634261220542727,0.4004180160221494
2016-03-20 06:00:00,1.3868699951171877,2.165900920146045,-0.7790309250288572,0.6403201467884654
2016-03-20 07:00:00,1.4270599975585938,1.9711184011259204,-0.5440584035673266,0.7239849198015931
2016-03-20 08:00:00,1.2385966618855795,1.8745002967857816,-0.6359036349002021,0.6607609846791753
2016-03-20 09:00:00,0.9580566654205322,1.7732166875659268,-0.8151600221453945,0.5402930573226474
2016-03-20 10:00:00,1.1516316579182944,1.45210538615389,-0.3004737282355956,0.793077189093387
2016-03-20 11:00:00,0.9743150011698405,1.143570209254794,-0.16925520808495342,0.8519940387435867
2016-03-20 12:00:00,0.616963327328364,1.1476561033651398,-0.5306927760367758,0.5375855411035706
2016-03-20 13:00:00,1.0774716701507567,1.0004991592571477,0.07697251089360901,1.0769341085211503
2016-03-20 14:00:00,0.6330150038401285,1.1408196099532442,-0.5078046061131156,0.5548773866764722
2016-03-20 15:00:00,0.5183716686566671,1.2586899486229597,-0.7403182799662926,0.41183427993826394
2016-03-20 16:00:00,0.40310000371932986,1.0484208093131262,-0.6453208055937963,0.3844830245056097
2016-03-20 17:00:00,0.31905666539072985,0.5367229089545517,-0.2176662435638218,0.5944532272941359
2016-03-20 18:00:00,0.6215933338701725,0.39837967596451473,0.22321365790565773,1.560303829168083
2016-03-20 19:00:00,0.496670001288255,0.33169446996678936,0.16497553132146564,1.4973719680583872
2016-03-20 20:00:00,0.045376667588949204,0.35720195036602126,-0.31182528277707205,0.12703365013111542
2016-03-20 21:00:00,0.0,0.33245153719015086,-0.33245153719015086,0.0
2016-03-20 22:00:00,0.0,0.28913495393783484,-0.28913495393783484,0.0
2016-03-20 23:00:00,0.0,0.5921038757033996,-0.5921038757033996,0.0
2016-03-21 00:00:00,0.7692149998247624,0.538982498615134,0.23023250120962835,1.4271613675790764
2016-03-21 01:00:00,0.7924483318328858,0.6255340202824885,0.16691431155039727,1.2668349060775614
2016-03-21 02:00:00,1.186376660982768,1.2551885082800909,-0.06881184729732293,0.9451780773617728
2016-03-21 03:00:00,1.5375999952952066,1.6649954770346111,-0.12739548173940451,0.9234859893035275
2016-03-21 04:00:00,1.6224183235168455,1.6798875385310266,-0.05746921501418112,0.9657898438460738
2016-03-21 05:00:00,2.704903340657552,1.6914243131684554,1.0134790274890964,1.5991867443306405
2016-03-21 06:00:00,4.094721644083659,2.1647202678299897,1.9300013762536694,1.8915707978234007
2016-03-21 07:00:00,3.5446016693115237,2.1395484340814064,1.4050532352301173,1.6567055051657957
2016-03-21 08:00:00,1.631821689605713,2.31454746266802,-0.6827257730623071,0.7050283979593501
2016-03-21 09:00:00,1.3774883257548014,2.224259049297773,-0.8467707235429716,0.6193021115007679
2016-03-21 10:00:00,2.923439994812012,2.755437249128406,0.16800274568360596,1.0609713560839567
2016-03-21 11:00:00,2.606096684773763,2.819447543653426,-0.2133508588796631,0.9243288425919057
2016-03-21 12:00:00,2.856078330993652,2.819447543653426,0.03663078734022607,1.0129921861545825
2016-03-21 13:00:00,2.6441716664632158,2.6411754143186377,0.0029962521445781043,1.0011344389048658
2016-03-21 14:00:00,1.2777316679954527,2.6875513085423735,-1.4098196405469208,0.47542596263527565
2016-03-21 15:00:00,1.657271676381429,3.065199554785393,-1.407927878403964,0.5406733384761506
2016-03-21 16:00:00,1.6678616587320962,2.3628560927625974,-0.6949944340305012,0.7058667956295512
2016-03-21 17:00:00,1.275444995244344,1.4109560489365685,-0.13551105369222438,0.9039579908996043
2016-03-21 18:00:00,1.1373916657765706,1.4835501370192163,-0.34615847124264576,0.7666688421207284
2016-03-21 19:00:00,1.1005416609446208,1.7022811236365,-0.6017394626918793,0.6465099363808884
2016-03-21 20:00:00,1.303486668586731,1.817425879948162,-0.513939211361431,0.7172158617131116
2016-03-21 21:00:00,1.6500533269246418,1.8703436340631663,-0.2202903071385245,0.8822193402717328
2016-03-21 22:00:00,1.5843383350372315,1.4432276856697241,0.1411106493675074,1.097774350345854
2016-03-21 23:00:00,1.44255832417806,0.9841961530570054,0.4583621711210546,1.4657223762736105
2016-03-22 00:00:00,2.1966183369954426,0.8530356364587278,1.343582700536715,2.575060458334933
2016-03-22 01:00:00,2.477088322957357,1.335796615546471,1.1412917074108861,1.8543903271861388
2016-03-22 02:00:00,3.151288324991862,1.9075868074853202,1.2437015175065418,1.6519763675373986
2016-03-22 03:00:00,3.3065950063069662,1.302706805755229,2.0038882005517373,2.538249582867579
2016-03-22 04:00:00,2.6734683380126953,0.9729289487434515,1.700539389269244,2.7478556799707823
2016-03-22 05:00:00,1.0844716625213624,0.793432486922206,0.2910391755991564,1.3668102584608337
2016-03-22 06:00:00,1.181986671447754,0.4749881761310021,0.706998495316752,2.4884549360272104
2016-03-22 07:00:00,1.1154016671180726,0.8013413619326601,0.3140603051854125,1.3919182512031674
2016-03-22 08:00:00,0.2560916643217206,0.13069097114544173,0.12540069317627886,1.9595207081040396
2016-03-22 09:00:00,0.026068333168824516,0.13011925816645561,-0.1040509249976311,0.2003418520529566
2016-03-22 10:00:00,0.03445000027616819,0.22423361865620994,-0.18978361838004176,0.15363441254982452
2016-03-22 11:00:00,0.10322666573524476,-0.03956356481919635,0.14279023055444112,-2.6091345966165034
2016-03-22 12:00:00,0.0917716679573059,-0.041141714166067246,0.13291338212337314,-2.2306233422086503
2016-03-22 13:00:00,0.09095166716972987,-0.26232383414267335,0.3532755013124032,-0.3467152249698472
2016-03-22 14:00:00,0.03684666676322619,-0.1809203381257818,0.21776700488900796,-0.20366238060869182
2016-03-22 15:00:00,0.0069983331759770695,0.45172442410754865,-0.44472609093157156,0.015492483475524612
2016-03-22 16:00:00,0.11181500058248639,0.3894984241963748,-0.2776834236138884,0.2870743336463724
2016-03-22 17:00:00,0.01904500016508003,0.2239235143225337,-0.20487851415745367,0.0850513632866984
2016-03-22 18:00:00,0.0,0.1729589740803998,-0.1729589740803998,0.0
2016-03-22 19:00:00,0.0,0.3589731399251942,-0.3589731399251942,0.0
2016-03-22 20:00:00,0.0,0.39656790080557486,-0.39656790080557486,0.0
2016-03-22 21:00:00,0.0,0.329009777526298,-0.329009777526298,0.0
2016-03-22 22:00:00,0.0,0.19188737027042305,-0.19188737027042305,0.0
2016-03-22 23:00:00,0.0,0.18851927842023591,-0.18851927842023591,0.0
2016-03-23 00:00:00,0.0,0.37724634628801357,-0.37724634628801357,0.0
2016-03-23 01:00:00,0.0,0.4394723461991874,-0.4394723461991874,0.0
2016-03-23 02:00:00,0.0,0.37724634628801357,-0.37724634628801357,0.0
2016-03-23 03:00:00,0.0,0.2746902546039802,-0.2746902546039802,0.0
2016-03-23 04:00:00,0.0,0.28547550479411227,-0.28547550479411227,0.0
2016-03-23 05:00:00,0.0,0.2516892050774505,-0.2516892050774505,0.0
2016-03-23 06:00:00,0.02190833387772242,0.1524253835691129,-0.13051704969139047,0.1437315318795883
2016-03-23 07:00:00,0.07220000060399373,0.12869972986895625,-0.05649972926496252,0.5609957431729555
2016-03-23 08:00:00,0.06394166594743729,0.18079767422425239,-0.1168560082768151,0.35366420625592365
2016-03-23 09:00:00,0.0464199992492795,0.16043456079971583,-0.11401456155043632,0.2893391487338539
2016-03-23 10:00:00,0.005291666646798452,0.21499630677383746,-0.20970464012703902,0.02461282580246809
2016-03-23 11:00:00,0.0,0.06504307502781152,-0.06504307502781152,0.0
2016-03-23 12:00:00,0.0,0.12114786382328946,-0.12114786382328946,0.0
2016-03-23 13:00:00,0.14172666718562446,0.1147528584696996,0.026973808715924863,1.235060015721066
2016-03-23 14:00:00,0.1858016670892636,0.4682729838993275,-0.2824713168100639,0.39678066742626455
2016-03-23 15:00:00,0.4529550023078919,1.3402357690841313,-0.8872807667762395,0.33796665687965105
2016-03-23 16:00:00,0.40565333222349487,1.0175401634331662,-0.6118868312096714,0.3986607573845795
2016-03-23 17:00:00,0.13828333363930384,0.5096058155714533,-0.3713224819321495,0.2713535234762538
2016-03-23 18:00:00,0.37261499901115896,0.40210371652023796,-0.029488717509079,0.9266639021288557
2016-03-23 19:00:00,0.4462083314855893,0.7240180633647243,-0.277809731879135,0.6162944739416145
2016-03-23 20:00:00,0.3859566657543182,0.8147869441451272,-0.428830278390809,0.4736902923245329
2016-03-23 21:00:00,0.23904666694005333,1.1770201831788307,-0.9379735162387774,0.2030947900098445
2016-03-23 22:00:00,0.5218966656227907,1.0046881366994738,-0.4827914710766831,0.51946135975815
2016-03-23 23:00:00,1.1704883357745905,1.421637341678145,-0.2511490059035544,0.8233382040970517
2016-03-24 00:00:00,1.5671433436075846,1.5877819333953904,-0.02063858978780586,0.987001621977351
2016-03-24 01:00:00,1.9879500102996825,1.7762181940708834,0.2117318162287991,1.1192037199796578
2016-03-24 02:00:00,1.5915249972740808,1.777897125802659,-0.1863721285285782,0.8951727151004659
2016-03-24 03:00:00,2.6778583186268805,2.3770355817609805,0.3008227368659,1.1265537374257735
2016-03-24 04:00:00,2.986121645609538,2.865266997603726,0.12085464800581214,1.0421791924127437
2016-03-24 05:00:00,3.0001633529663088,2.9734358801866234,0.026727472779685346,1.008988750340232
2016-03-24 06:00:00,2.283350003560384,3.027351182378004,-0.7440011788176202,0.7542402139704181
2016-03-24 07:00:00,3.710591657002767,2.149993270041536,1.5605983869612308,1.7258619869684901
2016-03-24 08:00:00,3.3936833445231116,2.419363164434169,0.9743201800889425,1.402717621898163
2016-03-24 09:00:00,3.7586283620198566,2.9611975228756946,0.797430839144162,1.2692933628992626
2016-03-24 10:00:00,3.634728319803874,2.953490980064853,0.6812373397390208,1.2306549586022646
2016-03-24 11:00:00,4.697831654866537,3.085930444288221,1.6119012105783157,1.5223388017580888
2016-03-24 12:00:00,6.339410013834635,5.43715057769405,0.9022594361405849,1.165943433651095
2016-03-24 13:00:00,8.693038350423176,4.5143336789995026,4.178704671423674,1.9256525920675378
2016-03-24 14:00:00,9.993758341471354,5.213104943284313,4.780653398187041,1.9170453022139196
2016-03-24 15:00:00,10.007101643880208,5.975130965314786,4.031970678565422,1.6747920174420823
2016-03-24 16:00:00,9.277589965820313,5.976003265503301,3.3015867003170127,1.552474045550735
2016-03-24 17:00:00,8.626826639811197,5.928212032074505,2.698614607736692,1.4552156017928977
2016-03-24 18:00:00,8.643309956868489,6.058233504203887,2.5850764526646017,1.4267046575327254
2016-03-24 19:00:00,6.412513305664063,5.464621131132179,0.9478921745318836,1.1734598157467315
2016-03-24 20:00:00,6.497101643880208,5.213670445556478,1.2834311983237292,1.2461665369389765
2016-03-24 21:00:00,5.791886688232422,4.735590657694551,1.0562960305378715,1.2230547585065372
2016-03-24 22:00:00,4.260341674804687,4.0570180891037495,0.20332358570093767,1.0501165095238347
2016-03-24 23:00:00,2.7041200103759766,3.9661956555313176,-1.262075645155341,0.6817918845240953
2016-03-25 00:00:00,2.3325716495513915,3.0160857482516974,-0.6835140987003059,0.7733771000720019
2016-03-25 01:00:00,1.024038331190745,2.4035940760237664,-1.3795557448330213,0.4260446226780514
2016-03-25 02:00:00,1.1997900039752325,2.1680032917600296,-0.9682132877847971,0.5534078331593392
2016-03-25 03:00:00,2.9625649871826174,2.8949991857045663,0.06756580147805114,1.0233387980942066
2016-03-25 04:00:00,3.1669533360799154,3.5696684504781198,-0.4027151143982044,0.8871841685061074
2016-03-25 05:00:00,4.232320004781087,3.83477419365185,0.39754581112923715,1.1036686362882437
2016-03-25 06:00:00,3.350428321838379,3.108268956044167,0.24215936579421182,1.0779081119487173
2016-03-25 07:00:00,2.8799750010172525,2.381888215912744,0.4980867851045083,1.2091142572421858
2016-03-25 08:00:00,2.4907516504923506,2.0653240634643715,0.4254275870279791,1.205985876286343
2016-03-25 09:00:00,2.374689999898275,2.347228214232716,0.027461785665559013,1.0116996658011526
2016-03-25 10:00:00,1.3327300020853678,1.3685593286469073,-0.035829326561539476,0.9738196760552837
2016-03-25 11:00:00,0.6077833331425985,0.8784667219210566,-0.2706833887784581,0.6918683633382039
2016-03-25 12:00:00,0.8682499992052714,1.44844110727056,-0.5801911080652887,0.5994375572793568
2016-03-25 13:00:00,1.4303416760762533,2.1331205918397997,-0.7027789157635465,0.6705395285892369
2016-03-25 14:00:00,1.7495016536712644,2.4456860992528178,-0.6961844455815533,0.7153418642751231
2016-03-25 15:00:00,1.6452950057983395,2.739453600246028,-1.0941585944476886,0.6005923975681051
2016-03-25 16:00:00,2.282876668294271,2.671861127674226,-0.3889844593799552,0.8544144172198971
2016-03-25 17:00:00,1.6462433319091796,1.8943640965999828,-0.24812076469080324,0.8690216072316129
2016-03-25 18:00:00,2.8301966756184895,1.7451511702607312,1.0850455053577583,1.621748719450848
2016-03-25 19:00:00,4.072726659138997,1.9225744110858138,2.150152248053183,2.1183714064096173
2016-03-25 20:00:00,3.529363347371419,2.7043732865400454,0.8249900608313738,1.3050577614183063
2016-03-25 21:00:00,5.772475034077962,2.9815060796305337,2.790968954447428,1.93609366538447
2016-03-25 22:00:00,7.0517950439453125,3.9228320785947637,3.128962965350549,1.797628576156491
2016-03-25 23:00:00,9.036223266601562,5.226171760682348,3.8100515059192137,1.729032967225279
2016-03-26 00:00:00,9.881830037434897,5.734427558214664,4.147402479220233,1.7232461195327176
2016-03-26 01:00:00,9.931498352050781,6.7868519419618005,3.1446464100889804,1.4633438944860777
2016-03-26 02:00:00,9.419491628011068,6.869529770745549,2.5499618572655187,1.3711988945916995
2016-03-26 03:00:00,8.22450328572591,6.670436489767374,1.554066795958537,1.2329782763605526
2016-03-26 04:00:00,5.8637983703613274,6.05794513856865,-0.19414676820732257,0.9679517123766501
2016-03-26 05:00:00,9.465258310953775,6.710041143402002,2.7552171675517734,1.4106110690932179
2016-03-26 06:00:00,8.136435028076171,6.506352647682525,1.6300823803936462,1.2505370472002098
2016-03-26 07:00:00,5.966566696166992,6.497155116721202,-0.53058842055421,0.9183352696646141
2016-03-26 08:00:00,9.90249668375651,8.125120240038676,1.7773764437178343,1.2187507865987437
2016-03-26 09:00:00,10.052110046386717,8.321784962311739,1.7303250840749786,1.207927156482821
2016-03-26 10:00:00,10.052288411458333,7.142128926162524,2.910159485295809,1.4074638690202756
2016-03-26 11:00:00,10.05193505859375,7.934531063278336,2.1174039953154145,1.2668593743510483
2016-03-26 12:00:00,10.053786600748698,9.272674691616965,0.7811119091317327,1.08423803650072
2016-03-26 13:00:00,10.05303837076823,8.937726553654034,1.1153118171141951,1.1247869702008526
2016-03-26 14:00:00,10.053558390299479,8.506358916882528,1.547199473416951,1.1818873960686318
2016-03-26 15:00:00,10.053703389485676,8.876793016962134,1.1769103725235421,1.1325828337187376
2016-03-26 16:00:00,10.05447666422526,9.081050785536899,0.9734258786883618,1.1071930882975245
2016-03-26 17:00:00,10.0538667195638,8.817511515871798,1.2363552036920016,1.1402158876080313
2016-03-26 18:00:00,10.045201700846354,8.9007136946583,1.1444880061880536,1.1285838468071285
2016-03-26 19:00:00,9.33534336344401,9.225844817710042,0.10949854573396856,1.0118686741320182
2016-03-26 20:00:00,9.952919982910156,8.903019782661417,1.0499002002487394,1.1179263020726309
2016-03-26 21:00:00,10.030089986165365,8.600933638184902,1.429156347980463,1.1661629316189057
2016-03-26 22:00:00,10.031856669108073,8.203455066812397,1.828401602295676,1.2228818939586312
2016-03-26 23:00:00,7.127670023600261,7.176620170187042,-0.04895014658678143,0.9931792201027819
2016-03-27 00:00:00,6.446861653645833,6.092433975218153,0.35442767842767964,1.0581750544805844
2016-03-27 01:00:00,5.668154993693034,5.857783974830131,-0.1896289811370968,0.9676278637191301
2016-03-27 02:00:00,7.674769978841145,6.054799140182619,1.619970838658526,1.2675515407121607
2016-03-27 03:00:00,9.174680013020835,6.659078354988697,2.5156016580321374,1.3777702444584627
2016-03-27 04:00:00,6.786695017496745,6.8633657493075955,-0.07667073181085016,0.9888289893601278
2016-03-27 05:00:00,8.105306701660156,6.705042818129706,1.4002638835304504,1.2088374260257204
2016-03-27 06:00:00,7.628326619466146,7.242301775120974,0.38602484434517237,1.0533014028317984
2016-03-27 07:00:00,7.313753295898438,7.205256622737556,0.1084966731608823,1.0150579887492834
2016-03-27 08:00:00,9.744001688639322,8.637098784099832,1.1069029045394903,1.1281567957260377
2016-03-27 09:00:00,10.036781677246093,8.970713105563206,1.0660685716828873,1.118838776710155
2016-03-27 10:00:00,10.049971659342448,8.20609218296146,1.8438794763809891,1.2246964127711713
2016-03-27 11:00:00,10.02450830078125,7.782908311660087,2.2415999891211627,1.288015726173065
2016-03-27 12:00:00,10.053793334960936,9.195116057752879,0.8586772772080575,1.0933840608225998
2016-03-27 13:00:00,10.053466654459637,9.018247300066745,1.0352193543928916,1.1147916352199867
2016-03-27 14:00:00,10.05084159342448,8.970034055723964,1.0808075377005153,1.1204909068333837
2016-03-27 15:00:00,10.05240995279948,8.80051741321816,1.2518925395813199,1.1422521518679127
2016-03-27 16:00:00,10.028539957682293,9.091332900001898,0.9372070576803946,1.1030879704867258
2016-03-27 17:00:00,10.037101643880208,8.981915907767704,1.055185736112504,1.117478915072002
2016-03-27 18:00:00,9.964088338216145,7.895400191579314,2.0686881466368314,1.2620118165565757
2016-03-27 19:00:00,8.338386662801106,7.100270432836599,1.2381162299645077,1.1743759257729953
2016-03-27 20:00:00,6.97172494506836,6.732237389865866,0.23948755520249332,1.0355732487334741
2016-03-27 21:00:00,5.258104970296223,5.5843320636075475,-0.32622709331132427,0.9415817165606414
2016-03-27 22:00:00,4.317634997049968,4.4911151011314105,-0.17348010408144265,0.9613725989704118
2016-03-27 23:00:00,6.587263361612956,5.043564372627919,1.543698988985037,1.306073021960995
2016-03-28 00:00:00,9.839374972343444,6.9181701930818384,2.921204779261606,1.422251071848855
2016-03-28 01:00:00,10.05313993326823,8.909904985840585,1.1432349474276453,1.1283105655160686
2016-03-28 02:00:00,10.05265165201823,8.86108111748593,1.1915705345322998,1.1344723650233746
2016-03-28 03:00:00,10.053435017903645,9.445532014244893,0.6079030036587518,1.0643587891864605
2016-03-28 04:00:00,9.327513356526694,9.310191891404205,0.017321465122488888,1.001860484222509
2016-03-28 05:00:00,4.768543350219726,5.75708397166385,-0.9885406214441241,0.828291436027391
2016-03-28 06:00:00,6.5434700266520185,5.203267466047338,1.3402025606046806,1.2575694156315906
2016-03-28 07:00:00,10.052491719563802,9.409381432014106,0.6431102875496961,1.068347775270498
2016-03-28 08:00:00,10.052256632486978,9.705483160150758,0.3467734723362206,1.0357296454606217
2016-03-28 09:00:00,10.052591674804688,9.30090682775851,0.7516848470461781,1.080818447165042
2016-03-28 10:00:00,10.052158345540365,9.41853563926021,0.6336227062801552,1.0672740148308155
2016-03-28 11:00:00,10.052978352864583,8.768085591715545,1.2848927611490382,1.146541995708055
2016-03-28 12:00:00,10.052456705729167,9.808688547587012,0.2437681581421547,1.0248522681660763
2016-03-28 13:00:00,10.052413350423178,9.462414533852417,0.5899988165707608,1.0623518251562538
2016-03-28 14:00:00,10.05036494954427,9.731406767823145,0.31895818172112556,1.0327761637480575
2016-03-28 15:00:00,9.975270039876303,8.743510697353175,1.2317593425231284,1.14087697552609
2016-03-28 16:00:00,9.146934997558594,7.162744610193167,1.9841903873654267,1.2770153754388733
2016-03-28 17:00:00,5.382128336588542,5.174092230527233,0.20803610606130896,1.0402072666648445
2016-03-28 18:00:00,1.5380883286794027,2.8439719087560262,-1.3058835800766235,0.5408240228899355
2016-03-28 19:00:00,2.982425018310547,2.79251875499012,0.18990626332042693,1.0680053671908458
2016-03-28 20:00:00,4.246503336588542,2.4667579888207185,1.7797453477678231,1.7214916728084317
2016-03-28 21:00:00,2.986588333129883,3.5694079428335685,-0.5828196097036855,0.8367181283176574
2016-03-28 22:00:00,4.077253341674805,4.366761963181022,-0.2895086215062177,0.9337017625537524
2016-03-28 23:00:00,2.1620250148773192,4.389780152821327,-2.227755137944008,0.49251327848110527
2016-03-29 00:00:00,2.9931466916402183,3.2138111073602658,-0.22066441572004747,0.9313387102264093
2016-03-29 01:00:00,4.3759866790771484,4.039309368150607,0.3366773109265413,1.0833502166437647
2016-03-29 02:00:00,5.900763290405273,4.019512891356605,1.8812503990486675,1.468029447820414
2016-03-29 03:00:00,5.17530332438151,3.846568152436111,1.3287351719453988,1.345433934688999
2016-03-29 04:00:00,4.465934987386068,4.372214089603668,0.09372089778239978,1.0214355692245838
2016-03-29 05:00:00,4.28787668355306,4.469935390003455,-0.18205870645039468,0.9592703941856632
2016-03-29 06:00:00,4.729153315226237,4.874145201595544,-0.14499188636930693,0.9702528586300949
2016-03-29 07:00:00,8.126265004475911,5.738756007253714,2.3875089972221977,1.416032498019504
2016-03-29 08:00:00,9.267308278401693,7.3213330242605545,1.9459752541411381,1.2657952107482064
2016-03-29 09:00:00,9.765706634521486,8.100018811132687,1.665687823388799,1.2056399944527874
2016-03-29 10:00:00,9.052456736246745,6.46744654675276,2.5850101894939845,1.3996956404366252
2016-03-29 11:00:00,8.330591634114583,6.55129726914415,1.7792943649704336,1.2715942036931682
2016-03-29 12:00:00,9.655129964192708,7.2343501559865935,2.420779808206115,1.3346229800893536
2016-03-29 13:00:00,7.352800018310546,6.838216938467601,0.5145830798429456,1.0752510609817332
2016-03-29 14:00:00,6.8505632883707674,5.581406512334107,1.2691567760366604,1.2273901342308622
2016-03-29 15:00:00,3.9655733489990235,3.969196617744913,-0.003623268745889696,0.9990871531206866
2016-03-29 16:00:00,3.2605733477274574,5.737785671907492,-2.4772123241800346,0.568263357010946
2016-03-29 17:00:00,0.948283338546753,3.131299871810983,-2.18301653326423,0.3028401550051208
2016-03-29 18:00:00,4.988116678873698,3.143834137458327,1.8442825414153714,1.5866348098460452
2016-03-29 19:00:00,5.268364995320637,2.0970303015013902,3.1713346938192464,2.512297982317517
2016-03-29 20:00:00,2.9345166638692217,2.721714244632573,0.2128024192366489,1.0781869072612276
2016-03-29 21:00:00,4.6313133239746085,4.326696938717344,0.30461638525726453,1.0704039107827064
2016-03-29 22:00:00,6.0186166585286465,4.625390895795413,1.3932257627332332,1.3012125448683067
2016-03-29 23:00:00,5.480383331298828,4.296167275184564,1.1842160561142645,1.2756447736461543
2016-03-30 00:00:00,6.085078348795573,4.325749869724487,1.759328479071086,1.4067106356251569
2016-03-30 01:00:00,5.89623833211263,4.569793682541813,1.326444649570817,1.2902635746200737
2016-03-30 02:00:00,5.898780006408691,4.3121794980695975,1.5866005083390933,1.3679347088982161
2016-03-30 03:00:00,5.0237816619873055,3.791858999503643,1.2319226624836626,1.324886200316236
2016-03-30 04:00:00,4.845170013427734,4.131181868657203,0.7139881447705312,1.1728290274963387
2016-03-30 05:00:00,5.896501658121745,4.026613194379939,1.8698884637418063,1.4643824408939166
2016-03-30 06:00:00,6.225406623840333,3.8546598201829383,2.3707468036573944,1.615033988536213
2016-03-30 07:00:00,4.7188766377766935,2.9939451786257982,1.7249314591508953,1.576139961234236
2016-03-30 08:00:00,3.6328716888427737,2.727585981753,0.9052857070897735,1.3318999705768955
2016-03-30 09:00:00,3.0858033370971683,4.134826269793614,-1.0490229326964453,0.7462957657108997
2016-03-30 10:00:00,2.3405066757202144,3.0194315677153662,-0.6789248919951518,0.7751481109045779
2016-03-30 11:00:00,1.8626349995930989,3.117889422287059,-1.2552544226939601,0.597402520525184
2016-03-30 12:00:00,2.366408323923747,3.142624195177307,-0.7762158712535601,0.7530039155032452
2016-03-30 13:00:00,2.095931678771973,2.906059214880982,-0.8101275361090088,0.7212281387933839
2016-03-30 14:00:00,1.8669433447519936,2.607270971441158,-0.7403276266891643,0.7160526716254769
2016-03-30 15:00:00,1.0856199933588506,2.6031900808277615,-1.5175700874689109,0.4170344691132372
2016-03-30 16:00:00,0.41571500210960705,2.2492407892747694,-1.8335257871651625,0.18482458796403362
2016-03-30 17:00:00,0.2995350003143151,0.8699055063054815,-0.5703705059911663,0.34433050273063626
2016-03-30 18:00:00,0.19669666813810666,0.38329610399859193,-0.18659943586048527,0.5131715821949216
2016-03-30 19:00:00,0.5429316630363464,0.8473120666589287,-0.30438040362258223,0.640769421798987
2016-03-30 20:00:00,0.7972133385340372,0.7259394157145402,0.07127392281949696,1.0981816406116236
2016-03-30 21:00:00,1.0916183242797852,0.5788630333593503,0.5127552909204349,1.885797263550812
2016-03-30 22:00:00,0.9372949994405111,1.0261410080630624,-0.08884600862255132,0.9134173491514032
2016-03-30 23:00:00,1.3751283416748046,0.8210403191605776,0.554088022514227,1.6748609167948296
2016-03-31 00:00:00,1.29220999844869,1.0194075642898368,0.2728024341588531,1.2676087991841605
2016-03-31 01:00:00,1.1269199988047283,0.6404383809897727,0.4864816178149556,1.7596072194535204
2016-03-31 02:00:00,1.3286516723632813,0.689019097011806,0.6396325753514753,1.9283234356282517
2016-03-31 03:00:00,1.3688383331298828,1.0277152850243199,0.34112304810556293,1.3319236884732044
2016-03-31 04:00:00,1.0785583340326945,0.9231766598706715,0.15538167416202298,1.1683119612055515
2016-03-31 05:00:00,1.1321949980656305,0.7667344878645674,0.36546051020106307,1.4766454567850564
2016-03-31 06:00:00,2.098781674702962,0.8483820542546522,1.2503996204483099,2.473863826064604
2016-03-31 07:00:00,1.4487249946594236,1.0291667256668502,0.4195582689925734,1.407667930306161
2016-03-31 08:00:00,0.44399166504542037,0.23502990328637938,0.208961761759041,1.8890858517880813
2016-03-31 09:00:00,0.0,0.12322380508328992,-0.12322380508328992,0.0
2016-03-31 10:00:00,0.2336033327082793,0.19541619978767993,0.03818713292059936,1.1954143666803967
2016-03-31 11:00:00,0.5264699982404709,0.1903869039225987,0.3360830943178722,2.7652637203161095
2016-03-31 12:00:00,0.3949516633351644,0.21764531156675435,0.17730635176841006,1.8146573454398909
2016-03-31 13:00:00,0.629101668159167,0.31159124187337245,0.31751042628579457,2.0189966328220086
2016-03-31 14:00:00,0.7359033331771692,0.3450517331442382,0.39085160003293096,2.132733333843443
2016-03-31 15:00:00,0.2899849985043208,1.0108546371759375,-0.7208696386716167,0.28687111661718523
2016-03-31 16:00:00,0.005171666810909907,0.8686269846630817,-0.8634553178521719,0.005953840834124978
2016-03-31 17:00:00,0.033888333102067306,0.47028166095659363,-0.43639332785452634,0.07205965257742669
2016-03-31 18:00:00,0.12318166668216389,0.13092876812926293,-0.007747101447099045,0.9408296468546125
2016-03-31 19:00:00,0.0,0.5119904468466419,-0.5119904468466419,0.0
2016-03-31 20:00:00,0.0,0.45124900528885303,-0.45124900528885303,0.0
2016-03-31 21:00:00,0.2428616690436999,0.40776233681964097,-0.16490066777594106,0.5955961282199563
2016-03-31 22:00:00,0.9543650014797846,0.6763444447402199,0.2780205567395647,1.4110635622154786
2016-03-31 23:00:00,1.3702750053405761,0.724933756154969,0.6453412491856071,1.8902071999081425
2016-04-01 00:00:00,2.908018325805664,1.3675961608170928,1.5404221649885712,2.1263721039317782
2016-04-01 01:00:00,4.667601687113445,2.3314144772057674,2.3361872099076773,2.0020471403727536
2016-04-01 02:00:00,5.046938362121582,2.8924159867175385,2.154522375404044,1.7448867608594247
2016-04-01 03:00:00,3.7613216705322268,3.2574482329840735,0.5038734375481533,1.1546834827476495
2016-04-01 04:00:00,5.2119049631754555,3.398746378650772,1.8131585845246834,1.5334786366861737
2016-04-01 05:00:00,4.139211667378744,3.2117831516754527,0.9274285157032911,1.2887581358721216
2016-04-01 06:00:00,4.557973332722982,3.4598575659893744,1.0981157667336077,1.317387564600392
2016-04-01 07:00:00,4.071995002746582,2.8138254234561058,1.2581695792904761,1.447138464526743
2016-04-01 08:00:00,2.3432549947102865,2.827989762319315,-0.48473476760902834,0.8285938746781447
2016-04-01 09:00:00,4.518811693827311,3.001788733738979,1.5170229600883318,1.505372994120993
2016-04-01 10:00:00,5.187075007120768,3.6345255726850296,1.5525494344357385,1.4271670135171954
2016-04-01 11:00:00,9.646423380533856,4.797723303413252,4.848700077120603,2.010625200847053
2016-04-01 12:00:00,9.728511657714844,6.430953448675309,3.2975582090395346,1.512763501610914
2016-04-01 13:00:00,8.422686676025391,5.977869755914507,2.444816920110884,1.4089779503295434
2016-04-01 14:00:00,9.270755025227865,6.62139012834307,2.649364896884795,1.4001221564553499
2016-04-01 15:00:00,9.01871494547526,7.116295618911291,1.9024193265639688,1.2673328130872417
2016-04-01 16:00:00,9.164260050455729,6.004002632095975,3.1602574183597536,1.5263584332001732
2016-04-01 17:00:00,8.921474975585937,6.095461098788115,2.8260138767978225,1.4636259392024804
2016-04-01 18:00:00,7.300986612955728,5.43941912210185,1.8615674908538775,1.3422364500815571
2016-04-01 19:00:00,7.441891682942709,5.511403095264145,1.930488587678564,1.3502717101816415
2016-04-01 20:00:00,7.341398335774739,6.137915382222543,1.2034829535521965,1.196073565471086
2016-04-01 21:00:00,7.764416646321615,5.815551612666455,1.94886503365516,1.3351126708961658
2016-04-01 22:00:00,6.453493398030599,6.112970008328384,0.34052338970221463,1.055705064680226
2016-04-01 23:00:00,6.118231633504232,6.418597829935444,-0.3003661964312121,0.9532037674910326
2016-04-02 00:00:00,4.733964991251628,5.627891822990622,-0.8939268317389946,0.8411613336121361
2016-04-02 01:00:00,3.5861566747029623,4.766312249491392,-1.1801555747884298,0.7523965042545496
2016-04-02 02:00:00,3.349245012919108,3.846416360760748,-0.4971713478416402,0.8707442717555129
2016-04-02 03:00:00,2.943736676534017,3.3034821702283557,-0.3597454936943385,0.8911011244630175
2016-04-02 04:00:00,2.7280449879964186,2.9602629870755077,-0.23221799907908913,0.9215549428909013
2016-04-02 05:00:00,3.1055333277384443,2.727068684291228,0.3784646434472161,1.138780752251416
2016-04-02 06:00:00,2.5119216664632162,2.6215909132972333,-0.10966924683401702,0.9581669106809332
2016-04-02 07:00:00,2.131471674601237,2.418163106400261,-0.2866914317990239,0.8814424754723018
2016-04-02 08:00:00,1.5288316580454508,2.475099491613691,-0.94626783356824,0.6176849307373492
2016-04-02 09:00:00,1.2852250035603843,2.47850708211087,-1.1932820785504858,0.5185480456508507
2016-04-02 10:00:00,1.8716966705322269,2.1208989347336695,-0.24920226420144265,0.8825015845308367
2016-04-02 11:00:00,1.2563083337148029,2.838916920203973,-1.58260858648917,0.44253085561395666
2016-04-02 12:00:00,3.6412816823323566,2.475042997925121,1.1662386844072357,1.4711993631564855
2016-04-02 13:00:00,3.371529993693034,2.3650519800940195,1.0064780135990143,1.4255627453731496
2016-04-02 14:00:00,2.789141647338867,2.4307354725525157,0.3584061747863512,1.1474476259689372
2016-04-02 15:00:00,1.6728633384704592,2.817789502193952,-1.1449261637234929,0.5936793139331221
2016-04-02 16:00:00,2.5095600096384687,2.499055901391223,0.010504108247245902,1.0042032306045647
2016-04-02 17:00:00,1.5402883288065592,1.2608576186846616,0.2794307101218976,1.221619559560898
2016-04-02 18:00:00,3.5557900002797442,1.6651589248772618,1.8906310754024824,2.135405784491015
2016-04-02 19:00:00,8.618600006103515,3.5573215987312836,5.061278407372232,2.4227778588186495
2016-04-02 20:00:00,5.295621648152668,4.063671475081159,1.2319501730715094,1.3031618526807474
2016-04-02 21:00:00,0.9848999983469646,1.8452771891926751,-0.8603771908457105,0.5337409491187971
2016-04-02 22:00:00,0.4091466690301895,0.6123671587352405,-0.20322048970505102,0.6681394702407379
2016-04-02 23:00:00,0.11627000034848847,0.5114894878265048,-0.3952194874780164,0.22731650036945977
2016-04-03 00:00:00,0.08956666671236356,0.6431933450999843,-0.5536266783876207,0.13925309923478832
2016-04-03 01:00:00,0.0977783346573512,0.3083780660840614,-0.21059973142671018,0.31707292252976776
2016-04-03 02:00:00,0.0,0.2578068841417529,-0.2578068841417529,0.0
2016-04-03 03:00:00,0.0,1.690166801352908,-1.690166801352908,0.0
2016-04-03 04:00:00,0.0008749999900658926,0.5510988519287311,-0.5502238519386652,0.0015877369132662408
2016-04-03 05:00:00,0.28685833571354546,0.8375974553899652,-0.5507391196764198,0.3424775634973618
2016-04-03 06:00:00,0.9140433330535888,1.2930215295458047,-0.378978196492216,0.7069049603332295
2016-04-03 07:00:00,0.7417533327738444,1.6118242606234974,-0.870070927849653,0.46019491758171827
2016-04-03 08:00:00,1.6268050034840902,2.4552951096345095,-0.8284901061504193,0.6625700499710006
2016-04-03 09:00:00,1.8369600092569986,2.6426166512348197,-0.805656641977821,0.6951292040026462
2016-04-03 10:00:00,1.833936673482259,2.5786100572462565,-0.7446733837639974,0.7112113242281979
2016-04-03 11:00:00,2.1984800135294593,2.8574539641949084,-0.6589739506654491,0.7693842284345898
2016-04-03 12:00:00,1.6733966700236003,2.9327849626635016,-1.2593882926399014,0.5705828048517584
2016-04-03 13:00:00,2.377548319498698,2.521369824411555,-0.14382150491285683,0.9429589806618621
2016-04-03 14:00:00,1.9803333435058594,2.0150382939334692,-0.03470495042760979,0.9827770268524954
2016-04-03 15:00:00,0.834184995651245,2.219554947475287,-1.385369951824042,0.37583435210744337
2016-04-03 16:00:00,1.4967699928283693,1.932787926641027,-0.43601793381265774,0.7744098419683276
2016-04-03 17:00:00,0.6874916690190632,1.3744688409513808,-0.6869771719323176,0.5001871621499945
2016-04-03 18:00:00,1.0676100018819175,0.9457184461850456,0.12189155569687182,1.1288877849306767
2016-04-03 19:00:00,2.3535750071207686,1.4534364027124964,0.9001386044082722,1.6193175034892313
2016-04-03 20:00:00,1.8483500089645384,2.318798234299848,-0.4704482253353097,0.7971154978572943
2016-04-03 21:00:00,0.4929333313703537,2.032647362668177,-1.5397140312978235,0.24250804169164852
2016-04-03 22:00:00,0.9652249997456868,2.3370940339839508,-1.371869034238264,0.4130022094576598
2016-04-03 23:00:00,1.5246733245849609,1.4938109879533246,0.03086233663163629,1.02066013497057
2016-04-04 00:00:00,0.8084649985631306,1.2187387278146957,-0.41027372925156513,0.6633620316741542
2016-04-04 01:00:00,1.2433516718546551,1.6415803857668827,-0.3982287139122276,0.7574113839535244
2016-04-04 02:00:00,1.7450099906921386,2.253294638917199,-0.5082846482250605,0.7744260162668686
2016-04-04 03:00:00,1.7674966850280762,2.6721063150720523,-0.9046096300439761,0.6614619616960923
2016-04-04 04:00:00,1.9569616572062172,1.9097908573409246,0.0471707998652926,1.0246994584165987
2016-04-04 05:00:00,1.4504633305867511,1.4020758619147766,0.04838746867197452,1.034511305690616
2016-04-04 06:00:00,0.8323816687266031,1.3008308395519792,-0.46844917082537607,0.6398846363553964
2016-04-04 07:00:00,1.4328716634114582,1.0151372787508672,0.417734384660591,1.4115053140148845
2016-04-04 08:00:00,1.523509989420573,1.8579451787525947,-0.33443518933202165,0.8199972780916184
2016-04-04 09:00:00,0.9990249919891357,1.878444853280685,-0.8794198612915493,0.5318362102801947
2016-04-04 10:00:00,3.1326449966430663,1.0872843638597114,2.045360632783355,2.881164395230152
2016-04-04 11:00:00,1.6089566694895427,1.1096997210095068,0.499256948480036,1.4499027430824765
2016-04-04 12:00:00,2.15824499130249,0.9125401743061187,1.2457048169963714,2.3650958632518138
2016-04-04 13:00:00,1.3722416566212972,0.5309973315231333,0.8412443250981638,2.5842722272918133
2016-04-04 14:00:00,0.9607566621700923,0.942791964702756,0.01796469746733631,1.0190547842365205
2016-04-04 15:00:00,0.6660833381215732,2.7161740060104766,-2.0500906678889033,0.24522852241705903
2016-04-04 16:00:00,0.4073316668868065,1.9642209163682784,-1.556889249481472,0.20737568951253063
2016-04-04 17:00:00,0.9681883261998495,1.3291056874580243,-0.36091736125817475,0.728450969201369
2016-04-04 18:00:00,0.2725450016123553,0.9550976337904333,-0.682552632178078,0.2853582628309148
2016-04-04 19:00:00,0.13053666794300076,0.6848133038064693,-0.5542766358634685,0.19061643110235324
2016-04-04 20:00:00,0.9255583353042602,0.7887002066845206,0.13685812861973967,1.1735236373210218
2016-04-04 21:00:00,0.9972416682243348,0.7976062485364553,0.19963541968787946,1.2502931992498738
2016-04-04 22:00:00,0.9549700031280518,0.6748911566382566,0.2800788464897952,1.4149985427056324
2016-04-04 23:00:00,0.997521670738856,0.7412194049323817,0.2563022658064743,1.3457846139765535
2016-04-05 00:00:00,0.8837516622543335,0.9611584507435701,-0.07740678848923654,0.9194651116791897
2016-04-05 01:00:00,0.7886466639439265,1.179919344201526,-0.39127268025759965,0.6683903165242355
2016-04-05 02:00:00,1.784806664466858,1.2655537735554057,0.5192528909114524,1.4102969796792437
2016-04-05 03:00:00,2.3829266560872395,1.9280391669610297,0.4548874891262098,1.2359327014311656
2016-04-05 04:00:00,1.6576450030008953,1.9231483031889987,-0.2655033001881033,0.8619434082395825
2016-04-05 05:00:00,2.333664999643962,2.1677526586779976,0.1659123409659644,1.0765365644008233
2016-04-05 06:00:00,2.496451674143473,2.438943074968454,0.057508599175018826,1.023579311778633
2016-04-05 07:00:00,4.4187366536458335,2.017615078157486,2.4011215754883475,2.190079119393321
2016-04-05 08:00:00,3.410555007576942,3.963834875525092,-0.5532798679481497,0.8604180332121286
2016-04-05 09:00:00,3.673958348592122,4.264950348282073,-0.5909919996899511,0.8614305088151839
2016-04-05 10:00:00,3.546450002034505,4.264950348282073,-0.7185003462475681,0.8315337137425337
2016-04-05 11:00:00,3.574928314208984,4.995327464136053,-1.4203991499270687,0.7156544470558092
2016-04-05 12:00:00,5.3976733601888025,5.4207127902348775,-0.023039430046075005,0.9957497416045397
2016-04-05 13:00:00,3.850311670939128,5.283077618287921,-1.432765947348793,0.7288008901498768
2016-04-05 14:00:00,3.6492600046793617,4.540024486938939,-0.890764482259577,0.8037974277843234
2016-04-05 15:00:00,3.250251688639323,4.24126171558068,-0.9910100269413569,0.7663407510786738
2016-04-05 16:00:00,2.8244916737874353,4.2291040033251,-1.4046123295376645,0.667869996000737
2016-04-05 17:00:00,2.2493450215657553,3.019078217659348,-0.7697331960935925,0.7450436389520386
2016-04-05 18:00:00,1.5364799982706707,2.0243615983025225,-0.48788160003185177,0.7589948354874185
2016-04-05 19:00:00,1.0687300141652425,1.2045888319260944,-0.13585881776085196,0.8872156090442757
2016-04-05 20:00:00,0.9917016588846842,1.186006397892124,-0.19430473900743983,0.8361688947439276
2016-04-05 21:00:00,1.3680150121053058,1.1857576547452584,0.18225735736004745,1.1537054023060072
2016-04-05 22:00:00,1.7540916697184246,1.4062698723440168,0.34782179737440777,1.2473364495782355
2016-04-05 23:00:00,2.4264199943542484,2.21306263213069,0.2133573622235585,1.096408189775516
2016-04-06 00:00:00,3.8504583384195965,2.7157474111171176,1.134710927302479,1.4178263864516463
2016-04-06 01:00:00,5.570996681213379,3.3065618047481093,2.2644348764652698,1.6848306519520122
2016-04-06 02:00:00,5.592951680501301,3.7102218033485324,1.8827298771527685,1.5074440227410597
2016-04-06 03:00:00,3.482891693115234,4.692045697518985,-1.209154004403751,0.7422970528519968
2016-04-06 04:00:00,4.720939971923828,5.229115008264645,-0.5081750363408171,0.9028181565068576
2016-04-06 05:00:00,5.846636657714844,5.524368888222482,0.32226776949236147,1.0583356716419519
2016-04-06 06:00:00,7.079906646728515,6.6557209993704936,0.4241856473580219,1.0637324862923403
2016-04-06 07:00:00,8.97012001546224,6.377759820676401,2.5923601947858383,1.4064687708028025
2016-04-06 08:00:00,8.384960001627604,7.112242019872896,1.2727179817547078,1.1789475074383722
2016-04-06 09:00:00,9.259611653645834,6.7548933058497385,2.5047183477960955,1.370800578837716
2016-04-06 10:00:00,8.84389335123698,8.178857402405786,0.6650359488311945,1.0813115959981863
2016-04-06 11:00:00,9.56004161965847,7.780577804782722,1.779463814875748,1.228705869862507
2016-04-06 12:00:00,9.849535024007162,8.931089083521748,0.9184459404854142,1.1028369476439315
2016-04-06 13:00:00,10.05163330078125,9.138522183778253,0.9131111170029964,1.0999189035863868
2016-04-06 14:00:00,10.053291646321615,8.575894691514337,1.4773969548072774,1.1722732155595532
2016-04-06 15:00:00,10.053286661783853,7.463911357143079,2.5893753046407735,1.3469193537732334
2016-04-06 16:00:00,10.053006713867186,7.917372537036992,2.1356341768301936,1.269740266337074
2016-04-06 17:00:00,9.521243316650391,7.904061488257744,1.6171818283926473,1.2046013724456888
2016-04-06 18:00:00,10.054156656901043,8.471805968246908,1.5823506886541345,1.1867784383382867
2016-04-06 19:00:00,10.051386657714843,6.779267358638467,3.272119299076376,1.4826656224004626
2016-04-06 20:00:00,10.049201680501303,6.795041433115476,3.254160247385827,1.4789021935211097
2016-04-06 21:00:00,10.051505025227865,7.197509912583469,2.8539951126443954,1.396525346586148
2016-04-06 22:00:00,10.044475036621094,7.5425817652488,2.5018932713722943,1.33170250575199
2016-04-06 23:00:00,10.05221502685547,7.654713950970521,2.397501075884948,1.3132058351548166
2016-04-07 00:00:00,9.525825032552083,7.773521606190632,1.7523034263614514,1.225419509346441
2016-04-07 01:00:00,10.03939833577474,7.521125384103427,2.518272951671313,1.3348266147768137
2016-04-07 02:00:00,10.029303304036457,7.040870278549746,2.988433025486711,1.4244408584818096
2016-04-07 03:00:00,7.211965016682942,6.582311125971154,0.6296538907117881,1.0956584820531237
2016-04-07 04:00:00,7.468288319905598,6.242861573754278,1.22542674615132,1.1962924744804782
2016-04-07 05:00:00,8.458424967447916,6.319232020613215,2.1391929468347017,1.3385210322799819
2016-04-07 06:00:00,7.41661498780052,5.412080777726042,2.0045342100744774,1.3703814285855336
2016-04-07 07:00:00,7.7608650004069,5.313845448319266,2.4470195520876343,1.460498818771933
2016-04-07 08:00:00,6.33441167195638,6.561016670516391,-0.2266049985600116,0.965461907820122
2016-04-07 09:00:00,7.3770250244140625,5.681950993988248,1.6950740304258147,1.2983260560007077
2016-04-07 10:00:00,4.760771687825521,5.501200189076902,-0.7404285012513805,0.8654060067253027
2016-04-07 11:00:00,2.789113327026367,3.9992850655580567,-1.21017173853169,0.6974029811093689
2016-04-07 12:00:00,3.055446657816569,3.521904235594855,-0.4664575777782858,0.8675552920877474
2016-04-07 13:00:00,3.4136633351643884,2.6740624089671554,0.7396009261972329,1.2765832703519064
2016-04-07 14:00:00,6.259256673177084,2.764276872792544,3.4949798003845394,2.26433782186725
2016-04-07 15:00:00,6.8785367024739585,4.716338068849754,2.1621986336242047,1.458448610354078
2016-04-07 16:00:00,3.289038372039795,3.90657427157547,-0.617535899535675,0.8419239321702103
2016-04-07 17:00:00,2.461918326059977,3.849141990420149,-1.3872236643601719,0.6396018469017946
2016-04-07 18:00:00,2.2950783284505207,2.9880960355469623,-0.6930177070964416,0.7680738172896151
2016-04-07 19:00:00,1.6189083566665647,2.815882437707193,-1.1969740810406282,0.5749204352383214
2016-04-07 20:00:00,2.2469516665140787,2.883353808377705,-0.6364021418636261,0.7792840614930665
2016-04-07 21:00:00,2.2301483154296875,2.912453009330399,-0.6823046939007114,0.7657285141717772
2016-04-07 22:00:00,3.1529066848754885,2.534221403973895,0.6186852809015937,1.2441322924395783
2016-04-07 23:00:00,3.9136766459147134,2.2535149367568663,1.660161709157847,1.7366987820134265
2016-04-08 00:00:00,3.3716250178019207,2.4954761751353565,0.8761488426665642,1.3510948537182654
2016-04-08 01:00:00,3.103563339233398,1.9424071234383145,1.1611562157950837,1.5977923998444186
2016-04-08 02:00:00,2.7399366302490233,2.1541597059057387,0.5857769243432847,1.2719282710271422
2016-04-08 03:00:00,3.0382683080037434,1.8580175087497195,1.1802507992540239,1.6352204937230261
2016-04-08 04:00:00,1.3463150011698404,0.9101265971656696,0.4361884040041708,1.4792612427354124
2016-04-08 05:00:00,0.9332783317565918,0.5956197948184648,0.337658536938127,1.5669028126256948
2016-04-08 06:00:00,0.5380183349450429,0.24148569380936738,0.29653264113567557,2.227951173661505
2016-04-08 07:00:00,0.000498333270351092,-0.06839638763503167,0.06889472090538276,-0.007285958916576651
2016-04-08 08:00:00,0.0,-0.1406700226635485,0.1406700226635485,-0.0
2016-04-08 09:00:00,0.0,-0.00918594766154003,0.00918594766154003,-0.0
2016-04-08 10:00:00,0.0,0.12101415690927775,-0.12101415690927775,0.0
2016-04-08 11:00:00,0.0,0.16114535009963432,-0.16114535009963432,0.0
2016-04-08 12:00:00,0.860521661857764,0.41016617225205654,0.4503554896057075,2.097983012916418
2016-04-08 13:00:00,0.6337166663805645,0.5252809390588139,0.10843572732175055,1.20643377525947
2016-04-08 14:00:00,0.1080983326981465,0.5252809390588139,-0.4171826063606674,0.20579146254923045
2016-04-08 15:00:00,0.30878500179449714,1.0024125530348038,-0.6936275512403067,0.30804183453175105
2016-04-08 16:00:00,0.2786533347964287,1.511494536641761,-1.2328412018453323,0.18435616407555183
2016-04-08 17:00:00,0.6142816636562347,1.9463574350298811,-1.3320757713736464,0.315605783706837
2016-04-08 18:00:00,0.7546466687520345,1.7237506301701953,-0.9691039614181608,0.4377934113808121
2016-04-08 19:00:00,2.0204266668955486,1.9557122946673111,0.0647143722282375,1.0330899245275984
2016-04-08 20:00:00,2.5041450042724613,2.4717479642837814,0.03239703998867993,1.013106935034158
2016-04-08 21:00:00,1.8280900065104166,2.6377444830917036,-0.809654476581287,0.693050452092202
2016-04-08 22:00:00,1.9847633310953776,2.547371569488245,-0.5626082383928674,0.7791416669905393
2016-04-08 23:00:00,2.495411664326986,2.730153338043844,-0.23474167371685795,0.9140188683009832
2016-04-09 00:00:00,2.998030034383138,2.9482411223359333,0.049788912047204814,1.0168876662325896
2016-04-09 01:00:00,4.228521692911784,4.163982809733018,0.06453888317876544,1.0154993154697733
2016-04-09 02:00:00,4.048584996541341,3.585071515141035,0.4635134814003061,1.1292898843001384
2016-04-09 03:00:00,3.014545018513997,4.345044414945457,-1.3304993964314602,0.6937892298971674
2016-04-09 04:00:00,3.145021677652995,4.203883086573562,-1.058861408920567,0.7481230121973711
2016-04-09 05:00:00,2.9927816747029623,3.431516906879785,-0.43873523217682253,0.8721453968951135
2016-04-09 06:00:00,0.4668249992529552,1.943108195509937,-1.4762831962569818,0.24024652890234174
2016-04-09 07:00:00,1.197203337987264,1.4889625448159294,-0.2917592068286654,0.8040520173966272
2016-04-09 08:00:00,0.5501816698710124,1.7574612094972368,-1.2072795396262244,0.31305480137931735
2016-04-09 09:00:00,0.2721316652260721,1.207186299138815,-0.9350546339127428,0.22542640304997325
2016-04-09 10:00:00,0.25888833385705945,0.8533975842005288,-0.5945092503434694,0.3033619249105194
2016-04-09 11:00:00,0.5555366704662641,0.790764818689628,-0.2352281482233639,0.7025308376602298
2016-04-09 12:00:00,0.1952850018143654,0.7180153475800671,-0.5227303457657018,0.2719788685193652
2016-04-09 13:00:00,0.6991983353197575,0.5627911035707308,0.1364072317490267,1.2423763113588082
2016-04-09 14:00:00,2.661163330078125,1.4894686068006113,1.1716947232775137,1.7866528491623075
2016-04-09 15:00:00,0.6889116665522257,2.6164474791763017,-1.927535812624076,0.2633003995054798
2016-04-09 16:00:00,0.5552533321529627,2.4218460999799776,-1.8665927678270149,0.22926862782798346
2016-04-09 17:00:00,2.7375199896494546,1.7786421584531142,0.9588778311963404,1.5391066587729354
2016-04-09 18:00:00,0.3324383323217432,1.2855855362978177,-0.9531472039760744,0.2585890420633441
2016-04-09 19:00:00,0.0075916664203008015,0.8000743489714078,-0.792482682551107,0.009488701181409959
2016-04-09 20:00:00,1.0098649940490723,1.2859245891716042,-0.276059595122532,0.785322096297754
2016-04-09 21:00:00,2.059186665852865,1.3194424959474957,0.7397441699053691,1.5606490409225122
2016-04-09 22:00:00,1.3414366607666015,1.8465068515118204,-0.5050701907452189,0.7264726148556153
2016-04-09 23:00:00,2.69000168355306,2.3289455328651427,0.3610561506879173,1.1550298818039486
2016-04-10 00:00:00,2.1919916865030924,1.2167643730600015,0.9752273134430909,1.8014923308368433
2016-04-10 01:00:00,0.9689633289972942,0.776642524919794,0.19232080407750018,1.2476310502021013
2016-04-10 02:00:00,0.862925003528595,0.7485476149504355,0.11437738857815949,1.152799082241058
2016-04-10 03:00:00,0.3560550012588501,0.8842973669494261,-0.5282423656905759,0.4026417069261875
2016-04-10 04:00:00,0.5301716698209444,0.35397961916967297,0.17619205065127147,1.497746313939101
2016-04-10 05:00:00,0.740613334019979,0.31337858146270947,0.4272347525572695,2.363318292408916
2016-04-10 06:00:00,1.6472250035603841,1.9229100547734692,-0.27568505121308506,0.8566313330523603
2016-04-10 07:00:00,1.4376083374023438,1.4341274620245068,0.003480875377837034,1.0024271729466245
2016-04-10 08:00:00,1.8511833356221516,1.262401315332143,0.5887820202900087,1.4663984528050795
2016-04-10 09:00:00,3.213303298950195,2.703887786023784,0.5094155129264109,1.1884011294993622
2016-04-10 10:00:00,3.353411666870117,2.218992853411419,1.1344188134586979,1.511231395682358
2016-04-10 11:00:00,3.664773320515951,3.03151612985926,0.6332571906566908,1.2088912489758352
2016-04-10 12:00:00,5.070585047403971,5.742791199458488,-0.6722061520545175,0.8829478334302138
2016-04-10 13:00:00,6.952808380126953,6.47734354827384,0.47546483185311317,1.073404294261931
2016-04-10 14:00:00,7.211000030517578,6.629950214054699,0.5810498164628788,1.0876401477693034
2016-04-10 15:00:00,6.679808332721392,6.906830875933644,-0.2270225432122519,0.9671307221372257
2016-04-10 16:00:00,9.812065002441406,6.958944153745938,2.8531208486954673,1.4099933532531164
2016-04-10 17:00:00,8.900378387451173,6.904685328645367,1.9956930588058066,1.2890346140071445
2016-04-10 18:00:00,8.696958384195963,6.3824803048061725,2.31447807938979,1.3626298819358562
2016-04-10 19:00:00,7.306793324788412,5.835246161711476,1.4715471630769361,1.2521825339147872
2016-04-10 20:00:00,8.38411834716797,6.223844338626276,2.160274008541694,1.3470964071409455
2016-04-10 21:00:00,8.440981689453126,5.783482194400943,2.6574994950521837,1.45949817181506
2016-04-10 22:00:00,5.107216674804688,4.310600542314194,0.7966161324904935,1.1848039790907698
2016-04-10 23:00:00,3.066318323771159,4.631656684928155,-1.5653383611569955,0.6620348899669629
2016-04-11 00:00:00,2.7582666600545247,4.428781613672987,-1.6705149536184623,0.6228048480735474
2016-04-11 01:00:00,2.0290133310953773,4.451271638598439,-2.422258307503062,0.4558277939052598
2016-04-11 02:00:00,3.060749982198079,4.611944991073177,-1.5511950088750979,0.6636570878712622
2016-04-11 03:00:00,5.799916661580403,4.681242087600284,1.1186745739801198,1.2389696052984047
2016-04-11 04:00:00,5.454844980875651,4.024325119721841,1.4305198611538108,1.3554682632730946
2016-04-11 05:00:00,2.3433700256347656,3.2766918591782166,-0.933321833543451,0.7151633801240239
2016-04-11 06:00:00,1.3859199994405111,3.342981186835757,-1.957061187395246,0.4145760690781304
2016-04-11 07:00:00,1.58932332611084,2.973054656183224,-1.3837313300723841,0.5345758857158706
2016-04-11 08:00:00,2.1055599975585935,2.9715258923395975,-0.865965894781004,0.7085787147224905
2016-04-11 09:00:00,4.910068323771159,6.252730990219681,-1.342662666448522,0.7852678024132701
2016-04-11 10:00:00,7.1243949991861975,5.230569243316755,1.8938257558694422,1.362068766853481
2016-04-11 11:00:00,8.037744964599609,6.186052025621978,1.8516929389776307,1.2993335541486093
2016-04-11 12:00:00,6.416235026041667,6.355905637861722,0.060329388179945376,1.0094918634129126
2016-04-11 13:00:00,6.84454335530599,5.167626859396847,1.6769164959091425,1.3245041760048573
2016-04-11 14:00:00,3.1698383331298827,2.8250830489266407,0.344755284203242,1.1220336812166383
2016-04-11 15:00:00,2.0392300033569337,2.0792743026962865,-0.04004429933935283,0.9807412137554792
2016-04-11 16:00:00,1.0417649955749513,1.315168991704811,-0.27340399612985977,0.792114931347754
2016-04-11 17:00:00,0.4349116697311401,0.9600768736537637,-0.5251652039226236,0.45299671481096837
2016-04-11 18:00:00,0.029280000130335493,0.1995493257792048,-0.17026932564886932,0.14673063923419571
2016-04-11 19:00:00,0.008271666705608367,0.059270363225785036,-0.05099869652017667,0.13955822531571485
2016-04-11 20:00:00,0.0,0.14316812670232337,-0.14316812670232337,0.0
2016-04-11 21:00:00,0.03882500081509352,0.36747207936405674,-0.32864707854896325,0.10565428775509599
2016-04-11 22:00:00,0.3068749986489614,0.5834040096810542,-0.2765290110320928,0.5260076954505838
2016-04-11 23:00:00,0.9492000017166139,0.6624871738563248,0.28671282786028907,1.4327824585513698
2016-04-12 00:00:00,1.1524933369954427,0.49305141899563415,0.6594419179998086,2.3374708855784627
2016-04-12 01:00:00,0.5216583302617073,0.770417654095702,-0.24875932383399468,0.6771110805787771
2016-04-12 02:00:00,0.9518133327960968,1.1946726876034286,-0.24285935480733178,0.7967147342302439
2016-04-12 03:00:00,1.8989983317057293,1.3795664700887549,0.5194318616169744,1.3765181837041578
2016-04-12 04:00:00,1.6851783281962076,1.325700356424936,0.3594779717712715,1.2711608019331673
2016-04-12 05:00:00,0.5362133243878682,0.75609368100412,-0.21988035661625183,0.7091890037696881
2016-04-12 06:00:00,0.11497999829053882,0.9104212282975384,-0.7954412300069995,0.12629318684225777
2016-04-12 07:00:00,0.41250833245118457,0.812120482908884,-0.3996121504576994,0.5079398206700151
2016-04-12 08:00:00,1.3934050000508627,1.1618984231254932,0.23150657692536947,1.1992485507490573
2016-04-12 09:00:00,1.4231066672007242,1.7056523940947672,-0.282545726894043,0.8343474157616991
2016-04-12 10:00:00,0.9252033398946126,1.5854708688274128,-0.6602675289328003,0.5835511443858171
2016-04-12 11:00:00,0.7098783373435338,1.3087028158833995,-0.5988244785398658,0.5424289829042297
2016-04-12 12:00:00,1.6488950075308482,1.3537104692106918,0.29518453832015634,1.218055887897705
2016-04-12 13:00:00,2.983304972330729,1.3956066035540347,1.5876983687766946,2.1376403384259444
2016-04-12 14:00:00,3.4046516901652017,1.583706409928757,1.8209452802364448,2.1497997790628123
2016-04-12 15:00:00,2.0651900024414065,1.9181379416236004,0.14705206081780609,1.076663965414987
2016-04-12 16:00:00,0.8979899965922038,1.0619820906224766,-0.16399209403027282,0.8455792282390097
2016-04-12 17:00:00,0.2665216648777326,1.2234258729215652,-0.9569042080438326,0.21784864189709638
2016-04-12 18:00:00,0.0,0.8944144955925327,-0.8944144955925327,0.0
2016-04-12 19:00:00,0.0,0.6876538168938485,-0.6876538168938485,0.0
2016-04-12 20:00:00,1.0984683530038843,0.8295910629311065,0.26887729007277783,1.324108228845646
2016-04-12 21:00:00,2.934566646416982,0.6069752259957826,2.327591420421199,4.8347387516560225
2016-04-12 22:00:00,0.07038166658083597,1.2498659091032922,-1.1794842425224563,0.05631137393876982
2016-04-12 23:00:00,0.8660849986275037,0.6671556042852782,0.19892939434222545,1.2981754077526455
2016-04-13 00:00:00,0.35721166610717775,0.6286187852312679,-0.27140711912409016,0.5682484750686541
2016-04-13 01:00:00,0.2154616672197978,0.7262744526376257,-0.5108127854178279,0.29666700575423144
2016-04-13 02:00:00,0.8710483379364012,0.7697988568245836,0.10124948111181764,1.1315271907904245
2016-04-13 03:00:00,0.5506199985643228,0.5339983693177833,0.016621629246539427,1.0311267415812049
2016-04-13 04:00:00,0.29441166708866756,0.6764138635609894,-0.38200219647232186,0.4352537447099821
2016-04-13 05:00:00,0.3046716637611389,0.4777403408296971,-0.17306867706855816,0.6377348482483438
2016-04-13 06:00:00,0.41673666747411087,0.2327728780875595,0.18396378938655136,1.7903145370628266
2016-04-13 07:00:00,0.06900500052422286,-0.108679414114128,0.17768441463835086,-0.6349408587329918
2016-04-13 08:00:00,0.0,0.04830236649861003,-0.04830236649861003,0.0
2016-04-13 09:00:00,0.0,-0.05160573152539638,0.05160573152539638,-0.0
2016-04-13 10:00:00,0.0,0.07751182270481269,-0.07751182270481269,0.0
2016-04-13 11:00:00,0.0,0.1440646082398444,-0.1440646082398444,0.0
2016-04-13 12:00:00,0.0,0.4514637993172747,-0.4514637993172747,0.0
2016-04-13 13:00:00,0.0,0.39238144761443133,-0.39238144761443133,0.0
2016-04-13 14:00:00,0.019460000495115915,0.5745968521117255,-0.5551368516166096,0.03386722433928699
2016-04-13 15:00:00,0.1672033371925354,1.0129700361842497,-0.8457666989917143,0.165062470971375
2016-04-13 16:00:00,0.25943500430385275,0.45528622694396514,-0.1958512226401124,0.5698283606013476
2016-04-13 17:00:00,0.0,0.17664479322518994,-0.17664479322518994,0.0
2016-04-13 18:00:00,0.0,0.12214834142509835,-0.12214834142509835,0.0
2016-04-13 19:00:00,0.0,0.33059331536756115,-0.33059331536756115,0.0
2016-04-13 20:00:00,0.0,0.3681899819545974,-0.3681899819545974,0.0
2016-04-13 21:00:00,0.40403333525856333,0.496455843699008,-0.0924225084404447,0.8138353901692036
2016-04-13 22:00:00,0.20748166910807292,0.33409901396451086,-0.12661734485643794,0.6210185018089048
2016-04-13 23:00:00,0.0,0.3225142639479455,-0.3225142639479455,0.0
2016-04-14 00:00:00,0.0,0.16094980780168064,-0.16094980780168064,0.0
2016-04-14 01:00:00,0.10663499781986077,0.022533904167750154,0.08410109365211062,4.732202508097712
2016-04-14 02:00:00,0.16889500151077907,0.07273718934519555,0.09615781216558353,2.3219896593644633
2016-04-14 03:00:00,0.5345499982833862,0.052688760992910456,0.48186123729047575,10.14542737786741
2016-04-14 04:00:00,0.029523333698511123,0.16803797500079237,-0.13851464130228125,0.17569441489860793
2016-04-14 05:00:00,0.0,-0.025184623856221014,0.025184623856221014,-0.0
2016-04-14 06:00:00,0.04824833282828331,0.18109578563743373,-0.13284745280915042,0.26642438231489163
2016-04-14 07:00:00,0.35353499927123383,-0.004396075564648518,0.3579310748358823,-80.42059197394624
2016-04-14 08:00:00,0.38973500243822734,0.08627086979479284,0.3034641326434345,4.517573583821118
2016-04-14 09:00:00,0.7468000011444091,0.4591267576471849,0.28767324349722423,1.6265660598206437
2016-04-14 10:00:00,0.5856583366394043,0.785609868567775,-0.19995153192837078,0.745482408090294
2016-04-14 11:00:00,0.48154833404223124,0.7349076774128597,-0.25335934337062843,0.6552501067038179
2016-04-14 12:00:00,0.29347166426976523,0.6077551791554354,-0.3142835148856702,0.4828780968639164
2016-04-14 13:00:00,0.04254999972569446,0.5654461759119974,-0.5228961761863029,0.07525030946944927
2016-04-14 14:00:00,0.08749333333969116,0.7080335698820375,-0.6205402365423464,0.12357229524338523
2016-04-14 15:00:00,0.4965649979909261,1.5426605346862743,-1.0460955366953482,0.3218887025536768
2016-04-14 16:00:00,1.4570416704813638,1.8314601969248965,-0.3744185264435327,0.7955628371983197
2016-04-14 17:00:00,2.1784249895413716,2.359498582914237,-0.18107359337286555,0.9232575960485554
2016-04-14 18:00:00,4.663386672973633,2.387636800912575,2.2757498720610583,1.9531390499556915
2016-04-14 19:00:00,1.4793533337910971,1.5017716775642667,-0.022418343773169536,0.985072069138013
2016-04-14 20:00:00,2.4211850204467775,2.243353819005896,0.1778312014408816,1.0792702425869158
2016-04-14 21:00:00,1.5068233151435853,3.2074742411399373,-1.700650925996352,0.4697850089695685
2016-04-14 22:00:00,1.9518383216857909,2.380551022435306,-0.4287127007495153,0.8199103078618573
2016-04-14 23:00:00,2.4933983256022136,1.9998238650344602,0.49357446056775345,1.2468089661282487
2016-04-15 00:00:00,1.4918833427429201,2.0488800347983926,-0.5569966920554725,0.7281457759383748
2016-04-15 01:00:00,1.229596663792928,1.4380432133960683,-0.20844654960314024,0.8550484800029932
2016-04-15 02:00:00,1.1983033345540364,2.1208186120114263,-0.9225152774573899,0.5650192467037725
2016-04-15 03:00:00,2.5776150080362954,2.1981731551287846,0.37944185290751076,1.1726169078273911
2016-04-15 04:00:00,2.8024333216349278,2.7296851536284077,0.07274816800652006,1.0266507541757408
2016-04-15 05:00:00,2.023099983215332,2.887117629634707,-0.864017646419375,0.7007334798032823
2016-04-15 06:00:00,1.361195006052653,2.1255791238448483,-0.7643841177921953,0.6403878316185468
2016-04-15 07:00:00,0.6961366704305014,1.1660265101313436,-0.4698898397008422,0.5970161607664367
2016-04-15 08:00:00,0.3514183339277903,0.6294640813754555,-0.2780457474476652,0.5582817897407244
2016-04-15 09:00:00,0.06716833419725299,0.27478171957306696,-0.20761338537581397,0.24444251350349497
2016-04-15 10:00:00,0.014273333176970483,-0.12097926483504122,0.1352525980120117,-0.11798164913989675
2016-04-15 11:00:00,0.11074833373228708,-0.12402705668855811,0.2347753904208452,-0.8929368856215385
2016-04-15 12:00:00,0.5024533317883809,-0.14440172324690792,0.6468550550352888,-3.479552186016866
2016-04-15 13:00:00,0.36234833392004173,-0.11906807215907708,0.48141640607911884,-3.043203163950936
2016-04-15 14:00:00,0.6131750020980835,0.25620215104634664,0.3569728510517369,2.393324956850815
2016-04-15 15:00:00,0.8168499978383381,0.972593215647104,-0.15574321780876588,0.8398680812253622
2016-04-15 16:00:00,1.078635004679362,1.0112338314484146,0.06740117323094741,1.0666524112770308
2016-04-15 17:00:00,0.7169883365631103,0.6275329290013135,0.08945540756179682,1.1425509378514376
2016-04-15 18:00:00,0.18576166689395907,0.2983752938355952,-0.11261362694163612,0.6225772399115382
2016-04-15 19:00:00,0.05082666716972987,0.29936493273263604,-0.24853826556290617,0.16978163309168665
2016-04-15 20:00:00,0.0,-0.002294901610924575,0.002294901610924575,-0.0
2016-04-15 21:00:00,1.5365600038493672,0.648409109432766,0.8881508944166012,2.3697384590934627
2016-04-15 22:00:00,4.9832716649373365,0.7804044178236139,4.202867247113723,6.385499045270205
2016-04-15 23:00:00,5.627643310546875,1.566488422425657,4.0611548881212185,3.5925214830714487
2016-04-16 00:00:00,0.9189783356189727,2.096067596028337,-1.1770892604093643,0.4384297230491363
2016-04-16 01:00:00,1.3216716645558675,2.8076965434080003,-1.4860248788521329,0.4707316635264343
2016-04-16 02:00:00,3.1668183314005534,3.4069883063782034,-0.24016997497765002,0.9295066629585933
2016-04-16 03:00:00,4.045173347473145,5.147558010729083,-1.102384663255938,0.7858431782685631
2016-04-16 04:00:00,4.493991653442382,4.936777213078541,-0.4427855596361585,0.910308782323997
2016-04-16 05:00:00,3.380741668701172,4.801039436708329,-1.4202977680071571,0.7041686937316773
2016-04-16 06:00:00,4.618678314208984,5.564113112327022,-0.945434798118038,0.8300834690036274
2016-04-16 07:00:00,3.88089333597819,5.334071891906859,-1.4531785559286692,0.7275667472473497
2016-04-16 08:00:00,2.745810002644857,3.8829170630598124,-1.1371070604149556,0.7071513395861992
2016-04-16 09:00:00,3.1099533335367844,4.457289326451925,-1.347335992915141,0.6977230118495265
2016-04-16 10:00:00,3.2485050048828126,4.117465796440978,-0.8689607915581656,0.7889573746285224
2016-04-16 11:00:00,3.16539832051595,3.310667170886843,-0.145268850370893,0.9561209741503616
2016-04-16 12:00:00,1.801333330790202,3.1465575379053656,-1.3452242071151637,0.5724774802590558
2016-04-16 13:00:00,1.0863633393744627,3.8561865980880095,-2.7698232587135467,0.28171959829773485
2016-04-16 14:00:00,3.1181616770426435,3.9154927904366055,-0.797331113393962,0.796365066654853
2016-04-16 15:00:00,4.587633349100749,3.445373124799172,1.1422602243015767,1.331534548777836
2016-04-16 16:00:00,3.809323338826497,4.476155817109773,-0.666832478283276,0.8510256332600491
2016-04-16 17:00:00,0.2655800015678008,2.6234934387091955,-2.3579134371413946,0.10123143349596896
2016-04-16 18:00:00,0.34997833106915155,1.4369813887269443,-1.0870030576577927,0.2435510534894301
2016-04-16 19:00:00,6.6919267323811855,2.164000798136737,4.527925934244449,3.0923864437310353
2016-04-16 20:00:00,0.9635283357302349,1.9284216660080407,-0.9648933302778058,0.4996460850415572
2016-04-16 21:00:00,0.2235499995922049,1.371260073095891,-1.1477100735036863,0.16302523786570736
2016-04-16 22:00:00,0.4771716688474019,1.3545479215056584,-0.8773762526582565,0.3522737448203368
2016-04-16 23:00:00,0.9846783374945323,2.049440021741814,-1.0647616842472816,0.48046213943731647
2016-04-17 00:00:00,2.2301783091227216,1.8957211136835432,0.3344571954391784,1.1764274254398635
2016-04-17 01:00:00,2.327799982706706,1.8957211136835432,0.4320788690231627,1.2279232245209306
2016-04-17 02:00:00,2.9067066904703776,1.1215953789444846,1.785111311525893,2.5915822631204426
2016-04-17 03:00:00,2.096858332316081,1.0161524832910858,1.0807058490249952,2.0635272430027785
2016-04-17 04:00:00,1.885686673482259,1.0693832816709312,0.8163033918113278,1.7633403343802407
2016-04-17 05:00:00,2.2303633244832355,0.8418734587446252,1.3884898657386104,2.6492857107160526
2016-04-17 06:00:00,1.8671350008646646,1.557706438137841,0.3094285627268236,1.1986436950833494
2016-04-17 07:00:00,0.7848416706720989,0.8025127604387405,-0.017671089766641668,0.9779803005786715
2016-04-17 08:00:00,0.4861566664377849,0.5042640295032622,-0.018107363065477333,0.964091503644798
2016-04-17 09:00:00,0.21673833203315734,0.5036627763799036,-0.2869244443467463,0.4303243006977263
2016-04-17 10:00:00,0.16209166503945988,0.10930134819252732,0.052790316846932556,1.4829795580741219
2016-04-17 11:00:00,0.1637866672774156,0.4284610347151117,-0.2646743674376961,0.3822673569052063
2016-04-17 12:00:00,0.014256666858990987,0.40232065680743906,-0.3880639899484481,0.03543607969852414
2016-04-17 13:00:00,0.025215000126200416,0.6255145849380479,-0.6002995848118475,0.04031081086414277
2016-04-17 14:00:00,0.011710000082850457,0.5708749996022641,-0.5591649995194136,0.02051237151917489
2016-04-17 15:00:00,0.65174666873614,1.3852782698153034,-0.7335316010791635,0.47048068459417625
2016-04-17 16:00:00,0.5564850013256072,1.8235212993650989,-1.2670362980394918,0.3051705518983301
2016-04-17 17:00:00,1.0281016731262207,1.3906125070973907,-0.36251083397117,0.7393157100766807
2016-04-17 18:00:00,0.8428483314514159,0.7208250956991799,0.12202323575223606,1.1692827240342916
2016-04-17 19:00:00,1.4531816841761271,0.7002889436063222,0.7528927405698049,2.0751172747246094
2016-04-17 20:00:00,2.1412799949645995,0.8867889603108758,1.2544910346537237,2.4146443977087233
2016-04-17 21:00:00,1.265538333217303,0.8833267270418843,0.3822116061754186,1.4326956204024102
2016-04-17 22:00:00,1.0193899962107342,1.013467063447274,0.005922932763460231,1.0058442281718694
2016-04-17 23:00:00,0.5232950018048286,1.2596551149932615,-0.736360113188433,0.4154272035069122
2016-04-18 00:00:00,1.4313000036875407,2.3239676829925675,-0.8926676793050268,0.6158863628621802
2016-04-18 01:00:00,2.454111686706543,2.8138690265797486,-0.3597573398732057,0.8721485127861512
2016-04-18 02:00:00,4.180029988606771,3.1460598079096544,1.0339701806971164,1.3286556021908942
2016-04-18 03:00:00,4.834989980061849,3.236223183482801,1.598766796579048,1.4940224162347377
2016-04-18 04:00:00,4.819996627807617,3.3716459567641586,1.4483506710434586,1.429567840044947
2016-04-18 05:00:00,4.016353322347006,3.208830471872786,0.8075228504742196,1.2516564391770193
2016-04-18 06:00:00,4.259770006815593,3.427804637430213,0.8319653693853799,1.2427108477247102
2016-04-18 07:00:00,4.058130027770996,2.8936307300805457,1.1644992976904507,1.4024353507118152
2016-04-18 08:00:00,3.031958315531412,3.347221438006364,-0.3152631224749518,0.9058134849116151
2016-04-18 09:00:00,3.6586983464558918,5.668693655136567,-2.0099953086806757,0.6454217795206907
2016-04-18 10:00:00,4.879000025431315,5.970021389611965,-1.0910213641806497,0.8172500074992926
2016-04-18 11:00:00,5.066251658121746,5.026461332243057,0.03979032587868847,1.0079161706911872
2016-04-18 12:00:00,4.617006647745768,5.560767466044925,-0.9437608182991566,0.8302822723550418
2016-04-18 13:00:00,5.264993342081706,5.4567003661321865,-0.1917070240504808,0.9648675919168407
2016-04-18 14:00:00,3.9604866994222006,5.1463712886284245,-1.185884589206224,0.7695687849365649
2016-04-18 15:00:00,4.231028340657551,4.704860347855674,-0.4738320071981228,0.8992888264124396
2016-04-18 16:00:00,3.143703338623047,3.357567549713089,-0.21386421109004194,0.9363038247411234
2016-04-18 17:00:00,1.4463099899291993,2.947889444613278,-1.5015794546840788,0.4906255872560156
2016-04-18 18:00:00,2.08731334177653,2.9561406869763,-0.8688273451997697,0.7060940472056988
2016-04-18 19:00:00,0.30416666707396506,2.326524367653984,-2.0223577005800193,0.13073865518145422
2016-04-18 20:00:00,0.7982883265813192,2.0113475574410815,-1.2130592308597623,0.3968922842936873
2016-04-18 21:00:00,0.8206333356897036,2.142131868757744,-1.3214985330680404,0.3830918850787659
2016-04-18 22:00:00,0.9399433329900106,1.6010378901903854,-0.6610945572003748,0.587083752826261
2016-04-18 23:00:00,0.3633300042363505,1.8262517554215096,-1.462921751185159,0.19894847638489568
2016-04-19 00:00:00,0.5862483297189076,1.8761818196256053,-1.2899334899066977,0.31246882556185
2016-04-19 01:00:00,0.7153533239364624,1.8507820031248925,-1.13542867918843,0.38651409119423435
2016-04-19 02:00:00,0.5563533315161864,2.090538212674436,-1.5341848811582495,0.2661292332008803
2016-04-19 03:00:00,0.6558100029528141,1.692355854415326,-1.0365458514625119,0.38751306425407966
2016-04-19 04:00:00,0.4178866688869894,1.0952491463836402,-0.6773624774966509,0.38154484782461856
2016-04-19 05:00:00,0.6915383360187213,0.9738816119670914,-0.28234327594837016,0.7100846011682261
2016-04-19 06:00:00,0.46431832997004197,1.2923988462691118,-0.8280805162990699,0.35926860451046744
2016-04-19 07:00:00,0.12039500006536644,0.5306284145064952,-0.4102334144411288,0.2268913551818336
2016-04-19 08:00:00,0.244436664690574,0.7466984106107619,-0.5022617459201879,0.32735661575955016
2016-04-19 09:00:00,1.03067999792099,0.5676308685772742,0.4630491293437158,1.815757484268456
2016-04-19 10:00:00,0.5634533298015595,0.21841165365863213,0.34504167614292736,2.579776858803571
2016-04-19 11:00:00,0.03288499965767065,0.04392462304151965,-0.011039623383849,0.748668910068646
2016-04-19 12:00:00,0.00217833328495423,0.051620729031192567,-0.049442395746238335,0.04219880900244437
2016-04-19 13:00:00,0.01261833303173383,-0.020697855587447307,0.033316188619181134,-0.6096444618826362
2016-04-19 14:00:00,0.039791666656732554,-0.04710692934321669,0.08689859599994924,-0.8447094134880706
2016-04-19 15:00:00,0.1786149993340174,0.08499974028705869,0.09361525904695871,2.101359353932188
2016-04-19 16:00:00,0.3643533319135507,-0.014412109069352204,0.3787654409829029,-25.281055684511806
2016-04-19 17:00:00,0.668035006125768,0.7039887626122746,-0.03595375648650656,0.9489285079592836
2016-04-19 18:00:00,1.0044599952697755,0.7653612764939963,0.23909871877577915,1.3123998118523241
2016-04-19 19:00:00,1.9672316729227701,1.4708281119232365,0.49640356099953364,1.3374993698960802
2016-04-19 20:00:00,3.013786669413249,2.800757348237526,0.21302932117572304,1.0760613272369985
2016-04-19 21:00:00,4.116144989013672,2.9838177769815406,1.1323272120321315,1.379489398034757
2016-04-19 22:00:00,2.182061664581299,2.454438355201522,-0.2723766906202232,0.88902687653858
2016-04-19 23:00:00,1.1704899946848553,2.0629484237495688,-0.8924584290647135,0.5673869405602486
2016-04-20 00:00:00,0.4285883330106735,1.3714005910120393,-0.9428122580013658,0.31251870228114187
2016-04-20 01:00:00,0.17311166581635676,0.8308547645546797,-0.6577430987383229,0.20835370175573453
2016-04-20 02:00:00,0.41021333093444506,0.5923245166964577,-0.18211118576201263,0.6925482896137874
2016-04-20 03:00:00,0.5804133255382379,0.6997046476710674,-0.11929132213282956,0.829511891153096
2016-04-20 04:00:00,0.6745650045077006,0.5454992607384715,0.12906574376922908,1.2366011341509535
2016-04-20 05:00:00,0.717081669052442,0.7383885891294171,-0.0213069200769751,0.9711440285093021
2016-04-20 06:00:00,0.19709999929865202,1.6910929078999193,-1.4939929086012673,0.11655184548282466
2016-04-20 07:00:00,0.11626999935507776,0.3023570310241273,-0.18608703166904955,0.38454537988170584
2016-04-20 08:00:00,0.5986133280992509,0.30007046936564913,0.2985428587336018,1.9949091603873028
2016-04-20 09:00:00,1.1052100041707356,1.0584748289045196,0.046735175266215956,1.044153317575426
2016-04-20 10:00:00,1.7562133229573569,1.8929019260132927,-0.13668860305593578,0.9277888615477187
2016-04-20 11:00:00,2.487523345947266,2.3671508536209047,0.12037249232636116,1.0508512130277772
2016-04-20 12:00:00,2.5154316635131835,2.7040596802052734,-0.18862801669208995,0.930242657707255
2016-04-20 13:00:00,2.406915003458659,2.323959924289794,0.08295507916886491,1.0356955721576033
2016-04-20 14:00:00,2.3800449879964196,1.999483124237191,0.3805618637592285,1.190330120392696
2016-04-20 15:00:00,1.8476683197021484,1.9363458638419593,-0.08867754413981088,0.9542036648536212
2016-04-20 16:00:00,2.2783183263142903,2.116959892334909,0.1613584339793812,1.076221771873727
2016-04-20 17:00:00,2.8870133412679038,2.713078600290332,0.17393474097757178,1.064109731638058
2016-04-20 18:00:00,3.061011652628581,2.760068596295712,0.3009430563328692,1.1090346293337654
2016-04-20 19:00:00,1.4406416651407876,3.064566075444782,-1.6239244103039945,0.47009646053453
2016-04-20 20:00:00,2.882796674092611,3.2220915251993407,-0.33929485110672974,0.8946973267353917
2016-04-20 21:00:00,3.980194997151693,3.2741683886441453,0.7060266085075475,1.2156353994975555
2016-04-20 22:00:00,3.361471692403158,3.1421134569959994,0.21935823540715838,1.0698123216775484
2016-04-20 23:00:00,2.905778340657552,2.5175159985316222,0.3882623421259299,1.1542243792501774
2016-04-21 00:00:00,2.7357333323160806,2.475569004338377,0.2601643279777037,1.1050927392941872
2016-04-21 01:00:00,3.453376653035482,2.5452965852717613,0.9080800677637209,1.3567678804184484
2016-04-21 02:00:00,3.0480450083414716,2.4172151020620336,0.630829906279438,1.2609738395814676
2016-04-21 03:00:00,2.4539416681925457,2.3242411911001106,0.12970047709243504,1.055803363949094
2016-04-21 04:00:00,1.4317566668192547,2.128315411750599,-0.6965587449313444,0.6727182723549395
2016-04-21 05:00:00,2.5559749933878577,2.2873349961733878,0.26863999721446996,1.1174467219116977
2016-04-21 06:00:00,1.7419633458455404,2.653989340281914,-0.9120259944363736,0.6563565721256832
2016-04-21 07:00:00,1.261273333231608,2.2811494033367765,-1.0198760701051686,0.5529113224178418
2016-04-21 08:00:00,1.039059995651245,2.759616654797045,-1.7205566591458,0.3765233094404782
2016-04-21 09:00:00,1.6954550018310548,2.2430101223632373,-0.5475551205321825,0.7558837942490969
2016-04-21 10:00:00,1.9195616709391274,1.846794948504424,0.0727667224347035,1.0394016252284162
2016-04-21 11:00:00,3.362931640625,2.2600982121527644,1.1028334284722354,1.487958188074392
2016-04-21 12:00:00,3.1773450342814122,2.75710815582681,0.42023687845460245,1.152419439029435
2016-04-21 13:00:00,3.618394989013672,2.6358959039890193,0.9824990850246529,1.3727381963520613
2016-04-21 14:00:00,2.0333499876409773,3.0885918050329004,-1.0552418173919231,0.6583420911522225
2016-04-22 10:00:00,0.0653300018310547,3.314795942040686,-3.2494659402096313,0.019708604382698627
2016-04-22 11:00:00,1.5133883316367864,3.3116396875137504,-1.798251355876964,0.4569906374002237
2016-04-22 12:00:00,1.4975133137702943,2.9353610989445,-1.4378477851742058,0.5101632348772257
2016-04-22 13:00:00,1.1338800074259439,2.58158447258714,-1.447704465161196,0.4392186347052296
2016-04-22 14:00:00,0.9224683329264323,1.9271685723207734,-1.0047002393943412,0.47866509768554344
2016-04-22 15:00:00,1.3871633208791414,2.0044710248594244,-0.617307703980283,0.6920346084705438
2016-04-22 16:00:00,1.7690450057983398,2.0021566386504945,-0.23311163285215475,0.8835697325813239
2016-04-22 17:00:00,2.173891672770182,1.8706904806023985,0.3032011921677835,1.1620798284439589
2016-04-22 18:00:00,2.0582583338419598,1.9399885922861686,0.11826974155579117,1.0609641427924155
2016-04-22 19:00:00,2.0335416819254557,2.3666993724277168,-0.3331576905022611,0.859231090191014
2016-04-22 20:00:00,1.8399500122070314,2.3144529120878135,-0.4745028998807821,0.7949826944404135
2016-04-22 21:00:00,1.6611750157674154,1.9574673596909773,-0.29629234392356185,0.8486348482611035
2016-04-22 22:00:00,1.4723466657002766,1.205014588184334,0.2673320775159427,1.2218496606906208
2016-04-22 23:00:00,0.4823000024159749,1.4441392057122642,-0.9618392032962892,0.333970576041594
2016-04-23 00:00:00,0.30206333446502687,1.6600923459963428,-1.358029011531316,0.18195574191611405
2016-04-23 01:00:00,1.9276516723632815,2.224031287213503,-0.29637961485022135,0.8667376594231475
2016-04-23 02:00:00,2.3277333246866863,2.589477173751581,-0.2617438490648949,0.8989201945017782
2016-04-23 03:00:00,1.427936663309733,2.8140907463995095,-1.3861540830897765,0.5074238153608612
2016-04-23 04:00:00,1.0558099924723308,2.6972838144670224,-1.6414738219946916,0.39143451898144305
2016-04-23 05:00:00,1.275301668802897,2.7615048585186353,-1.4862031897157382,0.46181402320146997
2016-04-23 06:00:00,1.5314483286539713,3.01601452044282,-1.4845661917888489,0.507772200124925
2016-04-23 07:00:00,1.3636933263142903,3.063213895788602,-1.6995205694743118,0.44518384047197507
2016-04-23 08:00:00,2.285658322652181,2.6603552760441507,-0.3746969533919695,0.8591552952472085
2016-04-23 09:00:00,1.6216849899291992,3.203476578227713,-1.5817915882985139,0.5062265792579567
2016-04-23 10:00:00,2.8630766499439875,2.925772196916049,-0.06269554697206159,0.9785712821257422
2016-04-23 11:00:00,4.101325007120768,3.29737653721365,0.8039484699071182,1.243814578296985
2016-04-23 12:00:00,5.449635027567545,3.821658856512588,1.6279761710549572,1.4259867853669568
2016-04-23 13:00:00,4.346691640218099,3.6646380199375876,0.6820536202805112,1.1861175964910518
2016-04-23 14:00:00,3.769471618652344,3.0814436292692,0.6880279893831438,1.2232810565956442
2016-04-23 15:00:00,1.2129133326212567,3.24230450192991,-2.0293911693086533,0.37408988942873717
2016-04-23 16:00:00,0.20917000050190837,2.599964188548107,-2.3907941880461987,0.08045110829727035
2016-04-23 17:00:00,0.07377833390701562,2.6277247487925406,-2.553946414885525,0.02807688816757437
2016-04-23 18:00:00,0.8768633325596651,2.0405084372582247,-1.1636451046985596,0.42972786416795333
2016-04-23 19:00:00,0.8173516698678336,1.6083816538702203,-0.7910299840023867,0.5081826616842182
2016-04-23 20:00:00,0.096449999888738,1.4891367301366965,-1.3926867302479584,0.06476906917733759
2016-04-23 21:00:00,0.0,0.8824445470126923,-0.8824445470126923,0.0
2016-04-23 22:00:00,0.0,0.540878454468468,-0.540878454468468,0.0
2016-04-23 23:00:00,0.0,0.5575856900885486,-0.5575856900885486,0.0
2016-04-24 00:00:00,0.0162166668176651,0.43118205502337326,-0.41496538820570816,0.03760979064118528
2016-04-24 01:00:00,0.1558899994082749,0.3527566186562041,-0.19686661924792923,0.44191941742191654
2016-04-24 02:00:00,0.47819166819254566,1.359886785540103,-0.8816951173475572,0.35164079339341725
2016-04-24 03:00:00,0.9974416677479941,1.0024479980289185,-0.005006330280924343,0.9950058952775923
2016-04-24 04:00:00,0.5126800026794275,1.1284593153751195,-0.615779312695692,0.45431855246726705
2016-04-24 05:00:00,1.0173933232625325,1.3970032381525814,-0.3796099148900489,0.7282684073144663
2016-04-24 06:00:00,1.5285716756184897,1.6360876605597154,-0.10751598494122572,0.9342847039721308
2016-04-24 07:00:00,4.684204971313477,1.4468695237460858,3.237335447567391,3.2374757325633725
2016-04-24 08:00:00,6.068329981486001,3.0327979746643083,3.035532006821693,2.0009014883880245
2016-04-24 09:00:00,3.3256083221435544,3.867208175429555,-0.5415998532860007,0.8599506856840357
2016-04-24 10:00:00,4.710981664021809,2.8648968148942284,1.846084849127581,1.6443809213407004
2016-04-24 11:00:00,3.246198295593262,4.19192116155664,-0.9457228659633778,0.774393928340916
2016-04-24 12:00:00,3.2517766634623206,4.351994899854404,-1.1002182363920832,0.7471922045614321
2016-04-24 13:00:00,2.2878466669718422,3.360542776754349,-1.0726961097825067,0.6807967697353554
2016-04-24 14:00:00,2.1987549756368,2.823861198377883,-0.6251062227410831,0.7786342249753053
2016-04-24 15:00:00,2.3632650197347003,2.5800141737035545,-0.2167491539688542,0.9159891615410332
2016-04-24 16:00:00,2.135745011647542,1.708486927361192,0.42725808428635004,1.250079808890468
2016-04-24 17:00:00,1.1752616662979125,1.0553144255338385,0.11994724076407404,1.1136601925093537
2016-04-24 18:00:00,0.7920783349672954,0.6797664395059492,0.11231189546134623,1.1652213009264976
2016-04-24 19:00:00,0.6932933325767517,0.4210524258099893,0.27224090676676244,1.6465724695518513
2016-04-24 20:00:00,1.4323549960454305,0.40489818525249055,1.0274568107929398,3.5375683275839527
2016-04-24 21:00:00,1.323954995473226,0.5227734947890257,0.8011815006842002,2.5325595284962388
2016-04-24 22:00:00,1.441596663157145,0.7721020156827773,0.6694946474743678,1.8671064624566835
2016-04-24 23:00:00,1.3275366617838542,1.508367142251781,-0.18083048046792682,0.8801150758309597
2016-04-25 00:00:00,2.6089800084431967,2.6749486764121206,-0.06596866796892398,0.9753383425444233
2016-04-25 01:00:00,3.0646783447265626,3.095594327441801,-0.03091598271523832,0.9900129088488195
2016-04-25 02:00:00,3.3386350097656243,3.0056169400885495,0.3330180696770748,1.110798573575801
2016-04-25 03:00:00,3.0298233184814456,3.056187431937803,-0.026364113456357252,0.9913735286059858
2016-04-25 04:00:00,2.5131499938964845,2.8559599449860458,-0.34280995108956125,0.8799668210713522
2016-04-25 05:00:00,2.5487199961344404,3.239411756385601,-0.6906917602511604,0.7867848201483947
2016-04-25 06:00:00,2.8684400100708007,3.6439565937349645,-0.7755165836641638,0.787177326701008
2016-04-25 07:00:00,3.8782533365885414,3.9658533652768506,-0.08760002868830918,0.9779114302471963
2016-04-25 08:00:00,4.951841690063476,3.4016041838980486,1.550237506165427,1.4557371823281748
2016-04-25 09:00:00,3.866393305460612,4.257621706814893,-0.3912284013542813,0.9081110468954844
2016-04-25 10:00:00,5.501995009869337,4.835012546817876,0.6669824630514611,1.13794844513701
2016-04-25 11:00:00,5.351893315633138,4.8509000306981385,0.5009932849349994,1.1032784188015716
2016-04-25 12:00:00,4.757306666056316,4.830330745698349,-0.07302407964203361,0.9848821781599396
2016-04-25 13:00:00,3.803213322957357,4.030203981435827,-0.22699065847847022,0.9436776253698204
2016-04-25 14:00:00,6.046450007120769,4.438111915858625,1.6083380912621443,1.3623924141063453
2016-04-25 15:00:00,2.5956533349355064,6.742712133998661,-4.147058799063155,0.3849568665177753
2016-04-25 16:00:00,3.5479049542744954,3.46348551919558,0.08441943507891558,1.024374126760756
2016-04-25 17:00:00,1.8634566726684572,1.7118055709244886,0.15165110174396856,1.088591312190944
2016-04-25 18:00:00,0.10153500058191517,1.307562751338864,-1.2060277507569488,0.0776521053983448
2016-04-25 19:00:00,0.08504333383838335,0.8175619427318166,-0.7325186088934332,0.1040206611797731
2016-04-25 20:00:00,0.029865000933408742,0.6475493168839344,-0.6176843159505256,0.04612004082889287
2016-04-25 21:00:00,1.409193332672119,2.280305651750618,-0.8711123190784991,0.6179844055511876
2016-04-25 22:00:00,2.892823356628418,3.390226041784834,-0.49740268515641617,0.8532833271215888
2016-04-25 23:00:00,4.745965057373047,3.8641258186611087,0.881839238711938,1.2282118336968357
2016-04-26 00:00:00,4.597823331197103,4.269353944576703,0.3284693866203998,1.0769365554799337
2016-04-26 01:00:00,4.713056664228438,5.237799190988982,-0.5247425267605434,0.8998162190594665
2016-04-26 02:00:00,4.926165013631185,5.665886848905428,-0.739721835274243,0.8694428859946
2016-04-26 03:00:00,7.392839986165364,5.8617055187227844,1.5311344674425795,1.2612097217357654
2016-04-26 04:00:00,6.6582333374023435,5.432026919123707,1.226206418278636,1.2257364399211128
2016-04-26 05:00:00,5.400678375244141,4.781547611551838,0.6191307636923025,1.1294833417943035
2016-04-26 06:00:00,5.558608327229818,5.410027242465561,0.14858108476425702,1.027464017851515
2016-04-26 07:00:00,6.168404947916668,4.246989128111505,1.921415819805163,1.4524183514120632
2016-04-26 08:00:00,5.985938334147136,6.050364575062606,-0.06442624091546989,0.989351676231047
2016-04-26 09:00:00,5.053164998372396,6.572928496007665,-1.5197634976352692,0.7687844164806662
2016-04-26 10:00:00,5.099111668904623,5.110611360338176,-0.011499691433552783,0.9977498403571051
2016-04-26 11:00:00,4.86257335917155,5.2126188587974305,-0.35004549962588083,0.932846519358479
2016-04-26 12:00:00,4.947323359171549,5.441314223904324,-0.4939908647327744,0.909214788118169
2016-04-26 13:00:00,4.2803466796875,5.337224815129811,-1.056878135442311,0.8019798355792878
2016-04-26 14:00:00,6.020399968465169,5.274713278330855,0.7456866901343142,1.1413700898582835
2016-04-26 15:00:00,9.825935038248698,6.815521818974002,3.010413219274696,1.4416995938438473
2016-04-26 16:00:00,7.205353310684362,5.007346311128176,2.1980069995561866,1.4389564577691385
2016-04-26 17:00:00,5.794923342386881,4.878352103624747,0.9165712387621348,1.1878854209972047
2016-04-26 18:00:00,4.28062833404541,5.3960125614918555,-1.1153842274464454,0.7932947311119545
2016-04-26 19:00:00,6.1445949757893885,4.9208316551114715,1.223763320677917,1.2486903447320217
2016-04-26 20:00:00,5.245041648864747,4.154975400677009,1.0900662481877381,1.2623520341444436
2016-04-26 21:00:00,4.735888328552246,4.123347709434481,0.6125406191177651,1.1485541997140414
2016-04-26 22:00:00,5.16580167388916,3.7389677127337824,1.4268339611553773,1.3816117363880989
2016-04-26 23:00:00,4.473313320159912,4.123077745551223,0.35023557460868915,1.0849451783892727
2016-04-27 00:00:00,4.639759989420573,3.963912398879287,0.6758475905412857,1.1705001328314841
2016-04-27 01:00:00,4.562676656087239,3.6442798657967375,0.9183967902905019,1.2520104997725567
2016-04-27 02:00:00,4.402045008341472,3.433753437929488,0.9682915704119837,1.2819921662738405
2016-04-27 03:00:00,3.2356266581217445,3.3109439427388216,-0.0753172846170771,0.9772520205960435
2016-04-27 04:00:00,2.841181660970052,3.067443047815539,-0.2262613868454868,0.9262377871997926
2016-04-27 05:00:00,2.651433339436849,2.931838358093009,-0.2804050186561602,0.904358636320405
2016-04-27 06:00:00,1.7615783208211262,2.9541237636029485,-1.1925454427818223,0.5963116178560665
2016-04-27 07:00:00,1.8277166570027672,2.1625847455950953,-0.3348680885923281,0.845153772921773
2016-04-27 08:00:00,1.6479266548156737,3.154449530065448,-1.5065228752497744,0.522413384366775
2016-04-27 09:00:00,1.3140533409118653,2.2941112474094894,-0.980057906497624,0.5727940797969996
2016-04-27 10:00:00,0.8133749955495199,0.6067552449622312,0.20661975058728865,1.3405322859634285
2016-04-27 11:00:00,1.0086083295742672,0.6097739819805559,0.3988343475937113,1.654069145912541
2016-04-27 12:00:00,0.898781673207879,0.5271296000773205,0.3716520731305586,1.70504876424326
2016-04-27 13:00:00,0.41401166789233684,-0.10781787115820843,0.5218295390505453,-3.8399169214241824
2016-04-27 14:00:00,1.967754997889201,0.5284225473721154,1.4393324505170857,3.7238286058666366
2016-04-27 15:00:00,1.073024998029073,2.3308917948077186,-1.2578667967786457,0.46034955394297467
2016-04-27 16:00:00,0.1921866676608721,2.171189212113697,-1.9790025444528248,0.08851677531769536
2016-04-27 17:00:00,3.9578799941440423,1.320216261432613,2.637663732711429,2.997902775299259
2016-04-27 18:00:00,0.6832016605933506,1.3556651841731684,-0.6724635235798178,0.5039604679455134
2016-04-27 19:00:00,0.0004466667386392753,0.7478080590951944,-0.7473613923565552,0.0005973013171049759
2016-04-27 20:00:00,0.0,0.5403250765825617,-0.5403250765825617,0.0
2016-04-27 21:00:00,0.0,0.7940701162836322,-0.7940701162836322,0.0
2016-04-27 22:00:00,0.011484999974568685,0.43505059088609466,-0.42356559091152596,0.026399228538401636
2016-04-27 23:00:00,0.0,1.0189087140048319,-1.0189087140048319,0.0
2016-04-28 00:00:00,0.43817333527406055,1.3803244476202852,-0.9421511123462246,0.3174422767266657
2016-04-28 01:00:00,2.105513353586197,1.516296456310917,0.58921689727528,1.3885895101996208
2016-04-28 02:00:00,3.4541699803670243,2.2048980060000907,1.2492719743669336,1.5665894617199279
2016-04-28 03:00:00,2.5188066749572755,2.1706659034476137,0.34814077150966183,1.1603843184511806
2016-04-28 04:00:00,3.2671033503214515,2.14673179358934,1.1203715567321115,1.5218963822485005
2016-04-28 05:00:00,2.461831675211588,1.9228616995913035,0.5389699756202846,1.2802957569620532
2016-04-28 06:00:00,1.354384998321533,2.826852951797121,-1.4724679534755878,0.4791140612604229
2016-04-28 07:00:00,1.0482616592446963,1.4358288107231998,-0.3875671514785035,0.7300742619286952
2016-04-28 08:00:00,0.8359483337402344,1.4899531806589748,-0.6540048469187404,0.5610567798986221
2016-04-28 09:00:00,2.427530014038086,2.113680209408189,0.3138498046298972,1.1484849994019541
2016-04-28 10:00:00,4.531648330688477,2.9589553179585417,1.5726930127299354,1.5315027919431294
2016-04-28 11:00:00,5.358545003255209,4.642152964813594,0.7163920384416151,1.1543232297323451
2016-04-28 12:00:00,6.720181681315103,5.980310509809235,0.7398711715058681,1.123717852157056
2016-04-28 13:00:00,6.668586680094401,5.807666096173877,0.8609205839205236,1.14823865037415
2016-04-28 14:00:00,6.104996663411458,6.519226803494122,-0.41423014008266357,0.9364602348455421
2016-04-28 15:00:00,8.616280019124348,6.3848931056061655,2.2313869135181825,1.3494791340451644
2016-04-28 16:00:00,8.265809997558595,6.700752780798986,1.5650572167596088,1.2335643871602429
2016-04-28 17:00:00,9.755291690270106,6.596377107602672,3.1589145826674336,1.4788862933604294
2016-04-28 18:00:00,9.720710042317709,6.888493009235833,2.832217033081876,1.411151906416185
2016-04-28 19:00:00,3.9799433492024745,5.8628880300954584,-1.882944680892984,0.6788366635645392
2016-04-28 20:00:00,3.6828716634114578,5.228819146917486,-1.545947483506028,0.7043409917098775
2016-04-28 21:00:00,3.9404516245524093,5.386173340767206,-1.4457217162147966,0.7315864854789712
2016-04-28 22:00:00,5.490654988606772,5.2578409618058,0.23281402680097152,1.044279396903061
2016-04-28 23:00:00,6.281726638793945,5.171063901771515,1.1106627370224293,1.2147841833170803
2016-04-29 00:00:00,7.9369032948811835,5.325817739295629,2.6110855555855546,1.490269416529242
2016-04-29 01:00:00,7.187618321736654,5.135479204293679,2.052139117442975,1.39960031689491
2016-04-29 02:00:00,4.489411674499512,4.446532700369179,0.042878974130332814,1.0096432382307168
2016-04-29 03:00:00,7.599890055338541,5.119162161295603,2.4807278940429383,1.484596466351262
2016-04-29 04:00:00,10.03685163370768,5.54985049865058,4.487001135057101,1.8084904514361413
2016-04-29 05:00:00,8.744091573079427,6.028449790446171,2.7156417826332557,1.4504709961982232
2016-04-29 06:00:00,9.723061665852866,6.532898524521834,3.1901631413310314,1.4883227757719582
2016-04-29 07:00:00,9.886813345988593,6.616888201651204,3.269925144337389,1.4941786901464347
2016-04-29 08:00:00,9.80382499186198,6.876903803522375,2.9269211883396045,1.4256161307419226
2016-04-29 09:00:00,9.735348347981772,7.527737207896214,2.2076111400855574,1.29326357697103
2016-04-29 10:00:00,9.943041666666666,7.500967843082165,2.4420738235845008,1.3255678300016611
2016-04-29 11:00:00,8.790950002034506,7.3780352796937825,1.412914722340724,1.1915028417157916
2016-04-29 12:00:00,9.280016662597657,7.585360185437693,1.6946564771599633,1.2234114710087662
2016-04-29 13:00:00,9.303443237304688,7.657486672243378,1.6459565650613097,1.2149473626937572
2016-04-29 14:00:00,7.767913304130236,7.647616677661735,0.12029662646850081,1.0157299498051309
2016-04-29 15:00:00,9.44811333211263,6.906920714972932,2.541192617139698,1.367919760774271
2016-04-29 16:00:00,7.1058650004069,5.670549311873216,1.4353156885336835,1.253117574611046
2016-04-29 17:00:00,5.1088933207194005,5.832034750540925,-0.7231414298215242,0.8760052947636411
2016-04-29 18:00:00,2.569928337097168,5.300355116148195,-2.730426779051027,0.48485965200096875
2016-04-29 19:00:00,4.581746662139892,3.887100570080576,0.6946460920593163,1.1787054591296353
2016-04-29 20:00:00,3.4372866626779235,3.8041004027520957,-0.3668137400741722,0.9035741170740922
2016-04-29 21:00:00,5.3106700032552085,3.1165895698330317,2.194080433422177,1.7040004415915833
2016-04-29 22:00:00,4.178179987589519,3.272378701871164,0.9058012857183546,1.276802096652326
2016-04-29 23:00:00,3.8585166498819987,2.7867307110213995,1.0717859388605993,1.3846033398999524
2016-04-30 00:00:00,2.5397366714477543,2.861963923420422,-0.3222272519726679,0.88741044241132
2016-04-30 01:00:00,2.0702066624959308,3.25369745132368,-1.1834907888277493,0.6362628036155367
2016-04-30 02:00:00,4.474369990030925,2.992841132672886,1.4815288573580392,1.495024223365607
2016-04-30 03:00:00,4.602659968058268,2.9838021509061954,1.6188578171520729,1.542548646082455
2016-04-30 04:00:00,4.038063334147136,2.938756214369613,1.099307119777523,1.3740722399504421
2016-04-30 05:00:00,4.755795003255208,2.4696831737339955,2.286111829521212,1.925670083448301
2016-04-30 06:00:00,3.9864166755676274,3.115154496807564,0.8712621787600634,1.2796850620580584
2016-04-30 07:00:00,2.257231662074725,2.082457547963026,0.17477411411169896,1.0839268556915629
2016-04-30 08:00:00,1.4670533396402994,1.965581235062828,-0.4985278954225285,0.7463712582672303
2016-04-30 09:00:00,1.49006499226888,2.7104008710690195,-1.2203358788001395,0.5497581587188533
2016-04-30 10:00:00,1.4033983270525932,1.9549421805772,-0.5515438535246069,0.7178720378513892
2016-04-30 11:00:00,1.2022550021012626,1.9407326014259105,-0.738477599324648,0.6194851373228503
2016-04-30 12:00:00,4.931529988606771,1.9661048426598986,2.965425145946872,2.508274168093201
2016-04-30 13:00:00,1.308019999186198,1.7247948505652884,-0.4167748513790903,0.7583626532497499
2016-04-30 14:00:00,1.4894949951171876,1.7478012914793062,-0.25830629636211855,0.8522107189064422
2016-04-30 15:00:00,5.727104994455973,2.3530187368569737,3.3740862575989996,2.433939392299914
2016-04-30 16:00:00,2.8702099756697814,2.680967057613657,0.1892429180561246,1.0705875581420126
2016-04-30 17:00:00,0.32400500382979713,2.693223314222971,-2.369218310393174,0.12030380181202192
2016-04-30 18:00:00,1.1374583320617677,1.9529729446932107,-0.815514612631443,0.5824240090742523
2016-04-30 19:00:00,1.1110799936056137,0.7186508931997762,0.39242910040583756,1.546063609075272
2016-04-30 20:00:00,2.8723383509318037,0.7882177536057625,2.084120597326041,3.644092432315907
2016-04-30 21:00:00,2.268148329416911,1.1568877572697451,1.111260572147166,1.9605604045544927
2016-04-30 22:00:00,1.0824550018310546,0.957023727272104,0.12543127455895053,1.131063913030118
2016-04-30 23:00:00,0.5900150006612142,0.8412938093468406,-0.25127880868562646,0.7013186048751351
2016-05-01 00:00:00,0.40336333010594044,0.8233822430500508,-0.42001891294411037,0.4898858744047766
2016-05-01 01:00:00,0.8490366600354513,1.1344701471905898,-0.2854334871551385,0.7483992964803983
2016-05-01 02:00:00,2.1237666811943057,1.39393114744666,0.7298355337476456,1.5235807629986067
2016-05-01 03:00:00,2.1644666544596354,2.2453213665138514,-0.08085471205421602,0.9639896928519621
2016-05-01 04:00:00,1.5691099967956543,2.3609426563216798,-0.7918326595260254,0.6646116510259968
2016-05-01 05:00:00,2.2946333360671995,3.2341559249965144,-0.9395225889293148,0.7094999094917394
2016-05-01 06:00:00,2.2759766616821286,3.2306353392805245,-0.9546586775983958,0.7044981629492724
2016-05-01 07:00:00,1.468245006561279,2.1499398634721936,-0.6816948569109145,0.6829237559184729
2016-05-01 08:00:00,2.126471689860026,2.495380997626792,-0.3689093077667662,0.852163133358147
2016-05-01 09:00:00,3.8711416625976565,3.684211987898135,0.18692967469952126,1.0507380344327488
2016-05-01 10:00:00,4.582351699829101,3.8344883873988356,0.7478633124302658,1.1950360092073682
2016-05-01 11:00:00,6.760934987386068,5.551399203448968,1.2095357839371,1.2178794461737936
2016-05-01 12:00:00,6.902511657714843,6.307955134878199,0.5945565228366441,1.0942550335447376
2016-05-01 13:00:00,7.181641662597656,7.352882778027215,-0.17124111542955944,0.976711023336142
2016-05-01 14:00:00,6.831261667887369,7.963765026256551,-1.1325033583691821,0.8577929717118328
2016-05-01 15:00:00,7.109741638183594,7.836383606954347,-0.7266419687707533,0.9072733029396494
2016-05-01 16:00:00,6.594726648966471,6.241656719708029,0.35306992925844227,1.0565667009759803
2016-05-01 17:00:00,7.175095021565755,5.566667848412598,1.6084271731531574,1.2889389518025258
2016-05-01 18:00:00,6.294176656087239,5.202523878471659,1.0916527776155798,1.2098313824436062
2016-05-01 19:00:00,6.588160024007162,4.98459650895906,1.6035635150481022,1.3217037752536116
2016-05-01 20:00:00,7.295863321940104,5.376208425354359,1.9196548965857447,1.3570648205401776
2016-05-01 21:00:00,6.835386678059896,5.211832957022191,1.6235537210377053,1.311513000210454
2016-05-01 22:00:00,6.2049233449300125,4.873544200545591,1.3313791443844218,1.2731849942461535
2016-05-01 23:00:00,7.144490020751954,4.827838458513913,2.3166515622380413,1.4798527502826067
2016-05-02 00:00:00,6.326103332519531,5.228548531332678,1.0975548011868526,1.20991577196035
2016-05-02 01:00:00,6.374080006917318,5.126234743623923,1.247845263293395,1.2434233556794256
2016-05-02 02:00:00,5.220083287556966,5.178821861035797,0.04126142652116904,1.0079673384465317
2016-05-02 03:00:00,3.114403310139974,4.838992049304514,-1.7245887391645405,0.6436057919515682
2016-05-02 04:00:00,4.023635009765625,4.8177484524773755,-0.7941134427117502,0.8351691769412738
2016-05-02 05:00:00,5.534778340657552,4.292152576406772,1.2426257642507803,1.2895110884643946
2016-05-02 06:00:00,4.814755004882813,4.860815836992169,-0.04606083210935541,0.99052405323427
2016-05-02 07:00:00,6.281005025227865,8.622754754500587,-2.3417497292727223,0.7284220883064705
2016-05-02 08:00:00,7.778195007324219,9.371469117107331,-1.5932741097831125,0.8299867299488146
2016-05-02 09:00:00,9.776124969482423,9.028998153010422,0.7471268164720009,1.0827474769416023
2016-05-02 10:00:00,10.029266682942708,7.126084989164488,2.9031816937782207,1.4074020585205804
2016-05-02 11:00:00,9.758694978813331,7.306317169609806,2.452377809203525,1.33565170417239
2016-05-02 12:00:00,8.583418314615885,6.924073457144832,1.6593448574710532,1.2396486501394355
2016-05-02 13:00:00,6.819985017508268,7.125339234131883,-0.3053542166236154,0.9571453082316552
2016-05-02 14:00:00,7.6986300557454435,6.52818476406162,1.1704452916838237,1.179291079218109
2016-05-02 15:00:00,5.891731684366862,5.559105398683313,0.3326262856835491,1.0598344988678092
2016-05-02 16:00:00,2.783070012410482,3.4888153850277206,-0.7057453726172387,0.797712032672766
2016-05-02 17:00:00,2.9412499923706052,2.888415476056556,0.05283451631404912,1.0182918685874727
2016-05-02 18:00:00,4.030488324483236,3.2160506435247025,0.8144376809585334,1.2532415596745492
2016-05-02 19:00:00,4.128701652526855,3.0870030025599013,1.0416986499669538,1.3374465943515843
2016-05-02 20:00:00,4.919423329671224,3.14071104176577,1.7787122879054538,1.566340635687843
2016-05-02 21:00:00,4.072578315734863,3.2348833541650737,0.8376949615697895,1.2589567752083597
2016-05-02 22:00:00,3.4393199996948245,3.5209913527480774,-0.0816713530532529,0.97680444372875
2016-05-02 23:00:00,4.231646659851074,3.62142614276456,0.6102205170865136,1.168502819892021
2016-05-03 00:00:00,4.033518330891927,3.4420073186840026,0.5915110122079246,1.1718505968877717
2016-05-03 01:00:00,4.1781999867757165,3.8144644311824765,0.36373555559324,1.0953569137045231
2016-05-03 02:00:00,8.590948384602864,3.84801214478433,4.742936239818534,2.2325678977513626
2016-05-03 03:00:00,8.202136678059896,3.8623368053769394,4.339799872682956,2.1236202566905398
2016-05-03 04:00:00,5.011209971110026,3.815026472664421,1.1961834984456052,1.313545268169578
2016-05-03 05:00:00,4.673793324788411,3.8026355194576293,0.8711578053307818,1.2290931646941108
2016-05-03 06:00:00,3.0570216700236004,3.6330812299216335,-0.5760595598980331,0.8414404954247447
2016-05-03 07:00:00,1.5793766827483973,2.3095471183455523,-0.730170435597155,0.6838469196851832
2016-05-03 08:00:00,2.253400009155273,2.708287675541875,-0.45488766638660216,0.8320386454900556
2016-05-03 09:00:00,2.171164695739746,4.490210346543569,-2.3190456508038233,0.4835329590764148
2016-05-03 10:00:00,1.4218866933186851,2.877138531914935,-1.45525183859625,0.49420167904543716
2016-05-03 11:00:00,1.3301233469645184,3.006671904462638,-1.6765485574981196,0.44239058641226847
2016-05-03 12:00:00,1.9748912887573242,3.6368946572069563,-1.662003368449632,0.5430158074124674
2016-05-03 13:00:00,1.849394563625256,4.199745780874813,-2.350351217249557,0.440358693149285
2016-05-03 14:00:00,1.0110915150841078,4.0243328433930765,-3.0132413283089687,0.2512445054697851
2016-05-03 15:00:00,0.40925044355789825,4.035426677844431,-3.6261762342865334,0.10141441692022118
2016-05-03 16:00:00,0.4842341677347819,3.1899785421204117,-2.7057443743856298,0.1517985658338963
2016-05-03 17:00:00,0.7839223929246266,2.598794798863071,-1.8148724059384445,0.3016484384483067
2016-05-03 18:00:00,0.1311309513648351,1.494106967319469,-1.3629760159546338,0.08776543730339005
2016-05-03 19:00:00,0.019115651249885558,0.7711298668220465,-0.752014215572161,0.02478914651388658
2016-05-03 20:00:00,0.027209680914878846,1.097173254264022,-1.0699635733491433,0.024799803321063414
2016-05-03 21:00:00,0.039635087723533316,1.4163690651874372,-1.3767339774639038,0.027983587539232333
2016-05-03 22:00:00,0.0,1.1517116671524597,-1.1517116671524597,0.0
2016-05-03 23:00:00,0.0,0.7139538650985336,-0.7139538650985336,0.0
2016-05-04 00:00:00,0.0,0.814733942454264,-0.814733942454264,0.0
2016-05-04 01:00:00,0.0,0.6587171512319356,-0.6587171512319356,0.0
2016-05-04 02:00:00,0.0,0.58469360035285,-0.58469360035285,0.0
2016-05-04 03:00:00,0.0,0.6617068447536832,-0.6617068447536832,0.0
2016-05-04 04:00:00,0.0723774724950393,0.5105807026982984,-0.4382032302032591,0.1417552056169406
2016-05-04 05:00:00,0.07772555631399156,0.6675013912270858,-0.5897758349130943,0.11644253830109112
2016-05-04 06:00:00,0.4443095413049062,1.6314474835754822,-1.1871379422705761,0.2723406948602212
2016-05-04 07:00:00,0.6482367936372757,0.41166678112188737,0.23657001251538834,1.574663838239948
2016-05-04 08:00:00,1.064765609105428,1.1038640805777193,-0.039098471472291285,0.9645803571651425
2016-05-04 09:00:00,2.4178666280110677,2.5415950307485837,-0.12372840273751606,0.9513186006265231
2016-05-04 10:00:00,3.946324996948242,3.0111087340620304,0.9352162628862115,1.3105886719755189
2016-05-04 11:00:00,3.5124495493570964,2.886720223957829,0.6257293253992673,1.2167613335736993
2016-05-04 12:00:00,3.4884729817708333,3.2820756177917842,0.20639736397904906,1.0628862305487998
2016-05-04 13:00:00,3.2455233052571613,3.2480252950854736,-0.00250198982831229,0.9992296889337352
2016-05-04 14:00:00,2.9914124552408854,3.130312637046767,-0.13890018180588148,0.9556273772267923
2016-05-04 15:00:00,3.173635269165039,3.6197327053738957,-0.44609743620885656,0.8767595641671068
2016-05-04 16:00:00,3.5825185445149734,3.5128681572397698,0.06965038727520367,1.019827213592306
2016-05-04 17:00:00,3.0677460479736327,2.7732178175517523,0.29452823042188037,1.1062045067494537
2016-05-04 18:00:00,2.5181963094075517,1.8029463964879557,0.7152499129195959,1.3967116905487955
2016-05-04 19:00:00,2.6127988026936855,1.9124704145587677,0.7003283881349178,1.366190442897122
2016-05-04 20:00:00,2.6331869328816735,1.9618192264876682,0.6713677063940053,1.3422169062926275
2016-05-04 21:00:00,2.7752023900349934,2.6181556400417954,0.157046749993198,1.0599837334310236
2016-05-04 22:00:00,2.4312036069234213,2.279981698964911,0.1512219079585102,1.0663259306103918
2016-05-04 23:00:00,1.5504117584228518,2.0536712138988085,-0.5032594554759566,0.7549464334553633
2016-05-05 00:00:00,1.3121385040283202,1.93779127647329,-0.6256527724449699,0.6771309789444221
2016-05-05 01:00:00,1.5712447942097985,1.9556919260291572,-0.38444713181935875,0.8034214250707976
2016-05-05 02:00:00,1.5442969525655112,2.1221927405235004,-0.5778957879579891,0.7276893012953035
2016-05-05 03:00:00,2.057709005991618,1.9475374641487004,0.11017154184291744,1.056569664959475
2016-05-05 04:00:00,1.440844393412272,1.4810545526085768,-0.04021015919630466,0.9728503186290588
2016-05-05 05:00:00,0.6082531944513321,1.1278006402000995,-0.5195474457487674,0.5393268746002955
2016-05-05 06:00:00,0.4069354591369629,1.36607632376227,-0.959140864625307,0.29788632747563776
2016-05-05 07:00:00,0.36890004499753315,0.5456777526357137,-0.17677770763818057,0.6760401046509318
2016-05-05 08:00:00,0.5023753560384114,0.748727837164093,-0.24635248112568153,0.6709719221088739
2016-05-05 09:00:00,0.8827883669535319,0.944843463235082,-0.06205509628155004,0.9343223521184372
2016-05-05 10:00:00,1.3929334030151366,1.0978716319476995,0.29506177106743703,1.2687579881665922
2016-05-05 11:00:00,2.0586780507961913,1.3453228935079997,0.7133551572881915,1.5302482851741865
2016-05-05 12:00:00,1.3032918841044108,1.4704233921471483,-0.16713150804273758,0.8863378337590998
2016-05-05 13:00:00,1.2148097330729166,1.376653164956027,-0.16184343188311034,0.8824370320695264
2016-05-05 14:00:00,1.4843885981241862,1.5440807846128852,-0.059692186488699006,0.9613412801431472
2016-05-05 15:00:00,1.229773536682129,1.9417840979894683,-0.7120105613073393,0.6333214583204394
2016-05-05 16:00:00,1.3074608855247498,1.8711877986277423,-0.5637269131029925,0.6987331183345636
2016-05-05 17:00:00,1.8921950759887696,1.3296225499902488,0.5625725259985208,1.4231069381326653
2016-05-05 18:00:00,2.5897258173624675,1.4247000197618989,1.1650257976005687,1.8177341064368568
2016-05-05 19:00:00,1.648351505279541,1.5075460645899477,0.14080544068959333,1.0934004233747194
2016-05-05 20:00:00,2.2616225865681967,2.2554944712339897,0.006128115334206985,1.0027169720043048
2016-05-05 21:00:00,2.043866310119629,1.5619600555486177,0.4819062545710113,1.308526618756424
2016-05-05 22:00:00,1.5743927485148113,1.0545834481263014,0.5198093003885098,1.4929048538662966
2016-05-05 23:00:00,0.7570583744049072,0.7078561118386325,0.04920226256627469,1.069508847551621
2016-05-06 00:00:00,0.6273716600139936,0.6137354927185964,0.013636167295397184,1.0222183130309028
2016-05-06 01:00:00,0.5666428775787353,0.6735969570209945,-0.10695407944225921,0.841219473562845
2016-05-06 02:00:00,0.4653538999557495,0.606942175045005,-0.14158827508925553,0.7667186745116918
2016-05-06 03:00:00,0.4355304732322693,0.6044864133924472,-0.16895594016017795,0.720496711891376
2016-05-06 04:00:00,0.5662499170303344,0.5842346168621608,-0.01798469983182638,0.9692166480507102
2016-05-06 05:00:00,0.40120049397150676,0.3934284136939686,0.007772080277538174,1.0197547508187443
2016-05-06 06:00:00,0.3288766721735398,0.668796665632065,-0.3399199934585252,0.49174388730351354
2016-05-06 07:00:00,0.12675631754597028,0.13578077829852095,-0.009024460752550673,0.9335365368674649
2016-05-06 08:00:00,0.0,0.13956056479551432,-0.13956056479551432,0.0
2016-05-06 09:00:00,0.04763597731788953,0.15830104699046527,-0.11066506967257574,0.3009201658707837
2016-05-06 10:00:00,1.1521557242075602,0.2802538653134499,0.8719018588941103,4.111114481575238
2016-05-06 11:00:00,0.8268890562057496,0.8891776385995633,-0.06228858239381374,0.9299481007058196
2016-05-06 12:00:00,1.3394795859654745,1.049403566532674,0.2900760194328005,1.27641989095886
2016-05-06 13:00:00,0.7943735682169596,1.062509676538533,-0.2681361083215733,0.74763890226853
2016-05-06 14:00:00,0.6566627553304036,0.9915263461452045,-0.3348635908148009,0.6622746413984226
2016-05-06 15:00:00,0.6185878159999847,1.2815106300223473,-0.6629228140223626,0.48270205607986066
2016-05-06 16:00:00,0.8948212057749431,0.9663149827394213,-0.07149377696447823,0.9260140034652061
2016-05-06 17:00:00,0.8297179970343908,0.5819083869339113,0.24780961010047942,1.4258567425126727
2016-05-06 18:00:00,0.3205365358591079,0.5083503184807656,-0.1878137826216577,0.6305426085244717
2016-05-06 19:00:00,1.7128466033935545,0.5734664981171766,1.139380105276378,2.9868294120357977
2016-05-06 20:00:00,1.7327329686482746,0.9017865058210796,0.8309464628271951,1.9214447737500968
2016-05-06 21:00:00,1.065162716547648,0.9340655221443921,0.13109719440325596,1.1403511759028295
2016-05-06 22:00:00,0.8232839946746826,0.9626976738432625,-0.13941367916857994,0.8551843606186194
2016-05-06 23:00:00,0.8583030427296955,0.7012095454892137,0.15709349724048183,1.224032171625505
2016-05-07 00:00:00,1.0256064834594727,0.9825005177485296,0.04310596571094305,1.0438737333286332
2016-05-07 01:00:00,0.9784487489064535,0.8966441118511848,0.08180463705526875,1.0912342321485582
2016-05-07 02:00:00,0.8421115849812826,1.147293111077285,-0.30518152609600246,0.7339986415420526
2016-05-07 03:00:00,0.6328944622675579,1.1668555490037011,-0.5339610867361433,0.5423931546693535
2016-05-07 04:00:00,0.4554654887517293,1.0980566187915963,-0.642591130039867,0.4147923531055857
2016-05-07 05:00:00,0.695501675605774,0.946824409664857,-0.251322734059083,0.7345624685066553
2016-05-07 06:00:00,0.6690105142593384,1.1764715876711465,-0.507461073411808,0.568658454033438
2016-05-07 07:00:00,0.516038225611051,0.6032507000763748,-0.08721247446532387,0.8554291367514661
2016-05-07 08:00:00,0.422589485168457,0.6013997487059076,-0.1788102635374506,0.7026765243546997
2016-05-07 09:00:00,0.17958444700638454,0.575544242183126,-0.3959597951767415,0.31202544277950495
2016-05-07 10:00:00,0.05298241653045019,0.5495543470918245,-0.4965719305613743,0.09640978514832385
2016-05-07 11:00:00,0.300711745540301,0.7425152323923154,-0.4418034868520144,0.4049906755063267
2016-05-07 12:00:00,0.10604910918076835,0.8426233514276021,-0.7365742422468338,0.1258558868575102
2016-05-07 13:00:00,0.2729361921946208,0.7795069207584201,-0.5065707285637993,0.35013953683575755
2016-05-07 14:00:00,0.27554447456200915,0.9905163720392859,-0.7149718974772767,0.2781826553706681
2016-05-07 15:00:00,0.0016129063939054806,1.4873056905757023,-1.4856927841817968,0.0010844484789681408
2016-05-07 16:00:00,1.1178561291495956,1.7758845522569897,-0.6580284231073941,0.6294644140740461
2016-05-07 17:00:00,1.6538790702819823,1.5069369904046226,0.14694207987735974,1.0975104339551083
2016-05-07 18:00:00,1.7600851561228432,1.5854762082254192,0.17460894789742398,1.110130285772537
2016-05-07 19:00:00,2.7027998123168944,1.641949669300235,1.0608501430166595,1.6460917547300777
2016-05-07 20:00:00,2.141802937825521,1.6019791396259593,0.5398237981995617,1.336973050925996
2016-05-07 21:00:00,2.0799430898030598,1.5281148884745954,0.5518282013284643,1.3611169588690506
2016-05-07 22:00:00,2.593466307322184,1.5820669049845013,1.0113994023376827,1.639289905598266
2016-05-07 23:00:00,1.756921360015869,1.5478618335912524,0.20905952642461667,1.1350634287167414
2016-05-08 00:00:00,1.8327849082946777,1.3485693192547472,0.48421558903993045,1.3590587314469826
2016-05-08 01:00:00,1.6481808497111001,1.3967685522704933,0.2514122974406068,1.1799956743240874
2016-05-08 02:00:00,1.0723470751444497,1.3209938874534013,-0.24864681230895158,0.8117729274370146
2016-05-08 03:00:00,0.9686932868957521,1.2150693201264635,-0.24637603323071144,0.7972329404176967
2016-05-08 04:00:00,0.925796173731486,1.3148188075947962,-0.38902263386331015,0.7041245290862922
2016-05-08 05:00:00,0.8897074126402537,1.2785804909271297,-0.388873078286876,0.6958556140607974
2016-05-08 06:00:00,0.7751322485407194,1.6735701092005613,-0.8984378606598419,0.46316090630406165
2016-05-08 07:00:00,0.4728929899334907,0.7415453404460983,-0.2686523505126076,0.6377128465927763
2016-05-08 08:00:00,1.0260927327473959,1.0905416533167616,-0.06444892056936569,0.9409019175257072
2016-05-08 09:00:00,2.2614873123168944,1.2948636297603553,0.9666236825565391,1.7465061650819826
2016-05-08 10:00:00,3.6351602834065755,1.346073861594528,2.2890864218120477,2.7005652417174555
2016-05-08 11:00:00,4.461367431640625,2.2368837411943767,2.224483690446248,1.9944565510849894
2016-05-08 12:00:00,6.0509370320638025,4.422572017732936,1.6283650143308668,1.3681941204805042
2016-05-08 13:00:00,5.993335942586263,5.25446153208264,0.7388744105036231,1.140618483167535
2016-05-08 14:00:00,4.765485961914062,5.743770228959112,-0.9782842670450496,0.829679073492058
2016-05-08 15:00:00,4.749451309204102,4.55056407134438,0.19888723785972218,1.0437060625323675
2016-05-08 16:00:00,4.71045588684082,3.7143540048138752,0.9961018820269447,1.2681763452638002
2016-05-08 17:00:00,4.39093640645345,3.0658808449503483,1.325055561503102,1.4321940833693951
2016-05-08 18:00:00,4.102988779703776,2.4412303234396804,1.6617584562640957,1.6807053149834248
2016-05-08 19:00:00,3.9696740112304685,2.344847208376957,1.6248268028535113,1.6929350437200446
2016-05-08 20:00:00,4.130101119995117,2.3962646506135843,1.7338364693815325,1.723558004721043
2016-05-08 21:00:00,5.540398264567057,2.2183150805586362,3.3220831840084206,2.4975704818144333
2016-05-08 22:00:00,5.014989517211914,2.309747081908727,2.705242435303187,2.171228857259831
2016-05-08 23:00:00,3.643987579345703,2.671462298545215,0.9725252808004878,1.3640423004771922
2016-05-09 00:00:00,3.4324188537597657,2.4330679985947374,0.9993508551650283,1.41073691970065
2016-05-09 01:00:00,3.9380898996988933,2.2129434517708684,1.725146447928025,1.779570958556355
2016-05-09 02:00:00,3.8299768320719396,2.551621060293704,1.2783557717782355,1.500997499852541
2016-05-09 03:00:00,3.315243342081706,2.522735786415344,0.7925075556663619,1.3141460790043604
2016-05-09 04:00:00,1.848450274149577,2.6991809528720383,-0.8507306787224613,0.6848189530171183
2016-05-09 05:00:00,1.5567034378051756,2.338454141389634,-0.7817507035844582,0.6656976548105834
2016-05-09 06:00:00,0.4413476470708847,1.946258553601898,-1.5049109065310131,0.22676722281019257
2016-05-09 07:00:00,0.36565763076146446,1.0979635288909144,-0.7323058981294499,0.3330325836331067
2016-05-09 08:00:00,0.737928160349528,1.0131442936652717,-0.2752161333157437,0.7283544554941045
2016-05-09 09:00:00,1.3316559829711916,1.0648930249650066,0.266762958006185,1.2505068131279675
2016-05-09 10:00:00,1.5746371231079102,1.5126049409954072,0.06203218211250294,1.041010167579964
2016-05-09 11:00:00,3.72951746459802,2.4925100017391815,1.2370074628588386,1.4962898692465427
2016-05-09 12:00:00,5.192136942545573,3.9150763240538247,1.2770606184917481,1.3261904782406462
2016-05-09 13:00:00,7.7099040180444725,5.6714760044359975,2.038428013608475,1.359417550566043
2016-05-09 14:00:00,6.669337463378906,6.691220531109959,-0.02188306773105264,0.9967295850391853
2016-05-09 15:00:00,7.696763610839844,6.995420945239454,0.7013426656003903,1.1002573928131758
2016-05-09 16:00:00,8.059279622395833,6.715604980556864,1.3436746418389687,1.2000824416756493
2016-05-09 17:00:00,6.472940582275392,5.807117017015376,0.6658235652600162,1.114656474685992
2016-05-09 18:00:00,3.302419047037761,3.7044588376106327,-0.40203979057287187,0.8914713840275287
2016-05-09 19:00:00,2.6282080256144207,3.0815287694476914,-0.4533207438332707,0.8528909584334271
2016-05-09 20:00:00,3.009216692606608,2.505748517572385,0.5034681750342229,1.2009252610561223
2016-05-09 21:00:00,3.055316101074219,1.9894019259101905,1.0659141751640286,1.5357962919817483
2016-05-09 22:00:00,2.4417605539957683,1.6709811075423788,0.7707794464533895,1.4612735853052374
2016-05-09 23:00:00,1.9071183954874675,1.7304161112388954,0.17670228424857215,1.1021154871946157
2016-05-10 00:00:00,1.8217981109619141,1.3259125590340035,0.4958855519279106,1.3739956670213525
2016-05-10 01:00:00,1.7135034968058271,1.292982908460417,0.4205205883454102,1.3252329057049432
2016-05-10 02:00:00,1.415235043843587,1.2879763157591446,0.12725872808444239,1.0988051771817209
2016-05-10 03:00:00,0.9722880236307779,0.9813942363087632,-0.009106212677985281,0.9907211471791033
2016-05-10 04:00:00,1.6537909965515138,1.0905319917186374,0.5632590048328765,1.5164992949406295
2016-05-10 05:00:00,0.6611231648921967,1.3609360178318526,-0.6998128529396559,0.48578563299798
2016-05-10 06:00:00,0.2996374082416296,1.2921378631969385,-0.9925004549553089,0.2318927544621924
2016-05-10 07:00:00,2.028759234110514,1.053026037485185,0.9757331966253291,1.926599307036657
2016-05-10 08:00:00,1.5950053100585937,1.3174257359677926,0.27757957409080114,1.2106984602717576
2016-05-10 09:00:00,1.442892793039481,2.066325280855318,-0.623432487815837,0.6982892802057872
2016-05-10 10:00:00,1.0645134836832684,1.5512970627741887,-0.4867835790909203,0.6862086632070302
2016-05-10 11:00:00,1.2219250005086262,2.916693929716675,-1.694768929208049,0.4189417984722596
2016-05-10 12:00:00,1.7465331535339357,5.143875021359903,-3.397341867825967,0.3395364674066671
2016-05-11 10:00:00,3.2349951782226563,1.495729845268264,1.7392653329543923,2.162820504288627
2016-05-11 11:00:00,2.37259245300293,2.6269034747610474,-0.2543110217581175,0.9031898110450174
2016-05-11 12:00:00,3.4811927997549375,2.9750467985121625,0.506146001242775,1.1701304334089473
2016-05-11 13:00:00,1.7620209051767985,3.4694065306272255,-1.707385625450427,0.5078738653490247
2016-05-11 14:00:00,1.9047909901936848,3.4499626449398964,-1.5451716547462115,0.5521193085923599
2016-05-11 15:00:00,0.9633118851085503,2.291425575837889,-1.328113690729339,0.42039850443595705
2016-05-11 16:00:00,1.0408454519907633,1.7671845071569716,-0.7263390551662083,0.5889851612977667
2016-05-11 17:00:00,1.2448953946431478,1.641569701073454,-0.3966743064303062,0.7583567081124163
2016-05-11 18:00:00,1.1601823081970215,2.1435331644580744,-0.9833508562610529,0.5412476594409666
2016-05-11 19:00:00,1.4222309583028157,2.3773282447404704,-0.9550972864376548,0.598247617445894
2016-05-11 20:00:00,1.260341236114502,2.001043349136044,-0.7407021130215421,0.629842045480253
2016-05-11 21:00:00,1.3504455642700195,1.9853507155859424,-0.634905151315923,0.6802050406854481
2016-05-11 22:00:00,1.9964854329427082,1.5570664973485395,0.43941893559416867,1.2822094858135062
2016-05-11 23:00:00,1.3456925404866538,2.034070079856859,-0.6883775393702054,0.6615762916985399
2016-05-12 00:00:00,2.7107848383585615,2.222327359015995,0.48845747934256645,1.2197954668383537
2016-05-12 01:00:00,3.367424242655436,2.9887315767250424,0.3786926659303935,1.1267068173266175
2016-05-12 02:00:00,3.895636187235514,2.6475645157029457,1.2480716715325681,1.4714036859650224
2016-05-12 03:00:00,5.179942555745443,2.5350708083356928,2.6448717474097503,2.0433127700863487
2016-05-12 04:00:00,2.8194254709879556,3.6393865015081297,-0.8199610305201741,0.774698007430541
2016-05-12 05:00:00,4.306604601542155,4.593866256775993,-0.28726165523383784,0.9374684330850677
2016-05-12 06:00:00,3.9130791168212893,5.1750375079143875,-1.2619583910930983,0.7561450735065909
2016-05-12 07:00:00,3.5181605390707653,5.6351331157338205,-2.116972576663055,0.6243260747909807
2016-05-12 08:00:00,4.624300434390705,6.3457158683282975,-1.7214154339375929,0.7287279371379924
2016-05-12 09:00:00,4.851950749715169,7.2050501945132845,-2.353099444798116,0.6734097082918279
2016-05-12 10:00:00,6.6220783037781725,7.619072562398484,-0.9969942586203118,0.8691449319513427
2016-05-12 11:00:00,7.250592295328777,7.7898383168610215,-0.5392460215322448,0.9307757106633326
2016-05-12 12:00:00,8.184238271077474,7.885811317860936,0.2984269532165378,1.0378435320333643
2016-05-12 13:00:00,7.55103867594401,7.842580131198476,-0.29154145525446573,0.9628258238516827
2016-05-12 14:00:00,8.16964522298177,7.787089529230639,0.3825556937511321,1.0491269160724455
2016-05-12 15:00:00,7.570021779378256,7.738550138822592,-0.16852835944433586,0.9782222307252535
2016-05-12 16:00:00,6.591929361979166,7.769560508143094,-1.177631146163928,0.8484301467335662
2016-05-12 17:00:00,5.631018056233724,7.985489883336046,-2.354471827102322,0.7051562444508778
2016-05-12 18:00:00,5.985319310506185,6.9226702960407005,-0.9373509855345157,0.8645969047420015
2016-05-12 19:00:00,5.807911397298177,6.905323143628873,-1.097411746330696,0.8410774233870268
2016-05-12 20:00:00,7.258117095947266,7.0040799968976,0.25403709904966565,1.0362698740108893
2016-05-12 21:00:00,6.61736361694336,6.846577122404274,-0.22921350546091457,0.9665214454810052
2016-05-12 22:00:00,8.514789408365885,6.4197540050320185,2.095035403333867,1.326342006514846
2016-05-12 23:00:00,8.990980672200521,6.696097283021751,2.2948833891787705,1.3427195412763115
2016-05-13 00:00:00,9.963725219726562,6.53470850871148,3.429016711015082,1.5247390463467236
2016-05-13 01:00:00,10.069621032714844,6.324215530029668,3.745405502685176,1.5922324254922422
2016-05-13 02:00:00,9.990159301757812,6.346833817709922,3.6433254840478897,1.5740382667467543
2016-05-13 03:00:00,9.766669453938801,6.313617479385425,3.453051974553376,1.5469213150508287
2016-05-13 04:00:00,9.255277750651041,6.1195376428075505,3.1357401078434908,1.5124145467965224
2016-05-13 05:00:00,9.200043497721355,6.281025175588195,2.9190183221331596,1.4647359691341795
2016-05-13 06:00:00,9.884677673339844,6.82498863280652,3.059689040533324,1.4483068331903055
2016-05-13 07:00:00,10.015168579101562,7.163551183890224,2.8516173952113384,1.3980731514314029
2016-05-13 08:00:00,9.735546600341797,7.318441288308083,2.417105312033714,1.3302759722750352
2016-05-13 09:00:00,8.807414286295574,7.347274079098464,1.4601402071971092,1.1987322361297121
2016-05-13 10:00:00,7.1248447062174485,6.782920340083107,0.3419243661343412,1.0504096095768318
2016-05-13 11:00:00,6.880446075439453,6.836372006570523,0.04407406886893028,1.0064469968612841
2016-05-13 12:00:00,7.711548970540364,7.01742254728915,0.6941264232512143,1.098914725253271
2016-05-13 13:00:00,7.293241638183595,6.811028794244715,0.4822128439388802,1.0707988262135006
2016-05-13 14:00:00,7.905822835286458,6.930344893269596,0.9754779420168624,1.140754602698662
2016-05-13 15:00:00,8.289928212483725,6.890171836628605,1.3997563758551195,1.2031526076626888
2016-05-13 16:00:00,8.370243138631185,6.767505278068865,1.6027378605623204,1.2368284611105125
2016-05-13 17:00:00,6.463322275797526,6.767505278068865,-0.30418300227133876,0.9550524174311189
2016-05-13 18:00:00,7.081467778523764,6.145577275875724,0.9358905026480393,1.152286833382089
2016-05-13 19:00:00,6.506728169759115,5.707669195329442,0.7990589744296734,1.139997422254874
2016-05-13 20:00:00,5.221763712565104,5.67570267921293,-0.45393896664782574,0.9200206578279088
2016-05-13 21:00:00,3.6113097076416016,4.256988340005908,-0.645678632364306,0.8483250174081026
2016-05-13 22:00:00,2.3098057759602866,2.2102738002883435,0.09953197567194305,1.0450315140409114
2016-05-13 23:00:00,3.3060265858968103,2.2190973457030516,1.0869292401937587,1.4898069218542547
2016-05-14 00:00:00,3.102192565917969,2.2497662451618092,0.8524263207561598,1.3788955064062005
2016-05-14 01:00:00,1.9116690724690755,1.9825289933437158,-0.07085992087464033,0.9642578135742023
2016-05-14 02:00:00,3.0536351725260413,1.723445461798587,1.3301897107274543,1.771820019961217
2016-05-14 03:00:00,2.620643643697103,1.6708258646414458,0.9498177790556572,1.5684720347918992
2016-05-14 04:00:00,3.3499416402180993,1.5396617924391047,1.8102798477789945,2.1757646105585184
2016-05-14 05:00:00,1.966090766906738,2.430537571792616,-0.4644468048858781,0.808911900693915
2016-05-14 06:00:00,1.9869905598958333,2.6569559952234725,-0.6699654353276392,0.7478447379135876
2016-05-14 07:00:00,2.104880106608073,2.3187771882363597,-0.21389708162828658,0.907754361775926
2016-05-14 08:00:00,1.970924482981364,2.4812743031763143,-0.5103498201949503,0.7943194674036465
2016-05-14 09:00:00,1.5598449885050454,2.0583142856240193,-0.4984692971189739,0.7578264405001431
2016-05-14 10:00:00,1.3413970133463542,0.9220310319920413,0.4193659813543129,1.4548284892844396
2016-05-14 11:00:00,1.3639533971150717,0.8653655961005601,0.4985878010145116,1.5761585661149546
2016-05-14 12:00:00,1.0589325065612794,0.8685218506274961,0.19041065593378326,1.2192353085834444
2016-05-14 13:00:00,1.0027699019114178,0.998267571364227,0.004502330547190847,1.0045101440498942
2016-05-14 14:00:00,0.7719138558705647,1.1327516314304313,-0.3608377755598666,0.6814502265565462
2016-05-14 15:00:00,0.9636326115926106,1.9651072979695088,-1.0014746863768982,0.4903714990974313
2016-05-14 16:00:00,0.4321877343797435,1.6955229798067724,-1.2633352454270288,0.254899367054876
2016-05-14 17:00:00,0.24280548309286437,1.6299249166009928,-1.3871194335081285,0.1489672810200394
2016-05-14 18:00:00,0.20282231016705432,1.1132977371982937,-0.9104754270312394,0.1821815525085621
2016-05-14 19:00:00,0.01587269345422586,0.27685724631784875,-0.2609845528636229,0.05733168867829832
2016-05-14 20:00:00,0.67549849208196,0.2622204559748911,0.4132780361070689,2.576070923111515
2016-05-14 21:00:00,0.662992961883545,0.4308433212664444,0.23214964061710053,1.5388261327452104
2016-05-14 22:00:00,0.6397425721486409,0.39901861854582626,0.24072395360281468,1.6032900281197484
2016-05-14 23:00:00,0.8116030187805493,0.3499533748185547,0.4616496439619946,2.319174716350007
2016-05-15 00:00:00,1.219665734608968,0.5031374085162916,0.7165283260926765,2.4241205562624653
2016-05-15 01:00:00,1.9403741569519042,0.7822500971122275,1.1581240598396767,2.4805035679957523
2016-05-15 02:00:00,1.944461437225342,0.8332321676437167,1.1112292695816253,2.3336370254692063
2016-05-15 03:00:00,0.6147441226740679,0.8737917809888454,-0.2590476583147775,0.7035361696563218
2016-05-15 04:00:00,0.015635209143161775,0.834092996616288,-0.8184577874731263,0.018745162957356083
2016-05-15 05:00:00,0.5800070810516675,0.9979594621251618,-0.4179523810734943,0.5811930274367441
2016-05-15 06:00:00,1.2713076791763305,1.2671869537730611,0.004120725403269354,1.0032518685510452
2016-05-15 07:00:00,0.9452394421895345,0.7093854975236014,0.23585394466593312,1.332476411611567
2016-05-15 08:00:00,1.2404943148295084,1.358757218309621,-0.11826290348011259,0.9129624469430683
2016-05-15 09:00:00,2.0637786610921225,1.3487834350405323,0.7149952260515902,1.5301038013045465
2016-05-15 10:00:00,1.380699504852295,0.8429847856266617,0.5377147192256333,1.6378700166289533
2016-05-15 11:00:00,1.083835659980774,0.867624785578792,0.21621087440198195,1.249198591367751
2016-05-15 12:00:00,0.9321001075108846,1.21010440441675,-0.27800429690586537,0.7702642053932043
2016-05-15 13:00:00,1.0927860469818114,1.138097415954122,-0.045311368972310584,0.9601867394327366
2016-05-15 14:00:00,1.092284880956014,1.130534412679558,-0.03824953172354406,0.9661668576431157
2016-05-15 15:00:00,0.9627906537055968,2.078542007225279,-1.1157513535196824,0.46320480912043765
2016-05-15 16:00:00,1.0134922307332357,1.6453287524550495,-0.6318365217218138,0.615981595909614
2016-05-15 17:00:00,0.79840144003431,0.7602820731098402,0.03811936692446982,1.0501384529146496
2016-05-15 18:00:00,0.27013989108800884,0.6544531576643535,-0.3843132665763447,0.41277192710338223
2016-05-15 19:00:00,0.4616855077544848,0.27978189719749397,0.18190361055699084,1.6501621884013022
2016-05-15 20:00:00,0.6178824369311332,0.33880298320889024,0.27907945372224296,1.8237219491959888
2016-05-15 21:00:00,0.3530438193877538,0.28953667437947017,0.06350714500828364,1.2193405900803103
2016-05-15 22:00:00,0.15079202909270922,0.25792347617116373,-0.10713144707845451,0.584638635192092
2016-05-15 23:00:00,0.0,0.25792347617116373,-0.25792347617116373,0.0
2016-05-16 00:00:00,0.0,0.4591078853929751,-0.4591078853929751,0.0
2016-05-16 01:00:00,0.23448234263062476,0.411397310303989,-0.17691496767336426,0.5699656676349232
2016-05-16 02:00:00,1.2417330338656902,0.4563179647895691,0.7854150690761211,2.7212012887511783
2016-05-16 03:00:00,1.8295753274361293,0.9490936504675919,0.8804816769685374,1.927707899567918
2016-05-16 04:00:00,2.2577807680765787,1.2068872472458827,1.050893520830696,1.8707470587901525
2016-05-16 05:00:00,1.4936175270080567,1.4345203268617948,0.05909720014626196,1.0411964884983853
2016-05-16 06:00:00,0.9691104780832926,1.2960370839725568,-0.32692660588926414,0.7477490343970846
2016-05-16 07:00:00,0.6862634732723236,0.942341571319234,-0.2560780980469104,0.728253421221338
2016-05-16 08:00:00,0.5865906839370727,1.3404635262026767,-0.753872842265604,0.43760286831436007
2016-05-16 09:00:00,0.6669960772196452,0.6537813369944891,0.013214740225156008,1.020212782894516
2016-05-16 10:00:00,0.5249931920369466,0.5743543147231801,-0.049361122686233494,0.9140580623825836
2016-05-16 11:00:00,0.6714134101867676,0.745902593089091,-0.07448918290232343,0.9001355088553414
2016-05-16 12:00:00,0.7578961259524029,0.9911834539819155,-0.23328732802951269,0.7646375884380238
2016-05-16 13:00:00,0.9479366486867269,1.012082376995371,-0.06414572830864418,0.9366200521156416
2016-05-16 14:00:00,0.8060730482737224,1.0572938249383805,-0.25122077666465814,0.7623926568574262
2016-05-16 15:00:00,0.5984011287689209,1.8439628100136607,-1.2455616812447396,0.3245190876514954
2016-05-16 16:00:00,0.7224356654485068,1.7513921678660629,-1.028956502417556,0.412492232581318
2016-05-16 17:00:00,0.6460263265570004,1.8120317004700057,-1.1660053739130052,0.3565204330528179
2016-05-16 18:00:00,0.3232762028972308,1.397799830503117,-1.074523627605886,0.23127503369411084
2016-05-16 19:00:00,0.17015180844068528,1.0195677160393222,-0.8494159075986369,0.16688622615638307
2016-05-16 20:00:00,0.044140839204192164,0.8875965493149693,-0.8434557101107771,0.04973074674328021
2016-05-16 21:00:00,0.13461727511882782,1.263532288575799,-1.1289150134569712,0.10654043140485378
2016-05-16 22:00:00,1.151516067892313,0.9500278764293892,0.20148819146292385,1.2120866097321297
2016-05-16 23:00:00,1.1250917797088622,0.9414038266210932,0.18368795308776897,1.1951213155220175
2016-05-17 00:00:00,1.0776803267796835,0.9924694326289845,0.08521089415069905,1.0858574494581472
2016-05-17 01:00:00,0.7484793306986491,1.0924172687800808,-0.3439379380814317,0.6851588235459584
2016-05-17 02:00:00,1.6221550509134928,1.0148947337611538,0.607260317152339,1.5983480817777622
2016-05-17 03:00:00,2.2292530721028645,1.0598816611907216,1.169371410912143,2.1033037495888127
2016-05-17 04:00:00,1.6918138949076333,0.9250140243073071,0.7667998706003263,1.8289602648722447
2016-05-17 05:00:00,1.1800113438367843,1.0969313316582867,0.08308001217849759,1.0757385715775858
2016-05-17 06:00:00,0.20835162762800852,0.7240370293245588,-0.5156854016965503,0.2877637733837674
2016-05-17 07:00:00,0.4397598251203696,0.3897186047918732,0.050041220328496394,1.1284034678180699
2016-05-17 08:00:00,0.3769508822361628,0.5797242597998084,-0.20277337756364555,0.6502244400921436
2016-05-17 09:00:00,0.6035241508483886,0.8488771825897455,-0.24535303174135692,0.7109675736685058
2016-05-17 10:00:00,1.2572958285013835,1.2206585126684983,0.03663731583288521,1.0300143860487172
2016-05-17 11:00:00,1.3189977798461916,2.0253795161839516,-0.70638173633776,0.6512348768745008
2016-05-17 12:00:00,2.494794723510742,2.873256961188072,-0.37846223767732967,0.8682811030166832
2016-05-17 13:00:00,2.9816243336995445,3.4944037698291286,-0.5127794361295841,0.8532569588675042
2016-05-17 14:00:00,2.272416188557943,3.434188706031052,-1.1617725174731093,0.6617039374007526
2016-05-17 15:00:00,3.781263763487339,3.6244571632621225,0.15680660022521664,1.0432634717867892
2016-05-17 16:00:00,3.950600870768229,3.236464608614151,0.7141362621540783,1.2206531967793928
2016-05-17 17:00:00,5.980420354207356,3.706891176512275,2.2735291776950812,1.61332503961829
2016-05-17 18:00:00,4.6946494598388675,3.839358783070076,0.8552906767687913,1.2227691458636938
2016-05-17 19:00:00,2.970699610392253,4.655658518234287,-1.6849589078420344,0.6380836564273887
2016-05-17 20:00:00,3.9896475982666018,3.9327125785801758,0.056935019686426,1.0144772897964949
2016-05-17 21:00:00,3.3932070210774743,3.927731863975196,-0.5345248428977216,0.8639100474754055
2016-05-17 22:00:00,4.952623687744141,3.9311800724953536,1.0214436152487871,1.2598312965603777
2016-05-17 23:00:00,6.760985616048177,4.543326239159917,2.2176593768882595,1.488113611075025
2016-05-18 00:00:00,6.147642405192057,4.618731493281118,1.5289109119109394,1.331023986593516
2016-05-18 01:00:00,6.271647969563801,5.529014039072119,0.7426339304916825,1.1343157975804872
2016-05-18 02:00:00,5.090126485188802,5.560143163628938,-0.4700166784401363,0.9154668028127947
2016-05-18 03:00:00,4.298779866536458,5.8296251337395875,-1.5308452672031292,0.7374024517728942
2016-05-18 04:00:00,4.143355361938477,5.475233375762619,-1.3318780138241415,0.7567449782652177
2016-05-18 05:00:00,6.005067087809246,5.24938272511737,0.7556843626918752,1.1439568044974238
2016-05-18 06:00:00,4.906346862792969,4.093823596593586,0.8125232661993831,1.1984753976393787
2016-05-18 07:00:00,3.4864458872477218,3.406709265296544,0.0797366219511777,1.023405760733221
2016-05-18 08:00:00,1.934682197968165,2.6496320917347878,-0.7149498937666228,0.730170125883958
2016-05-18 09:00:00,1.5981941401163737,1.7406560298415024,-0.14246188972512863,0.9181562081865763
2016-05-18 10:00:00,1.9074557520548503,1.235845555766745,0.6716101962881054,1.543441850928876
2016-05-18 11:00:00,1.632630215962728,1.7637962128938098,-0.13116599693108189,0.9256342677389687
2016-05-18 12:00:00,0.6612101235501469,1.2287567692841497,-0.5675466457340028,0.5381131075561483
2016-05-18 13:00:00,0.001657852510611216,0.5350580484006981,-0.5334001958900869,0.003098453552033426
2016-05-18 14:00:00,0.43465147142857313,0.02821942719100607,0.40643204423756707,15.40256180561676
2016-05-18 15:00:00,0.08427393288413684,-0.05931628498849172,0.14359021787262857,-1.4207554114437086
2016-05-18 16:00:00,2.8892888262470566,1.3076762305768737,1.581612595670183,2.2094833252206962
2016-05-18 17:00:00,1.2890104599595071,2.465622182443183,-1.1766117224836758,0.5227931794003523
2016-05-18 18:00:00,1.0473500855167708,2.4873133536761602,-1.4399632681593895,0.42107685546287316
2016-05-18 19:00:00,2.0492178293863934,2.907017954382293,-0.8578001249958995,0.7049209401329026
2016-05-18 20:00:00,1.8422592563629152,3.686669075858318,-1.8444098194954028,0.49970833249632163
2016-05-18 21:00:00,3.209382382710775,4.782993580926217,-1.573611198215442,0.6709986807235657
2016-05-18 22:00:00,3.8700165176391605,4.314761795467506,-0.4447452778283454,0.8969247205499192
2016-05-18 23:00:00,2.724183564503987,3.9284649563173297,-1.2042813918133426,0.6934473375213012
2016-05-19 00:00:00,3.4971937942504887,3.047700749736993,0.4494930445134959,1.147485951352765
2016-05-19 01:00:00,2.8869402364095054,3.0080056079843156,-0.12106537157481023,0.9597522786349002
2016-05-19 02:00:00,2.056392328262329,3.0722963422261924,-1.0159040139638633,0.669333976673703
2016-05-19 03:00:00,1.6880450909932456,2.2518016620480803,-0.5637565710548347,0.7496419953158391
2016-05-19 04:00:00,2.7238680814107257,1.5372821502377938,1.1865859311729319,1.7718725745884614
2016-05-19 05:00:00,1.0761933919688065,1.737548365100963,-0.6613549731321566,0.619374639339189
2016-05-19 06:00:00,0.8144973300298054,2.5083316912263975,-1.693834361196592,0.32471675611273465
2016-05-19 07:00:00,1.265160856882731,1.3452354212542048,-0.08007456437147376,0.9404754267496036
2016-05-19 08:00:00,0.2308828878601392,0.6906847206228532,-0.459801832762714,0.3342811574750504
2016-05-19 09:00:00,0.0,0.4569898294589429,-0.4569898294589429,0.0
2016-05-19 10:00:00,0.3485688522060712,0.4326243907636342,-0.08405553855756298,0.8057078140943583
2016-05-19 11:00:00,0.5301944344838461,1.1604268451853523,-0.6302324107015063,0.4568960436270839
2016-05-19 12:00:00,1.2884656219482422,2.0100874304385496,-0.7216218084903074,0.6409997905748468
2016-05-19 13:00:00,3.2035508600870766,3.4666338545750506,-0.263082994487974,0.924109956365662
2016-05-19 14:00:00,5.051242304861546,5.878013062320984,-0.8267707574594381,0.8593451990164547
2016-05-19 15:00:00,8.018208079020182,6.486793353768953,1.5314147252512287,1.2360819347453773
2016-05-19 16:00:00,5.427252329508463,5.99306600409764,-0.5658136745891769,0.905588612873225
2016-05-19 17:00:00,5.62027670288086,3.775333200443748,1.8449435024371117,1.4886836219436894
2016-05-19 18:00:00,5.834094467163085,3.8483245409296165,1.985769926233469,1.5160089553553553
2016-05-19 19:00:00,6.624282689412435,4.212264987459267,2.412017701953168,1.5726177505769972
2016-05-19 20:00:00,6.540842244466146,5.276542998368063,1.2642992460980826,1.2396074942417994
2016-05-19 21:00:00,5.671012822469075,5.34554269827772,0.3254701241913551,1.0608862640450367
2016-05-19 22:00:00,2.8557019144694014,4.504726734564648,-1.6490248200952466,0.6339345498046922
2016-05-19 23:00:00,2.3618449172973635,4.434716498481531,-2.072871581184167,0.5325808127996617
2016-05-20 00:00:00,1.707102617899577,3.937090541642155,-2.229987923742578,0.433594960502876
2016-05-20 01:00:00,1.390532937367757,3.9716066823852265,-2.5810737450174694,0.35011849071938944
2016-05-20 02:00:00,2.666461064656575,3.5364500726525656,-0.8699890079959904,0.7539936970343137
2016-05-20 03:00:00,2.7379183794657393,3.638247934307616,-0.9003295548418766,0.7525376029621204
2016-05-20 04:00:00,2.851170580546061,3.592600126286928,-0.7414295457408668,0.7936231365367237
2016-05-20 05:00:00,3.4449304046630855,3.4110543257908486,0.03387607887223698,1.009931263368074
2016-05-20 06:00:00,4.237643849690755,3.5135313307038034,0.724112518986952,1.2060925179915511
2016-05-20 07:00:00,5.90197196451823,4.775143346582312,1.1268286179359182,1.2359779667645825
2016-05-20 08:00:00,6.606891784667969,5.114022558630592,1.492869226037377,1.2919168245587735
2016-05-20 09:00:00,6.811264027913412,5.895285310304546,0.9159787176088656,1.1553747900899383
2016-05-20 10:00:00,5.598364034016926,4.98351277065901,0.6148512633579166,1.1233770819205928
2016-05-20 11:00:00,4.297646616617839,5.870570077530795,-1.572923460912956,0.7320663172162423
2016-05-20 12:00:00,4.165475830078125,5.922783412639896,-1.7573075825617712,0.7032970041059621
2016-05-20 13:00:00,4.072505271911621,6.053767953333819,-1.9812626814221979,0.672722394268331
2016-05-20 14:00:00,4.0453145141601565,5.9390839823214,-1.8937694681612438,0.6811344184055419
2016-05-20 15:00:00,4.598786376953125,4.420133561359215,0.17865281559391022,1.0404179677183722
2016-05-20 16:00:00,3.5681119867960613,3.656874616415829,-0.08876262961976744,0.9757271881236209
2016-05-20 17:00:00,3.3402165323893227,4.399531585176134,-1.0593150527868112,0.7592209460761488
2016-05-20 18:00:00,3.513049336751302,3.1164922596855793,0.39655707706572274,1.127244685377698
2016-05-20 19:00:00,4.2901321919759114,3.3344032479423524,0.955728944033559,1.2866266833873006
2016-05-20 20:00:00,4.5025143178304035,3.356653739912227,1.1458605779181763,1.341369907861911
2016-05-20 21:00:00,4.021273025512696,3.666963430449674,0.35430959506302173,1.0966220693996866
2016-05-20 22:00:00,4.279249165852865,3.9332797089714524,0.34596945688141245,1.0879595356750977
2016-05-20 23:00:00,4.918986656188965,5.026362150957917,-0.10737549476895225,0.9786375331613364
2016-05-21 00:00:00,9.099367635091147,6.32308399770184,2.776283637389307,1.4390711302266999
2016-05-21 01:00:00,7.234790995279948,6.887608737325203,0.3471822579547448,1.0504067915579032
2016-05-21 02:00:00,6.636710276285808,7.06025631728772,-0.42354604100191207,0.940009820894913
2016-05-21 03:00:00,5.227178766886393,6.391571906304762,-1.1643931394183689,0.8178236658387915
2016-05-21 04:00:00,6.6158243153889975,5.625444847261247,0.9903794681277507,1.1760535379899633
2016-05-21 05:00:00,9.409591552734375,6.743707664777289,2.6658838879570856,1.395314272278012
2016-05-21 06:00:00,9.505050760904947,6.799863566052464,2.705187194852483,1.397829628282223
2016-05-21 07:00:00,9.35556992594401,6.9780440907753505,2.37752583516866,1.340715221090626
2016-05-21 08:00:00,8.681540211995442,5.980032581111281,2.7015076308841603,1.4517546675944923
2016-05-21 09:00:00,8.727806142171225,6.210774658920205,2.51703148325102,1.4052685246977914
2016-05-21 10:00:00,7.339938069661458,5.5033553165549245,1.8365827531065335,1.3337205481866334
2016-05-21 11:00:00,8.256067687988281,5.660286117635528,2.595781570352753,1.4585954696292083
2016-05-21 12:00:00,9.04585371907552,7.128003982998419,1.917849736077101,1.2690584546040546
2016-05-21 13:00:00,7.576796071370443,7.300137359654651,0.2766587117157915,1.0378977405609913
2016-05-21 14:00:00,7.87078305053711,7.348254409097157,0.522528641439953,1.0711092202786368
2016-05-21 15:00:00,7.196307830810547,7.767541181910245,-0.5712333510996981,0.926458922106517
2016-05-21 16:00:00,5.886255813598633,7.431676041452834,-1.5454202278542004,0.7920495700789343
2016-05-21 17:00:00,3.642323013305664,6.236198764025764,-2.5938757507201005,0.5840614052131927
2016-05-21 18:00:00,2.312745974222819,6.00882494333047,-3.6960789691076514,0.3848915546774024
2016-05-21 19:00:00,1.2484887784322103,5.4292317999959065,-4.180743021563696,0.229956801334795
2016-05-21 20:00:00,1.137320510864258,4.694304592722012,-3.556984081857754,0.24227667557566349
2016-05-21 21:00:00,1.4699407030741376,2.9715177992881303,-1.5015770962139927,0.49467672831247483
2016-05-21 22:00:00,0.9440208946863811,1.6407232594566339,-0.6967023647702528,0.5753687523141574
2016-05-21 23:00:00,1.689251211802165,2.1192780239670688,-0.4300268121649038,0.7970880614522023
2016-05-22 00:00:00,1.2806171944936118,2.013173256079817,-0.7325560615862052,0.6361187198499316
2016-05-22 01:00:00,1.9402124684651691,1.9837727657194424,-0.04356029725427324,0.9780416900529051
2016-05-22 02:00:00,1.9205153363545735,1.7333301455032937,0.18718519085127983,1.107991654871339
2016-05-22 03:00:00,1.595208079020182,1.693919661539055,-0.09871158251887313,0.9417259361467083
2016-05-22 04:00:00,0.8209693378806114,0.9528381810153769,-0.13186884313476543,0.8616041571778311
2016-05-22 05:00:00,0.42447812708218896,1.147490808854886,-0.7230126817726972,0.3699185420977688
2016-05-22 06:00:00,0.3909188319047292,0.9403645514396638,-0.5494457195349346,0.4157098768836477
2016-05-22 07:00:00,0.15238658748070397,0.6162675416743286,-0.46388095419362463,0.24727342781462575
2016-05-22 08:00:00,0.05218082141876221,0.8488883157987448,-0.7967074943799826,0.061469595525842156
2016-05-22 09:00:00,0.11248028477032979,1.09364889368496,-0.9811686089146302,0.10284862483729738
2016-05-22 10:00:00,0.2613658661544323,0.5642593474594646,-0.3028934813050323,0.4632016595404445
2016-05-22 11:00:00,0.48584152116378154,0.6126081625570852,-0.12676664139330363,0.793070596930724
2016-05-22 12:00:00,0.32271651764710746,0.5106433505654813,-0.1879268329183738,0.631980260371029
2016-05-22 13:00:00,0.30009573571880654,0.45411406358461803,-0.1540183278658115,0.6608377933727828
2016-05-22 14:00:00,0.2675422393878301,0.5775738258448274,-0.3100315864569973,0.46321738869743856
2016-05-22 15:00:00,1.9519960304896036,1.2237044525486953,0.7282915779409083,1.5951531649852577
2016-05-22 16:00:00,2.578527010599772,1.0839821235767253,1.4945448870230467,2.378754182856468
2016-05-22 17:00:00,1.3593304503758747,0.6790745050020575,0.6802559453738173,2.0017397801906234
2016-05-22 18:00:00,0.42108586045106244,1.3573439364008335,-0.9362580759497711,0.3102278274197946
2016-05-22 19:00:00,0.5972356888453165,1.9286783792532296,-1.331442690407913,0.30966059207681995
2016-05-22 20:00:00,1.7195892664591474,1.408781034086058,0.3108082323730894,1.2206221015565597
2016-05-22 21:00:00,4.079705181121826,2.113534023791332,1.9661711573304936,1.9302765582185928
2016-05-22 22:00:00,3.707120304107666,3.0195504463745046,0.6875698577331613,1.2277060343730002
2016-05-22 23:00:00,3.597493624369304,2.9243756056650456,0.6731180187042582,1.2301749533816062
2016-05-23 00:00:00,4.00114513015747,2.8761925611063086,1.1249525690511613,1.3911256096909088
2016-05-23 01:00:00,4.249001091003418,2.9252004526225868,1.3238006383808312,1.4525504011849781
2016-05-23 02:00:00,3.7926059799194336,2.9252004526225868,0.8674055272968468,1.2965285768772443
2016-05-23 03:00:00,4.1206509857177736,2.834320615705853,1.2863303700119206,1.453840812109951
2016-05-23 04:00:00,4.012183230082195,2.7364598630175974,1.275723367064598,1.4661948031124454
2016-05-23 05:00:00,3.2897158304850262,2.7766824978819544,0.5130333326030718,1.184764852659392
2016-05-23 06:00:00,3.0875514882405604,2.9436871095283936,0.14386437871216673,1.0488721706347435
2016-05-23 07:00:00,2.9815714060465495,3.3815400777863363,-0.3999686717397868,0.881719967074405
2016-05-23 08:00:00,2.0001713536580406,3.526575096895844,-1.5264037432378035,0.5671710650422922
2016-05-23 09:00:00,2.655790237426758,3.031745226709313,-0.3759549892825551,0.8759938711305829
2016-05-23 10:00:00,2.2324374745686852,1.2776082569091982,0.954829217659487,1.7473567993129746
2016-05-23 11:00:00,1.070624236424764,0.9378104784635882,0.13281375796117578,1.1416211068346818
2016-05-23 12:00:00,0.800648236433665,0.6971195994678778,0.10352863696578718,1.1485091468448343
2016-05-23 13:00:00,0.6324309826691945,0.5007626554099471,0.13166832725924738,1.262935596008967
2016-05-23 14:00:00,0.5729019312461217,0.5034771052686081,0.06942482597751354,1.1378907307820383
2016-05-23 15:00:00,2.7686705818176267,1.0814225788063592,1.6872480030112675,2.560211554740793
2016-05-23 16:00:00,1.685399185180664,1.1353166569694295,0.5500825282112345,1.4845190324958357
2016-05-23 17:00:00,1.085628774444262,1.2083187767411878,-0.12269000229692573,0.8984622231661266
2016-05-23 18:00:00,1.5120536566476026,0.8453985723623394,0.6666550842852632,1.7885689733570234
2016-05-23 19:00:00,2.150137201944987,0.5298839271068195,1.6202532748381673,4.0577513148677555
2016-05-23 20:00:00,1.9568464609781904,0.6035006025718157,1.3533458584063747,3.2424929695829565
2016-05-23 21:00:00,1.0725288246472675,0.6890283254170715,0.383500499230196,1.5565816165802207
2016-05-23 22:00:00,0.8301167230606079,0.8946974048998801,-0.06458068183927224,0.9278184093464549
2016-05-23 23:00:00,0.39111602870623274,0.6405472940337327,-0.24943126532749993,0.6105966450084414
2016-05-24 00:00:00,0.9108690951665241,0.3890397888192533,0.5218293063472709,2.341326315056456
2016-05-24 01:00:00,0.8776230888366698,0.21825894453200465,0.6593641443046652,4.021017744397543
2016-05-24 02:00:00,0.66380972580115,0.2705320820956528,0.3932776437054972,2.4537190586011346
2016-05-24 03:00:00,0.8290181465148926,0.3021651565432895,0.526852989971603,2.7435927954059913
2016-05-24 04:00:00,0.8608695551554362,0.40419527847728237,0.4566742766781538,2.1298357526554357
2016-05-24 05:00:00,1.348963986714681,0.959274088610553,0.389689898104128,1.4062341542744774
2016-05-24 06:00:00,0.8105588105519612,1.0610823522754846,-0.2505235417235234,0.7638981166859695
2016-05-24 07:00:00,1.2887917493184409,0.8912781734746119,0.39751357584382896,1.446003938696421
2016-05-24 08:00:00,1.6548812281290692,1.1963740981801547,0.4585071299489145,1.383247289160109
2016-05-24 09:00:00,2.6178532969156905,1.6529444515369867,0.9649088453787038,1.5837515256374681
2016-05-24 10:00:00,3.1138038838704425,2.6055915650319412,0.5082123188385013,1.195046808432645
2016-05-24 11:00:00,2.7525076370239256,2.8986106981470448,-0.1461030611231191,0.9495954868252862
2016-05-24 12:00:00,3.510782536824544,2.781315047628731,0.7294674891958133,1.2622743115051767
2016-05-24 13:00:00,4.003534723917642,2.7291304009293023,1.2744043229883402,1.4669635142953923
2016-05-24 14:00:00,5.55357671101888,3.146662136588379,2.406914574430501,1.7649103939198523
2016-05-24 15:00:00,6.058847763061523,3.9497300714846144,2.109117691576909,1.5339903369103245
2016-05-24 16:00:00,5.362378031412761,4.058239202465227,1.3041388289475337,1.3213558304190938
2016-05-24 17:00:00,5.476092737833659,5.232202912450015,0.24388982538364345,1.046613219988718
2016-05-24 18:00:00,6.192150390625,4.151970829745332,2.0401795608796673,1.4913761788169415
2016-05-24 19:00:00,4.561150588989258,4.298195572276316,0.26295501671294197,1.0611780018594366
2016-05-24 20:00:00,3.021697911580404,4.461945577483161,-1.4402476659027568,0.6772153221296899
2016-05-24 21:00:00,3.028140853881836,4.617876948553294,-1.5897360946714576,0.6557430801248404
2016-05-24 22:00:00,2.295331665039062,1.921683985246549,0.373647679792513,1.1944376300479886
2016-05-24 23:00:00,2.4200343106587727,1.9360768346576993,0.4839574760010734,1.2499681145591712
2016-05-25 00:00:00,0.7614697331885495,1.7928877438342492,-1.0314180106456998,0.4247169047851702
2016-05-25 01:00:00,0.8527096172968547,1.7514824966324647,-0.89877287933561,0.48685020771622894
2016-05-25 02:00:00,1.271671173095703,1.7400720976066866,-0.4684009245109835,0.7308152201536781
2016-05-25 03:00:00,1.5274852498372393,2.066698064220576,-0.5392128143833368,0.7390945374564462
2016-05-25 04:00:00,1.0929168917338052,1.7865829084222322,-0.693666016688427,0.6117358934654661
2016-05-25 05:00:00,0.9020832818349203,2.484298492314538,-1.5822152104796177,0.3631138869284904
2016-05-25 06:00:00,2.357419757843018,3.0547618832004417,-0.6973421253574239,0.7717196455827103
2016-05-25 07:00:00,1.5747836995323499,2.4633692778881318,-0.8885855783557819,0.6392804008997083
2016-05-25 08:00:00,1.0743757133483887,2.4653110337498765,-1.3909353204014878,0.43579722746553523
2016-05-25 09:00:00,0.8404065897067388,2.686696171737804,-1.8462895820310652,0.31280298775397014
2016-05-25 10:00:00,0.6284912713368734,1.9392127728721782,-1.3107215015353049,0.32409608689097674
2016-05-25 11:00:00,1.117756092707316,1.9109394043466976,-0.7931833116393816,0.5849249275852622
2016-05-25 12:00:00,1.8189811325073244,1.891438516714129,-0.07245738420680459,0.9616919167255408
2016-05-25 13:00:00,1.350593022664388,2.3514871791211784,-1.0008941564567904,0.5743569578674655
2016-05-25 14:00:00,1.2895018513997396,2.1886631301489783,-0.8991612787492387,0.5891732873994023
2016-05-25 15:00:00,0.6886486467321714,2.7691770490489582,-2.0805284023167867,0.24868350218657193
2016-05-25 16:00:00,0.8634391956329346,2.6989772795589237,-1.8355380839259892,0.3199134732153213
2016-05-25 17:00:00,0.3982003833254178,2.330092447920783,-1.9318920645953654,0.17089467144565224
2016-05-25 18:00:00,0.43873734428485234,1.9352986276378172,-1.496561283352965,0.22670265871079825
2016-05-25 19:00:00,0.31996011513471606,2.0023509092244938,-1.6823907940897778,0.15979222905471446
2016-05-25 20:00:00,0.0831594186425209,1.5855245412881807,-1.5023651226456598,0.0524491526160528
2016-05-25 21:00:00,0.19886435405413308,1.4587410095422457,-1.2598766554881127,0.13632601863749405
2016-05-25 22:00:00,0.06001007791360219,1.1948885661212647,-1.1348784882076626,0.050222321658329426
2016-05-25 23:00:00,0.2920992378393809,1.5432406599308242,-1.2511414220914432,0.1892765305007414
2016-05-26 00:00:00,0.2454742198785146,1.666688811460168,-1.4212145915816534,0.1472825750017829
2016-05-26 01:00:00,0.0022193424701690673,1.5809859552607837,-1.5787666127906146,0.001403771148493844
2016-05-26 02:00:00,0.0,1.2945305621710368,-1.2945305621710368,0.0
2016-05-26 03:00:00,0.0,0.6902480539552558,-0.6902480539552558,0.0
2016-05-26 04:00:00,0.0,0.4269659293787706,-0.4269659293787706,0.0
2016-05-26 05:00:00,0.0,0.32841995903207877,-0.32841995903207877,0.0
2016-05-26 06:00:00,0.0,0.2955394636336649,-0.2955394636336649,0.0
2016-05-26 07:00:00,0.0,0.0923521351583962,-0.0923521351583962,0.0
2016-05-26 08:00:00,0.0,0.13428899422118246,-0.13428899422118246,0.0
2016-05-26 09:00:00,0.0,0.17240447946814258,-0.17240447946814258,0.0
2016-05-26 10:00:00,0.0,0.08514033853613093,-0.08514033853613093,0.0
2016-05-26 11:00:00,0.022535870919624962,0.14287954393910812,-0.12034367301948316,0.15772636374895777
2016-05-26 12:00:00,0.0,0.09874121635241292,-0.09874121635241292,0.0
2016-05-26 13:00:00,0.0,0.11678440141371024,-0.11678440141371024,0.0
2016-05-26 14:00:00,0.0,0.06672168299809787,-0.06672168299809787,0.0
2016-05-26 15:00:00,0.0,0.24994693091508213,-0.24994693091508213,0.0
2016-05-26 16:00:00,0.0,0.21691814078988425,-0.21691814078988425,0.0
2016-05-26 17:00:00,0.0,0.1115179032851814,-0.1115179032851814,0.0
2016-05-26 18:00:00,0.05856025791168213,0.0569495167552848,0.0016107411563973315,1.0282836668012263
2016-05-26 19:00:00,0.564488711019357,0.13212848737493696,0.43236022364442006,4.272271046421085
2016-05-26 20:00:00,0.8032132552464804,0.12453619382195188,0.6786770614245284,6.449637094215567
2016-05-26 21:00:00,0.7957790743509928,0.4665810504065715,0.3291980239444213,1.7055537803294052
2016-05-26 22:00:00,1.554247063954671,0.9872350939686848,0.5670119699859862,1.5743434096397426
2016-05-26 23:00:00,1.7547467931111653,0.9660593735661586,0.7886874195450068,1.8163964256499139
2016-05-27 00:00:00,0.574717537244161,0.7036746855173985,-0.12895714827323757,0.8167375480071195
2016-05-27 01:00:00,0.29420605687300366,0.6307287666667317,-0.33652270979372806,0.4664541597298955
2016-05-27 02:00:00,0.6380658993721009,0.4802004772804073,0.15786542209169357,1.3287489903920064
2016-05-27 03:00:00,0.2664522537589073,0.48327965278284485,-0.21682739902393755,0.5513417588028148
2016-05-27 04:00:00,0.6618018595377605,0.2797923577880613,0.3820095017496992,2.365332151205738
2016-05-27 05:00:00,0.5227587121327718,0.5301898783164204,-0.007431166183648585,0.9859839531315729
2016-05-27 06:00:00,0.15894967734813692,0.49981543990373384,-0.3408657625555969,0.31801674109697603
2016-05-27 07:00:00,0.15735662925833216,0.20623890536690132,-0.048882276108569156,0.7629822752326626
2016-05-27 08:00:00,0.22769776713848117,0.5981248044396221,-0.37042703730114096,0.38068604653807864
2016-05-27 09:00:00,0.7447722755670547,1.0187663155867004,-0.27399404001964567,0.7310531023379445
2016-05-27 10:00:00,1.1061168314615883,0.3643587815339892,0.7417580499275991,3.0357902362191433
2016-05-27 11:00:00,0.5381692253748576,0.2412229334827913,0.2969462918920662,2.2310035683785854
2016-05-27 12:00:00,0.5764943077862262,0.25782357099485986,0.31867073679136637,2.2360031146947366
2016-05-27 13:00:00,0.5501742653846741,0.1675567859555229,0.38261747942915114,3.2835093025161934
2016-05-27 14:00:00,0.6748142210642496,0.08493045599574041,0.5898837650685091,7.945491557211163
2016-05-27 15:00:00,0.5729464382330577,0.28858580409598134,0.28436063413707635,1.9853590512806385
2016-05-27 16:00:00,0.41867916075388595,0.5665417855730309,-0.14786262481914497,0.7390084392988088
2016-05-27 17:00:00,0.7725162130991617,1.0998570242753727,-0.32734081117621094,0.7023787601921482
2016-05-27 18:00:00,1.4902456010182699,1.7474446120601383,-0.2571990110418685,0.852814212669868
2016-05-27 19:00:00,2.343194894154866,1.6640981602890756,0.6790967338657905,1.4080869446714745
2016-05-27 20:00:00,1.832405616760254,1.940329047869631,-0.10792343110937686,0.9443787994475109
2016-05-27 21:00:00,1.8817511278788246,2.238777878899433,-0.35702675102060843,0.8405260502233834
2016-05-27 22:00:00,1.5540444780985512,1.960165853475624,-0.40612137537707294,0.79281274864728
2016-05-27 23:00:00,1.2331596705118815,1.6490715267819107,-0.41591185627002925,0.7477902871310484
2016-05-28 00:00:00,0.7035947113037109,0.9644046274966399,-0.26080991619292904,0.7295638067706828
2016-05-28 01:00:00,0.4013968241214752,0.679919871064519,-0.2785230469430438,0.5903590131775776
2016-05-28 02:00:00,0.7701519006093344,0.5061757716345596,0.26397612897477474,1.5215107948022368
2016-05-28 03:00:00,1.1485807927449545,0.5393883228121936,0.6091924699327609,2.129413530416512
2016-05-28 04:00:00,1.075170103708903,0.7758441551879961,0.2993259485209069,1.3858067970472456
2016-05-28 05:00:00,1.3632010536193848,1.470002282092505,-0.10680122847312012,0.9273462158704328
2016-05-28 06:00:00,0.4770345661640167,1.9920743477875804,-1.5150397816235637,0.23946624617390233
2016-05-28 07:00:00,0.41643091136217114,1.6149969515766438,-1.1985660402144727,0.25785244421398423
2016-05-28 08:00:00,0.7105079765319825,1.0730906253417474,-0.3625826488097649,0.6621136740484588
2016-05-28 09:00:00,0.4838541597525279,0.694231838797259,-0.21037767904473115,0.6969633668642946
2016-05-28 10:00:00,0.20332711500426137,0.36766288354131654,-0.16433576853705517,0.5530259487871646
2016-05-28 11:00:00,0.23082155566414198,0.18381831372390903,0.04700324194023295,1.2557048913571842
2016-05-28 12:00:00,0.3316218728423118,0.18015459953906626,0.15146727330324555,1.8407627320689088
2016-05-28 13:00:00,0.3100302262169619,0.13871247143240667,0.17131775478455524,2.2350566103786624
2016-05-28 14:00:00,0.3413423520723979,0.2312944461723733,0.11004790590002458,1.475791389379107
2016-05-28 15:00:00,0.5221424239476522,0.7376287912322717,-0.21548636728461945,0.7078661111849618
2016-05-28 16:00:00,1.05497546005249,1.174439687617374,-0.11946422756488384,0.8982798105135181
2016-05-28 17:00:00,0.9859648370742797,1.705907573089441,-0.7199427360151613,0.5779708423995521
2016-05-28 18:00:00,2.2838020960489906,1.5829708016815984,0.7008312943673922,1.442731662278859
2016-05-28 19:00:00,1.0664580952326457,1.2809871387509573,-0.2145290435183116,0.8325283392560124
2016-05-28 20:00:00,0.3576896502574285,0.9594738042440526,-0.6017841539866241,0.3727977237890762
2016-05-28 21:00:00,0.6370954916675885,1.0936109675384649,-0.4565154758708764,0.5825613591838639
2016-05-28 22:00:00,0.7238284673690796,0.986177699699454,-0.26234923233037444,0.7339736718744222
2016-05-28 23:00:00,1.0014799280166626,1.003625625557541,-0.002145697540878455,0.9978620538513189
2016-05-29 00:00:00,1.0104023259480797,0.5020823593493049,0.5083199665987748,2.012423474223539
2016-05-29 01:00:00,1.0906834850311278,0.27165691649648327,0.8190265685346445,4.014929931096553
2016-05-29 02:00:00,1.1144024782180786,0.6661029317229813,0.4482995464950973,1.6730184257491543
2016-05-29 03:00:00,1.5440793813069662,0.9120943346943562,0.63198504661261,1.6928943888511148
2016-05-29 04:00:00,2.808513104756673,1.4730273460625922,1.335485758694081,1.906626589291665
2016-05-29 05:00:00,2.3620046005249025,1.960327158587512,0.4016774419373905,1.2049032684048584
2016-05-29 06:00:00,2.2020669123331706,2.5538361788851542,-0.3517692665519836,0.8622584841344271
2016-05-29 07:00:00,2.5765309524536137,1.9948288822002516,0.5817020702533622,1.2916049970219792
2016-05-29 08:00:00,2.2841129302978516,2.5439934591620292,-0.2598805288641777,0.8978454414148611
2016-05-29 09:00:00,3.417692232767741,2.726810510332209,0.6908817224355319,1.2533662386211653
2016-05-29 10:00:00,1.9660752449035643,2.783726583416152,-0.8176513385125876,0.7062745517524294
2016-05-29 11:00:00,1.3891131375630696,2.7621334983145904,-1.3730203607515208,0.5029131062675588
2016-05-29 12:00:00,1.8324461466471353,2.626115975603782,-0.7936698289566468,0.6977780736533653
2016-05-29 13:00:00,1.6234543380737305,2.749445277614113,-1.1259909395403827,0.5904661392215509
2016-05-29 14:00:00,2.109725201924642,2.7031126694223446,-0.5933874674977027,0.7804799355165208
2016-05-29 15:00:00,3.2693728790283205,2.9740903916045527,0.29528248742376784,1.099284974073858
2016-05-29 16:00:00,3.415596282958984,2.690153988513867,0.7254422944451173,1.2696657133913276
2016-05-29 17:00:00,3.037185981750488,2.946192656667732,0.09099332508275593,1.0308850559642875
2016-05-29 18:00:00,2.6298255767822267,2.6889991694220363,-0.05917359263980959,0.9779941945268328
2016-05-29 19:00:00,2.618271459579468,2.793698688193937,-0.17542722861446913,0.9372061026638921
2016-05-29 20:00:00,2.9024360987345377,2.3645324015723452,0.5379036971621924,1.2274884018525194
2016-05-29 21:00:00,3.2078608156840005,2.6617183363274375,0.546142479356563,1.2051841744119758
2016-05-29 22:00:00,4.492344785054525,2.8156751212857603,1.6766696637687644,1.5954769607805903
2016-05-29 23:00:00,3.3937988103230796,3.1397812918168784,0.25401751850620125,1.0809029339617506
2016-05-30 00:00:00,1.6448324228922524,2.6777916113688724,-1.03295918847662,0.614249598777189
2016-05-30 01:00:00,2.0940617802937824,2.2362811459664096,-0.14221936567262716,0.936403628886668
2016-05-30 02:00:00,2.6820787353515625,2.635767073400449,0.04631166195111369,1.0175704683537783
2016-05-30 03:00:00,3.127609448750814,3.8605388873142275,-0.7329294385634135,0.8101484119297885
2016-05-30 04:00:00,4.442820322672526,4.28711656229875,0.1557037603737763,1.0363189939231061
2016-05-30 05:00:00,4.915899220784505,5.529566009696944,-0.6136667889124388,0.8890208041939857
2016-05-30 06:00:00,5.204161493937175,5.883233340771431,-0.6790718468342565,0.8845750614499315
2016-05-30 07:00:00,6.473431365966796,6.432376416505292,0.04105494946150401,1.0063825477246882
2016-05-30 08:00:00,6.42445713297526,6.90364827563743,-0.47919114266216933,0.9305887085306465
2016-05-30 09:00:00,3.913913909912109,7.2507317673063465,-3.3368178573942373,0.5397957110425741
2016-05-30 10:00:00,5.168522857666015,6.474635988426605,-1.3061131307605898,0.7982723456430194
2016-05-30 11:00:00,5.455549697875976,6.474635988426605,-1.0190862905506286,0.842603307371682
2016-05-30 12:00:00,6.044382090250651,7.00487772395354,-0.9604956337028892,0.8628818843734524
2016-05-30 13:00:00,7.585401743570962,8.351431265482816,-0.7660295219118538,0.9082756598766586
2016-05-30 14:00:00,7.560273010253907,8.64042450773671,-1.0801514974828041,0.8749886077338415
2016-05-30 15:00:00,9.199246561686198,8.39393837519575,0.8053081864904481,1.0959392540776984
2016-05-30 16:00:00,8.79651112874349,9.01186518928478,-0.2153540605412907,0.9761032754021499
2016-05-30 17:00:00,9.364741719563803,9.054626228983285,0.3101154905805181,1.03424939724048
2016-05-30 18:00:00,10.008621683756513,9.234417510093929,0.774204173662584,1.083838983110339
2016-05-30 19:00:00,9.861443135579426,9.446362778803637,0.41508035677578903,1.043940759686593
2016-05-30 20:00:00,10.035259094238281,9.587366209244262,0.4478928849940189,1.0467169893397996
2016-05-30 21:00:00,10.057548970540363,9.601816435838467,0.45573253470189634,1.0474631584291583
2016-05-30 22:00:00,10.036110860188803,9.874976135028163,0.16113472516063965,1.0163174799571484
2016-05-30 23:00:00,9.910877014160157,9.734446677222735,0.17643033693742183,1.0181243313346453
2016-05-31 00:00:00,9.955227172851563,9.60134174943849,0.3538854234130735,1.036857913471705
2016-05-31 01:00:00,10.064017415364583,9.729491561919243,0.33452585344534036,1.034382665457531
2016-05-31 02:00:00,10.035559590657552,9.328755709992846,0.7068038806647063,1.0757661474517537
2016-05-31 03:00:00,10.055986572265624,9.579977266162961,0.4760093061026627,1.0496879369206809
2016-05-31 04:00:00,10.04948779296875,9.434069954621682,0.6154178383470672,1.0652335462114715
2016-05-31 05:00:00,10.047678365071615,9.058568554022377,0.9891098110492376,1.1091905200198582
2016-05-31 06:00:00,10.054408752441406,7.890266115412609,2.164142637028797,1.2742800566385746
2016-05-31 07:00:00,10.050653645833334,9.582750481688594,0.4679031641447402,1.048827647661164
2016-05-31 08:00:00,10.044135823567707,9.895420629073367,0.1487151944943399,1.015028688528652
2016-05-31 09:00:00,10.05683036295573,9.52510413573673,0.531726227219,1.0558236655097601
2016-05-31 10:00:00,10.046712951660156,10.087764975972226,-0.041052024312069335,0.9959305134080889
2016-05-31 11:00:00,10.046400268554686,9.70544482205069,0.3409554465039957,1.0351303266110325
2016-05-31 12:00:00,10.002210998535157,10.078234274455248,-0.0760232759200914,0.9924566869701785
2016-05-31 13:00:00,10.057750284830728,9.747165688701514,0.31058459612921396,1.031864093219348
2016-05-31 14:00:00,10.042320068359375,9.48772453418061,0.5545955341787661,1.0584540088807144
2016-05-31 15:00:00,9.712559936523437,10.000184325268062,-0.28762438874462504,0.971238091280191
2016-05-31 16:00:00,10.024876485188802,9.906508322164319,0.11836816302448305,1.011948525068076
2016-05-31 17:00:00,9.990631856282553,8.799729763528726,1.1909020927538272,1.1353339391954544
2016-05-31 18:00:00,10.062590087890625,9.65171849114502,0.41087159674560425,1.0425697866263464
2016-05-31 19:00:00,10.079537272135417,9.297185719919053,0.7823515522163635,1.0841492872988638
2016-05-31 20:00:00,9.300048278808594,8.718153839581545,0.5818944392270495,1.0667451446641345
2016-05-31 21:00:00,9.987332661946615,8.737629025972524,1.2497036359740914,1.1430254857764457
2016-05-31 22:00:00,9.512702575683594,6.281383737274697,3.231318838408897,1.5144278671009628
2016-05-31 23:00:00,8.991876729329427,7.572246370737807,1.4196303585916192,1.1874780995079135
2016-06-01 00:00:00,9.4086306254069,7.671224304725571,1.7374063206813295,1.2264835770231703
2016-06-01 01:00:00,8.617247934977215,7.924300472491793,0.6929474624854217,1.0874458843264339
2016-06-01 02:00:00,9.117946299235026,7.938693321902945,1.179252977332081,1.148544972014287
2016-06-01 03:00:00,9.808670654296874,7.954644710098983,1.8540259441978906,1.2330746390023017
2016-06-01 04:00:00,9.41659025065104,8.072469472379728,1.3441207782713125,1.1665067651070438
2016-06-01 05:00:00,7.870454355875651,7.997241354880858,-0.12678699900520662,0.9841461582339482
2016-06-01 06:00:00,9.298449829101562,8.581799386687406,0.7166504424141564,1.0835081793598982
2016-06-01 07:00:00,8.614686370849608,7.6201362247270215,0.9945501461225863,1.130516058609991
2016-06-01 08:00:00,9.88420379638672,8.317262893745239,1.5669409026414804,1.1883962215285817
2016-06-01 09:00:00,9.999297729492188,8.354977565322628,1.6443201641695602,1.196807250685426
2016-06-01 10:00:00,10.073695373535156,8.0436790253241,2.0300163482110563,1.2523741116247813
2016-06-01 11:00:00,9.68373817952474,9.045207305756843,0.6385308737678965,1.0705932824073034
2016-06-01 12:00:00,9.976848775227865,9.160722134286523,0.8161266409413415,1.0890897714151555
2016-06-01 13:00:00,9.43333074951172,9.29429477499635,0.13903597451536953,1.014959281783208
2016-06-01 14:00:00,8.957431650797526,9.369486702212326,-0.41205505141480003,0.9560215981396819
2016-06-01 15:00:00,9.265708404541016,9.158574941623565,0.10713346291745118,1.0116976127400077
2016-06-01 16:00:00,9.609905314127605,8.677021864852582,0.9328834492750229,1.1075119394424704
2016-06-01 17:00:00,9.807897440592448,8.371364070279418,1.4365333703130307,1.1716008715250013
2016-06-01 18:00:00,9.377289876302083,7.92060617421932,1.4566837020827625,1.1839106338633656
2016-06-01 19:00:00,8.406227111816406,8.402864260208025,0.0033628516083812343,1.0004002030146204
2016-06-01 20:00:00,9.478564473470053,8.56453120296903,0.9140332705010223,1.1067230942172477
2016-06-01 21:00:00,9.250561319986979,8.937559971186927,0.3130013488000518,1.035020894943263
2016-06-01 22:00:00,8.774522735595703,6.493788986044932,2.2807337495507705,1.3512177181075697
2016-06-01 23:00:00,9.268724731445312,6.883834706457899,2.3848900249874134,1.3464478922990537
2016-06-02 00:00:00,9.13598589070638,7.668089954387423,1.467895936318957,1.1914291492471443
2016-06-02 01:00:00,9.721711893717448,8.239866886584636,1.4818450071328115,1.179838464325851
2016-06-02 02:00:00,9.491854451497396,8.206934931204628,1.2849195202927675,1.1565650917259271
2016-06-02 03:00:00,9.2742392578125,7.754949814696612,1.5192894431158877,1.1959122211515336
2016-06-02 04:00:00,9.559204162597657,8.18358255132117,1.3756216112764879,1.1680952813330399
2016-06-02 05:00:00,8.385558736165363,9.643921922162964,-1.2583631859976006,0.8695174850901974
2016-06-02 06:00:00,9.156299397786459,9.566201762389811,-0.4099023646033526,0.9571509806311098
2016-06-02 07:00:00,9.840603454589843,9.329521139407728,0.5110823151821151,1.0547811948271721
2016-06-02 08:00:00,9.518768432617188,9.131943257597563,0.38682517501962543,1.042359568397208
2016-06-02 09:00:00,7.990035954793296,8.044045921765493,-0.054009966972197176,0.9932857212032993
2016-06-02 10:00:00,8.746497182210287,5.453170292685424,3.293326889524863,1.6039288547328783
2016-06-02 11:00:00,9.177723398844401,6.262667169329407,2.9150562295149944,1.4654656156391483
2016-06-02 12:00:00,8.98442977142334,6.679053201329188,2.305376570094152,1.345165175452617
2016-06-02 13:00:00,7.381133544921875,7.2078956285684725,0.17323791635340235,1.0240344651588424
2016-06-02 14:00:00,5.917199940999349,7.172917633920875,-1.2557176929215261,0.8249362732142341
2016-06-02 15:00:00,6.061740865071615,6.550317458437458,-0.4885765933658437,0.9254117687477103
2016-06-02 16:00:00,5.855932393391928,6.529640511659419,-0.6737081182674913,0.8968230920118024
2016-06-02 17:00:00,5.153522715250651,5.852653646190826,-0.699130930940175,0.8805446258732222
2016-06-02 18:00:00,5.685756123860677,6.341264614652093,-0.6555084907914157,0.8966281127463438
2016-06-02 19:00:00,3.6499112548828125,4.26782352739772,-0.6179122725149075,0.8552160677337857
2016-06-02 20:00:00,2.218039395650228,3.539994432861659,-1.3219550372114313,0.6265657863922712
2016-06-02 21:00:00,2.806940795898438,2.8942410133161567,-0.08730021741771887,0.9698365764924006
2016-06-02 22:00:00,3.64851368967692,1.6759783220898428,1.9725353675870771,2.1769456332391255
2016-06-02 23:00:00,2.06036954498291,1.6615854726786925,0.39878407230421753,1.2400021418466818
2016-06-03 00:00:00,2.9519864069620767,1.5358892344122985,1.4160971725497782,1.9220047519192631
2016-06-03 01:00:00,3.072647923787435,1.9310997784758621,1.1415481453115728,1.591138872281654
2016-06-03 02:00:00,1.6831432774861654,2.2540682344257776,-0.5709249569396122,0.7467135429974883
2016-06-03 03:00:00,3.6083996302286785,2.6825565007454863,0.9258431294831921,1.3451346240893338
2016-06-03 04:00:00,3.4116529286702475,3.2275152714524724,0.18413765721777509,1.057052451105803
2016-06-03 05:00:00,2.806127001444499,2.928238260312866,-0.12211125886836705,0.9582987284459155
2016-06-03 06:00:00,2.2424690087636314,2.8901275188493187,-0.6476585100856873,0.7759065972481562
2016-06-03 07:00:00,1.9337979685465496,2.0355518637116776,-0.101753895165128,0.9500116420617319
2016-06-03 08:00:00,1.3000195592244468,1.782164087759184,-0.4821445285347372,0.7294612029013754
2016-06-03 09:00:00,1.5209673411051434,1.5858330849123239,-0.06486574380718046,0.9590967394839245
2016-06-03 10:00:00,1.1051616350809734,0.7921639359614592,0.31299769911951425,1.3951173297729402
2016-06-03 11:00:00,0.8979509677886963,0.839327846189931,0.05862312159876537,1.069845319519519
2016-06-03 12:00:00,0.7879350140889485,1.138068522006262,-0.35013350791731357,0.6923440890008317
2016-06-03 13:00:00,0.6924435596466064,0.6943119328893189,-0.0018683732427124955,0.9973090290484604
2016-06-03 14:00:00,0.32167155599594116,0.7911819515189042,-0.4695103955229631,0.40657089734971696
2016-06-03 15:00:00,0.1625806397199631,1.032944774913674,-0.8703641351937109,0.15739528740396638
2016-06-03 16:00:00,0.21147711324691773,1.1471572196106958,-0.9356801063637781,0.184348849165318
2016-06-03 17:00:00,0.19917639140288032,1.174439687617374,-0.9752632962144936,0.16959269471466543
2016-06-03 18:00:00,0.38582674693067864,1.2654119498338412,-0.8795852029031626,0.3049020889848091
2016-06-03 19:00:00,0.3584478511015574,0.9577034877017188,-0.5992556366001613,0.3742785274404239
2016-06-03 20:00:00,0.3211405163208643,0.6794589105838197,-0.35831839426295536,0.4726415553884294
2016-06-03 21:00:00,0.12447541213035583,0.4981167900339269,-0.37364137790357105,0.24989202255534845
2016-06-03 22:00:00,0.023912404547135037,0.2138912286674709,-0.18997882412033587,0.11179703205272995
2016-06-03 23:00:00,0.0,0.484032702346182,-0.484032702346182,0.0
2016-06-04 00:00:00,0.10606076179941495,0.41406835616512844,-0.30800759436571346,0.25614312279665835
2016-06-04 01:00:00,0.6244934034347535,0.5736005789365356,0.05089282449821786,1.0887251972314498
2016-06-04 02:00:00,0.8358069788614908,0.38736939474050286,0.44843758412098794,2.1576484621904486
2016-06-04 03:00:00,0.3878470613161723,0.7959297785381826,-0.4080827172220103,0.4872880394404874
2016-06-04 04:00:00,0.23731753706932068,0.8469023098150896,-0.6095847727457689,0.28021831363423244
2016-06-04 05:00:00,0.2288242848018805,1.1574302512350583,-0.9286059664331778,0.1977002800451337
2016-06-04 06:00:00,0.5472564427057902,1.2067547823937435,-0.6594983396879532,0.4534943226992986
2016-06-04 07:00:00,0.5090801219940185,0.8009705042697861,-0.2918903822757676,0.6355791121898143
2016-06-04 08:00:00,0.7247255169550577,0.9444440438892427,-0.21971852693418503,0.7673567551663739
2016-06-04 09:00:00,0.4552976981798808,0.937342556803445,-0.4820448586235642,0.4857324516797267
2016-06-04 10:00:00,0.3037035779953003,0.721297045328224,-0.41759346733292374,0.4210520200552061
2016-06-04 11:00:00,0.413728393236796,0.8797584537789319,-0.4660300605421359,0.47027498452519423
2016-06-04 12:00:00,0.7183584753672282,0.938287950678384,-0.2199294753111558,0.7656055636735541
2016-06-04 13:00:00,1.2063462003072105,1.2890529361377097,-0.08270673583049915,0.9358391470886316
2016-06-04 14:00:00,1.2640833193461098,1.3244571134473646,-0.06037379410125476,0.9544161955202077
2016-06-04 15:00:00,1.0897741368611653,1.6720810900127463,-0.582306953151581,0.6517471810250889
2016-06-04 16:00:00,0.9647495231628418,1.5963025101309882,-0.6315529869681464,0.6043650981189506
2016-06-04 17:00:00,0.5684378457069398,1.581909660719838,-1.013471815012898,0.35933647781648653
2016-06-04 18:00:00,0.7925908495585123,1.5695653157872376,-0.7769744662287252,0.5049747478402816
2016-06-04 19:00:00,1.9328452911376954,1.3357866095004356,0.5970586816372598,1.4469716026428434
2016-06-04 20:00:00,1.6945402043660482,1.4404627654932471,0.2540774388728011,1.1763859816159838
2016-06-04 21:00:00,1.2411644185384114,1.5470884176348987,-0.30592399909648726,0.8022582319088352
2016-06-04 22:00:00,1.3777985509236654,1.6728122058815047,-0.29501365495783927,0.8236420956754205
2016-06-04 23:00:00,1.9491520894368488,1.832091664352063,0.11706042508478576,1.0638944149806966
2016-06-05 00:00:00,1.838932083129883,1.6488040901150305,0.1901279930148525,1.115312664588058
2016-06-05 01:00:00,1.5727422243754068,1.7032950878638669,-0.13055286348846007,0.9233527622907732
2016-06-05 02:00:00,2.448866104125977,1.8821134656701364,0.5667526384558406,1.301125648795061
2016-06-05 03:00:00,3.0142082672119144,2.048834115013734,0.9653741521981805,1.4711821933869493
2016-06-05 04:00:00,1.839611275990804,2.0305594361707273,-0.19094816017992322,0.9059627820892466
2016-06-05 05:00:00,1.5142050908406577,2.2347681088708993,-0.7205630180302416,0.6775669855096058
2016-06-05 06:00:00,1.2133341244061788,2.117794159892875,-0.9044600354866961,0.5729235387387948
2016-06-05 07:00:00,1.0635330225626627,1.5771485156336391,-0.5136154930709764,0.674339170991373
2016-06-05 08:00:00,0.8898592205047606,1.1188688657549677,-0.22900964525020706,0.7953203880638143
2016-06-05 09:00:00,0.7525048122406006,0.9091005034708481,-0.15659569123024752,0.8277465575781974
2016-06-05 10:00:00,0.7946494967142741,0.6547190579032739,0.1399304388110002,1.2137259288879187
2016-06-05 11:00:00,0.5743733814557394,0.4114848726041198,0.16288850885161954,1.3958554000315118
2016-06-05 12:00:00,0.5713499519824983,0.302000279711424,0.26934967227107426,1.8918855059619515
2016-06-05 13:00:00,0.4825087236166001,0.43287300008658114,0.04963572353001894,1.1146657877023771
2016-06-05 14:00:00,0.6582600326538086,0.4695491263406779,0.1887109063131307,1.4018981097543624
2016-06-05 15:00:00,0.6387405484517416,1.0034216164191658,-0.3646810679674243,0.6365624758326078
2016-06-05 16:00:00,0.6496613357861837,1.0034216164191658,-0.35376028063298215,0.6474460238404874
2016-06-05 17:00:00,0.9451990311940512,1.1270532298112466,-0.18185419861719532,0.8386463089701173
2016-06-05 18:00:00,0.6448715976079304,1.2720432087065086,-0.6271716110985781,0.5069573055334146
2016-06-05 19:00:00,0.6024540759722391,1.2377076465464043,-0.6352535705741652,0.4867499022513729
2016-06-05 20:00:00,0.30568056847651803,1.3283256660922693,-1.0226450976157513,0.23012471736376475
2016-06-05 21:00:00,0.40761676025390625,1.4740888790188909,-1.0664721187649846,0.2765211555799835
2016-06-05 22:00:00,0.24097793090343475,1.0601361712013833,-0.8191582402979485,0.2273084698452937
2016-06-05 23:00:00,0.4491923717459043,0.7821915929570414,-0.3329992212111371,0.574274098303399
2016-06-06 00:00:00,0.33017172797520955,0.6810549143955731,-0.35088318642036354,0.4847945752924086
2016-06-06 01:00:00,0.3644428895314535,0.48203184635218616,-0.11758895682073267,0.7560556263852766
2016-06-06 02:00:00,0.5558105583985646,0.35211746105563974,0.2036930973429249,1.5784805352516682
2016-06-06 03:00:00,0.6481295127868653,0.28050307184323375,0.3676264409436315,2.3105968449040333
2016-06-06 04:00:00,0.7814013916651408,0.38812042253868945,0.39328096912645133,2.013296251081061
2016-06-06 05:00:00,0.14924444861213365,0.6848577590264917,-0.5356133104143581,0.21792035885565628
2016-06-06 06:00:00,0.028813055396080017,0.7032101068096024,-0.6743970514135224,0.0409736081962788
2016-06-06 07:00:00,0.0,0.3757390191524796,-0.3757390191524796,0.0
2016-06-06 08:00:00,0.009802453557650248,0.3780956166458203,-0.36829316308817006,0.025925858767182324
2016-06-06 09:00:00,0.09551563986142478,0.5019519056239359,-0.40643626576251113,0.1902884296109943
2016-06-06 10:00:00,0.4605780165990194,0.26978073195303215,0.19079728464598728,1.707230954800747
2016-06-06 11:00:00,0.40317675995826724,0.4129021008491954,-0.009725340890928136,0.9764463758577966
2016-06-06 12:00:00,0.5766833051045736,0.5882681278865431,-0.011584822781969595,0.9803069004884046
2016-06-06 13:00:00,0.5156269117991129,0.7839760051866028,-0.2683490933874899,0.657707517051345
2016-06-06 14:00:00,0.4985046338240306,0.9417778093369684,-0.4432731755129378,0.5293229771202492
2016-06-06 15:00:00,0.6101049753824871,1.3412362168598653,-0.7311312414773782,0.45488256856862963
2016-06-06 16:00:00,0.8136632461547852,1.3046988219426354,-0.4910355757878502,0.6236406689961433
2016-06-06 17:00:00,0.5443606163660686,1.237032588518734,-0.6926719721526655,0.4400535777460034
2016-06-06 18:00:00,0.25014709724982576,1.3787884714548397,-1.128641374205014,0.18142528925113585
2016-06-06 19:00:00,0.9712944756746292,0.9957189822771569,-0.024424506602527707,0.975470482096595
2016-06-06 20:00:00,1.4664544126391412,0.9791137379674146,0.4873406746717266,1.4977365302660532
2016-06-06 21:00:00,1.595018704732259,1.100374380237489,0.49464432449477,1.4495236651983965
2016-06-06 22:00:00,1.1896881217956543,1.1165334285604847,0.07315469323516965,1.0655194832182373
2016-06-06 23:00:00,0.8318638648986816,0.9184380687795579,-0.08657420388087633,0.9057375703122605
2016-06-07 00:00:00,0.6604932014743486,0.6602446258253903,0.00024857564895830464,1.0003764902268573
2016-06-07 01:00:00,0.13805526783814034,0.6153999897205981,-0.4773447218824577,0.2243342056291222
2016-06-07 02:00:00,0.004860220988591512,0.5255363794976444,-0.5206761585090529,0.00924811521751806
2016-06-07 03:00:00,0.0,0.43492760598572744,-0.43492760598572744,0.0
2016-06-07 04:00:00,0.07039100666840871,0.202057371470018,-0.13166636480160931,0.34837138658340694
2016-06-07 05:00:00,0.02363743144273758,0.5958468251159328,-0.5722093936731952,0.039670315333371946
2016-06-07 06:00:00,0.0,0.2887838051773121,-0.2887838051773121,0.0
2016-06-07 07:00:00,0.0,-0.04097555022205866,0.04097555022205866,-0.0
2016-06-07 08:00:00,0.0,-0.02583224294892736,0.02583224294892736,-0.0
2016-06-07 09:00:00,0.0,-0.02930776887620109,0.02930776887620109,-0.0
2016-06-07 10:00:00,0.0,-0.002298115552451162,0.002298115552451162,-0.0
2016-06-07 11:00:00,0.0,0.02873929900070991,-0.02873929900070991,0.0
2016-06-07 12:00:00,0.0,0.14208568371212316,-0.14208568371212316,0.0
2016-06-07 13:00:00,0.0,-0.054523693393715815,0.054523693393715815,-0.0
2016-06-07 14:00:00,0.0,0.11266002853442504,-0.11266002853442504,0.0
2016-06-07 15:00:00,0.0,0.3042772395468144,-0.3042772395468144,0.0
2016-06-07 16:00:00,0.0,0.41257064668655663,-0.41257064668655663,0.0
2016-06-07 17:00:00,0.6848446412210664,0.1433528267601627,0.5414918144609037,4.777336148151789
2016-06-07 18:00:00,2.6589445927937825,0.5600507617878951,2.0988938310058876,4.7476849853849314
2016-06-07 19:00:00,1.9151347999572754,0.4954131612313141,1.4197216387259612,3.8657325840866728
2016-06-07 20:00:00,0.2831048851261536,0.4968799950982528,-0.2137751099720992,0.5697651101251774
2016-06-07 21:00:00,0.0,0.6147323884989273,-0.6147323884989273,0.0
2016-06-07 22:00:00,0.1869089299850166,0.5682289763614401,-0.38132004637642347,0.32893241591067196
2016-06-07 23:00:00,0.18182658537228902,0.6404458607873075,-0.45861927541501846,0.28390625422852683
2016-06-08 00:00:00,0.00021314530074596376,0.3354148102967856,-0.33520166499603965,0.0006354677676795669
2016-06-08 01:00:00,0.07004211972405514,0.5918697733210132,-0.521827653596958,0.11834042365611108
2016-06-08 02:00:00,0.0,0.9201778775667182,-0.9201778775667182,0.0
2016-06-08 03:00:00,0.005525429672251145,1.0143807779227356,-1.0088553482504845,0.005447096191596023
2016-06-08 04:00:00,0.44154905763268476,1.189319691684482,-0.7477706340517971,0.3712618740948456
2016-06-08 05:00:00,0.757756420135498,1.2305665165889055,-0.47281009645340744,0.6157785133273224
2016-06-08 06:00:00,0.9824031251271566,1.3797481244341152,-0.39734499930695866,0.7120162787175925
2016-06-08 07:00:00,0.3320524450937906,0.9326016787177133,-0.6005492336239227,0.3560495897351893
2016-06-08 08:00:00,0.004037537684043248,0.5648933789518761,-0.5608558412678328,0.007147433187364744
2016-06-08 09:00:00,0.0,0.7453777672276108,-0.7453777672276108,0.0
2016-06-08 10:00:00,0.0,0.294641085806814,-0.294641085806814,0.0
2016-06-08 11:00:00,0.17275716572999952,0.14541371464408154,0.027343451085917986,1.1880390109890566
2016-06-08 12:00:00,0.9833854789733886,0.28723097142354087,0.6961545075498476,3.42367494041345
2016-06-08 13:00:00,0.8443937667210897,0.46730882949799535,0.37708493722309433,1.806928766204089
2016-06-08 14:00:00,0.4499942505359649,0.6360315697338986,-0.1860373191979337,0.707503010777016
2016-06-08 15:00:00,0.5714013368288676,1.0207241768227313,-0.4493228399938637,0.5597999438080349
2016-06-08 16:00:00,1.052708429336548,1.1542258153298801,-0.10151738599333204,0.9120472054557901
2016-06-08 17:00:00,1.8040990282694498,1.1311166375012813,0.6729823907681685,1.5949717018174494
2016-06-08 18:00:00,0.7152418768604598,1.621846974966226,-0.9066050981057663,0.44100453859116656
2016-06-08 19:00:00,0.92424298620224,1.7501524591582165,-0.8259094729559765,0.528092842064045
2016-06-08 20:00:00,0.905269817352295,1.4861178750262987,-0.5808480576740037,0.6091507494560451
2016-06-08 21:00:00,0.5971164218982061,1.5483468139637542,-0.951230392065548,0.3856477221466897
2016-06-08 22:00:00,0.5696232859392961,1.5834169072911073,-1.013793621351811,0.35974308681205225
2016-06-08 23:00:00,0.5185549370447795,1.3817741307292224,-0.8632191936844429,0.3752819838732366
2016-06-09 00:00:00,0.45241290022929515,1.1565257426558924,-0.7041128424265972,0.3911827325091406
2016-06-09 01:00:00,0.37416132158041,1.0276370053064867,-0.6534756837260767,0.36409872323429865
2016-06-09 02:00:00,0.3220530736843745,0.7939828147765751,-0.47192974109220054,0.4056171842648755
2016-06-09 03:00:00,0.0,0.5850712709114816,-0.5850712709114816,0.0
2016-06-09 04:00:00,0.03679356933633486,0.566796592068475,-0.5300030227321402,0.06491494453426391
2016-06-09 05:00:00,0.03218295601010322,0.650899752336204,-0.6187167963261008,0.04944379821100319
2016-06-09 06:00:00,0.0,0.4367385977450173,-0.4367385977450173,0.0
2016-06-09 07:00:00,0.00012555016080538432,0.10758615945091687,-0.10746060929011149,0.0011669731631480257
2016-06-09 08:00:00,0.01186434577902158,0.2105349625251887,-0.19867061674616712,0.05635332790677042
2016-06-09 09:00:00,0.09329884126782417,0.03658612770653622,0.05671271356128795,2.5501152244421883
2016-06-09 10:00:00,0.0012678013741970063,0.02783257940499026,-0.026564778030793254,0.04555098382184783
2016-06-09 11:00:00,0.005303727825482687,0.1798076627701355,-0.1745039349446528,0.029496672965839753
2016-06-09 12:00:00,0.0,0.1886681960664588,-0.1886681960664588,0.0
2016-06-09 13:00:00,0.0,-0.04661524961139047,0.04661524961139047,-0.0
2016-06-09 14:00:00,0.0,-0.04065559700942715,0.04065559700942715,-0.0
2016-06-09 15:00:00,0.0,0.1553651617755497,-0.1553651617755497,0.0
2016-06-09 16:00:00,0.0,0.16400771321711913,-0.16400771321711913,0.0
2016-06-09 17:00:00,0.001892028550306956,0.1972429776332639,-0.19535094908295694,0.009592374709657984
2016-06-09 18:00:00,0.10233463827768961,0.376475460831048,-0.27414082255335837,0.2718228647673125
2016-06-09 19:00:00,0.028793258223682637,0.1732593308775953,-0.14446607265391265,0.16618590224167826
2016-06-09 20:00:00,0.2253706058661143,0.3250203369243442,-0.09964973105822988,0.6934046281496976
2016-06-09 21:00:00,0.4945795553525289,0.5901226296218636,-0.09554307426933467,0.8380962371658982
2016-06-09 22:00:00,0.7873745295206707,0.9092291134845669,-0.12185458396389626,0.8659803319573702
2016-06-09 23:00:00,0.5386349798838298,0.9343509120450815,-0.39571593216125167,0.5764803918314592
2016-06-10 00:00:00,1.1002388470967612,1.2914167046049305,-0.1911778575081693,0.8519626880878436
2016-06-10 01:00:00,1.4413815358479816,1.0928506322189042,0.34853090362907735,1.3189190666627757
2016-06-10 02:00:00,1.5424209645589193,0.713283045022983,0.8291379195359363,2.162424826050955
2016-06-10 03:00:00,0.7444090538024902,0.5935350481304057,0.15087400567208453,1.2541956134643224
2016-06-10 04:00:00,0.5957158790429433,0.4621953956115873,0.13352048343135603,1.2888831968018175
2016-06-10 05:00:00,0.042777469694614406,0.37298864706389906,-0.3302111773692846,0.11468839609824887
2016-06-10 06:00:00,0.20106918389908968,0.40699071452860797,-0.2059215306295183,0.4940387500780592
2016-06-10 07:00:00,0.08617711521685123,0.29994814014869314,-0.2137710249318419,0.2873067163347994
2016-06-10 08:00:00,0.0006485678950945536,0.3405241976738412,-0.33987562977874664,0.0019046161756638537
2016-06-10 09:00:00,0.034300793121258416,0.3390876581433363,-0.30478686502207786,0.10115612378542858
2016-06-10 10:00:00,0.19367414728800453,0.6086032226580427,-0.41492907537003815,0.3182272785907095
2016-06-10 11:00:00,0.0,0.420090861106217,-0.420090861106217,0.0
2016-06-10 12:00:00,0.0,0.26279319276362106,-0.26279319276362106,0.0
2016-06-10 13:00:00,0.0,0.35000270162329195,-0.35000270162329195,0.0
2016-06-10 14:00:00,0.012645241896311443,0.3608318756970843,-0.34818663380077286,0.03504469185789736
2016-06-10 15:00:00,0.3936502516766389,0.3699418736042738,0.023708378072365144,1.0640867654190613
2016-06-10 16:00:00,0.47150572691361115,0.3216206771671537,0.14988504974645744,1.4660305147873274
2016-06-10 17:00:00,0.01732707414031029,0.34373863659706216,-0.32641156245675185,0.05040770019874565
2016-06-10 18:00:00,0.22953612602750462,0.2401230628967805,-0.010586936869275893,0.9559103705343506
2016-06-10 19:00:00,0.5206969858805338,0.5028536125108553,0.01784337336967856,1.0354842302525835
2016-06-10 20:00:00,0.543738714516163,0.48914259973875107,0.054596114777411886,1.1116159475919116
2016-06-10 21:00:00,0.007400348971287409,0.5512874250202339,-0.5438870760489465,0.013423757980722659
2016-06-10 22:00:00,0.0,0.5034627133221549,-0.5034627133221549,0.0
2016-06-10 23:00:00,0.016810491611560188,0.20839381393141795,-0.19158332231985775,0.08066694156810476
2016-06-11 00:00:00,0.0,0.18938197418228261,-0.18938197418228261,0.0
2016-06-11 01:00:00,0.0,0.20063168565738698,-0.20063168565738698,0.0
2016-06-11 02:00:00,0.0,0.5061482131333779,-0.5061482131333779,0.0
2016-06-11 03:00:00,0.0005548717876275381,0.49424746187006957,-0.49369259008244204,0.0011226598625880366
2016-06-11 04:00:00,0.0009323430955410003,0.49130675163107823,-0.4903744085355372,0.0018976802017186523
2016-06-11 05:00:00,0.0,0.36334353039316136,-0.36334353039316136,0.0
2016-06-11 06:00:00,0.0,0.3778978959587197,-0.3778978959587197,0.0
2016-06-11 07:00:00,0.03393522693340977,0.3836263983605722,-0.34969117142716244,0.08845905046793442
2016-06-11 08:00:00,0.6172650733788808,0.3338088573336562,0.28345621604522464,1.8491572641582068
2016-06-11 09:00:00,0.587569756825765,0.21156852596574216,0.3760012308600228,2.777207782413279
2016-06-11 10:00:00,2.3238491859436032,0.24135584711626312,2.08249333882734,9.628311117004701
2016-06-11 11:00:00,3.2632820943196617,0.4162435950029974,2.8470384993166644,7.839837377668628
2016-06-11 12:00:00,2.9126365776062006,0.5703539804699556,2.3422825971362453,5.106717367355393
2016-06-11 13:00:00,1.8117211532592772,0.7346558412561336,1.0770653120031435,2.4660814649776
2016-06-11 14:00:00,1.3444511235555014,0.8788882220273722,0.4655629015281293,1.5297179890000048
2016-06-11 15:00:00,2.063365313212077,1.3489667106560863,0.7143986025559905,1.5295894975855513
2016-06-11 16:00:00,2.8570302607218423,1.3775136257584013,1.479516634963441,2.074048639009927
2016-06-11 17:00:00,1.8196186742782592,1.214838498277576,0.6047801760006832,1.4978276345852997
2016-06-11 18:00:00,0.44838178388277694,0.8227533447583792,-0.3743715608756023,0.5449771632523168
2016-06-11 19:00:00,0.7118831005096435,0.8949623663472205,-0.18307926583757694,0.795433559307289
2016-06-11 20:00:00,0.8258273054758707,0.6820626590213981,0.14376464645447262,1.2107792364131789
2016-06-11 21:00:00,1.035531447728475,0.972123070918928,0.06340837680954692,1.0652266968107322
2016-06-11 22:00:00,1.0150031108856201,1.1878507388595005,-0.17284762797388042,0.8544870813147468
2016-06-11 23:00:00,1.2807230739593505,0.7594985149403736,0.5212245590189769,1.6862746256454457
2016-06-12 00:00:00,0.9091277354558309,1.1141550666953357,-0.20502733123950478,0.8159795369888406
2016-06-12 01:00:00,1.167873943646749,1.2633762101567514,-0.09550226651000249,0.9244071039629967
2016-06-12 02:00:00,0.977899117787679,1.2269203175052845,-0.2490211997176055,0.7970355562911012
2016-06-12 03:00:00,0.6813016709089279,0.8143140416493565,-0.1330123707404286,0.8366571568985621
2016-06-12 04:00:00,0.3709388705094655,0.5412817865931749,-0.17034291608370944,0.6852971588867843
2016-06-12 05:00:00,0.41223514612019063,0.6725901998237667,-0.26035505370357603,0.6129068580365953
2016-06-12 06:00:00,0.7136240374247232,0.8434541231365994,-0.12983008571187615,0.846073328530223
2016-06-12 07:00:00,1.0000433654785157,0.6586818071396241,0.3413615583388916,1.5182495624424184
2016-06-12 08:00:00,0.39535706168413165,0.6388096867152085,-0.2434526250310769,0.6188964724644009
2016-06-12 09:00:00,0.2430987630287806,0.5498221236241447,-0.3067233605953641,0.44214074440366014
2016-06-12 10:00:00,0.361094307889541,0.6564985113021781,-0.29540420341263707,0.5500306576069809
2016-06-12 11:00:00,1.227426509698232,0.890258743461183,0.3371677662370489,1.3787300812415442
2016-06-12 12:00:00,0.9595992730458578,0.9045591818257879,0.05504009122006992,1.06084741863874
2016-06-12 13:00:00,0.2947024631897609,1.190480756607839,-0.8957782934180781,0.24754911959222875
2016-06-12 14:00:00,0.018112170835336047,0.7266151056603389,-0.7085029348250029,0.024926774428775365
2016-06-12 15:00:00,0.0,0.6507222564802333,-0.6507222564802333,0.0
2016-06-12 16:00:00,0.0,0.38688539661795834,-0.38688539661795834,0.0
2016-06-12 17:00:00,0.1542384153691431,0.29013418437628447,-0.13589576900714137,0.5316106259616284
2016-06-12 18:00:00,0.34769078985850016,0.4399970706105538,-0.09230628075205366,0.7902116015818774
2016-06-12 19:00:00,0.4678455883463224,0.35242250345296156,0.11542308489336084,1.3275133788633522
2016-06-12 20:00:00,0.7300229707161585,0.3380628941400238,0.39196007657613474,2.1594294534252763
2016-06-12 21:00:00,1.2345690027872722,0.7606711245095114,0.47389787827776086,1.6229996946227387
2016-06-12 22:00:00,2.542228154500326,1.0613094971252381,1.4809186573750879,2.395369269177787
2016-06-12 23:00:00,2.6749830729166666,1.4290339706298651,1.2459491022868014,1.87188207411027
2016-06-13 00:00:00,1.6016847839355468,1.660614012947269,-0.05892922901172226,0.9645135904236203
2016-06-13 01:00:00,0.833740579009056,1.852678808006929,-1.018938228997873,0.45001895385524254
2016-06-13 02:00:00,0.6644123603502909,1.667126209882742,-1.002713849532451,0.39853752907947065
2016-06-13 03:00:00,1.2591889508565268,1.36147848941861,-0.10228953856208323,0.9248687809928133
2016-06-13 04:00:00,1.8865211346944175,1.206049870638098,0.6804712640563195,1.5642148642628644
2016-06-13 05:00:00,2.1023073832194012,0.997685223074278,1.1046221601451234,2.1071850465433664
2016-06-13 06:00:00,1.8549167887369793,1.059678603217381,0.7952381855195982,1.750452243826673
2016-06-13 07:00:00,1.4193754488627115,0.5478470141563444,0.8715284347063671,2.5908244677548806
2016-06-13 08:00:00,1.3870946210225423,0.4760302296529145,0.9110643913696278,2.913879276183589
2016-06-13 09:00:00,1.1727238318125408,0.3278032489676563,0.8449205828448845,3.5775235160291263
2016-06-13 10:00:00,0.9684440208276113,1.0133982923782565,-0.04495427155064524,0.9556400756852017
2016-06-13 11:00:00,0.1644013212074836,0.9654553947458728,-0.8010540735383892,0.17028370456281652
2016-06-13 12:00:00,0.3498526182199518,0.8868461664452729,-0.5369935482253212,0.3944907600178944
2016-06-13 13:00:00,0.8150471528371175,0.7424502863855815,0.07259686645153596,1.0977801043150703
2016-06-13 14:00:00,1.1114550393422444,0.8090642488428231,0.3023907904994213,1.3737537419703323
2016-06-13 15:00:00,0.7893809932072957,1.107004805000556,-0.3176238117932604,0.7130781995177511
2016-06-13 16:00:00,0.5765274881124497,1.107004805000556,-0.5304773168881064,0.5207994450504305
2016-06-13 17:00:00,0.42874890989065173,1.267532528293616,-0.8387836184029643,0.3382547590063383
2016-06-13 18:00:00,0.008285070369640985,1.4173449305338868,-1.409059860164246,0.005845486297058371
2016-06-13 19:00:00,0.0,0.9406196880034698,-0.9406196880034698,0.0
2016-06-13 20:00:00,0.008750912621617316,0.3192793544694814,-0.3105284418478641,0.027408325966324826
2016-06-13 21:00:00,0.0,0.25992180040891083,-0.25992180040891083,0.0
2016-06-13 22:00:00,0.06003333393732706,0.49536108911453225,-0.4353277551772052,0.12119105690081114
2016-06-13 23:00:00,0.09714561336735884,0.643975405631249,-0.5468297922638902,0.15085298680332837
2016-06-14 00:00:00,0.2772144697507222,0.5462900783337459,-0.26907560858302365,0.5074492119576134
2016-06-14 01:00:00,0.23047384695212048,0.5435051486566924,-0.31303130170457194,0.4240508990977386
2016-06-14 02:00:00,0.7622596431573232,0.6382996295991225,0.12396001355820074,1.1942034865914815
2016-06-14 03:00:00,0.3119875705937544,1.0407459047694805,-0.728758334175726,0.2997730465851393
2016-06-14 04:00:00,0.6685883852640788,0.5626335116606634,0.10595487360341538,1.1883195213357982
2016-06-14 05:00:00,0.5483413966496785,0.32257216447709014,0.22576923217258837,1.6999030202701295
2016-06-14 06:00:00,0.19515968553721905,0.3347429335654431,-0.13958324802822406,0.5830136082590817
2016-06-14 07:00:00,0.23886124482750892,0.2338595139773134,0.005001730850195535,1.0213877586809692
2016-06-14 08:00:00,0.10771990272402762,0.22198638946114094,-0.11426648673711332,0.48525453738632995
2016-06-14 09:00:00,0.1656060637657841,0.16039030419366043,0.005215759572123668,1.0325191700230583
2016-06-14 10:00:00,0.02437902341882388,0.3007401360155055,-0.2763611125966816,0.08106341821155176
2016-06-14 11:00:00,0.0,0.24619552160154626,-0.24619552160154626,0.0
2016-06-14 12:00:00,0.02168643108010292,0.2772337814944772,-0.25554735041437426,0.07822434539975041
2016-06-14 13:00:00,0.0,0.1961433919771859,-0.1961433919771859,0.0
2016-06-14 14:00:00,0.0008142949144045509,0.3256795908128571,-0.32486529589845253,0.002500294575942474
2016-06-14 15:00:00,0.023333119450757903,0.7990020654729507,-0.7756689460221928,0.02920282745069802
2016-06-14 16:00:00,0.10018574363862474,0.9120931118766161,-0.8119073682379914,0.10984157465293677
2016-06-14 17:00:00,0.5288328266541164,0.8226155217992016,-0.29378269514508526,0.642867551900149
2016-06-14 18:00:00,0.4147579182187716,1.0202267281541777,-0.6054688099354061,0.4065350443907337
2016-06-14 19:00:00,0.8354509944915771,1.1517333348481533,-0.3162823403565762,0.7253857895862018
2016-06-14 20:00:00,0.8772191384633381,1.0506446992699774,-0.1734255608066393,0.8349341495491853
2016-06-14 21:00:00,0.6629195264677207,0.8075322506941852,-0.14461272422646454,0.820920187271592
2016-06-14 22:00:00,0.9815216012001038,0.9813349103099771,0.00018669089012668394,1.0001902417698232
2016-06-14 23:00:00,0.5865218163331349,0.6326222013992072,-0.04610038506607228,0.9271280948343112
2016-06-15 00:00:00,0.6619792054891586,0.6472676029469611,0.0147116025421975,1.0227287793722668
2016-06-15 01:00:00,0.8107948328653971,0.5758905372811941,0.234904295584203,1.407897474220009
2016-06-15 02:00:00,1.1205629793802898,0.673460506096634,0.4471024732836558,1.663888185329611
2016-06-15 03:00:00,0.7263022931416828,0.8467160132954771,-0.12041372015379426,0.8577873593235402
2016-06-15 04:00:00,0.9250218029022217,0.6682916433976145,0.2567301595046072,1.384158865430942
2016-06-15 05:00:00,0.9700352312723796,0.4967596438189224,0.47327558745345716,1.952725514929257
2016-06-15 06:00:00,0.6584076714515685,0.4698179317804654,0.18858973967110315,1.4014102632404986
2016-06-15 07:00:00,0.9011012266476948,0.4466179362725738,0.454483290375121,2.0176109230367922
2016-06-15 08:00:00,1.2159730580647787,0.341469433216857,0.8745036248479217,3.5610011900905656
2016-06-15 09:00:00,1.0558904679616292,0.25455094625589353,0.8013395217057357,4.148051631676787
2016-06-15 10:00:00,1.3797952499389647,0.21466603389575414,1.1651292160432105,6.427636570623088
2016-06-15 11:00:00,0.805632177988688,0.25024383301071634,0.5553883449779717,3.2193887389592053
2016-06-15 12:00:00,0.5351550885836284,0.420950614198124,0.11420447438550435,1.2713013606193553
2016-06-15 13:00:00,0.12742288998961449,0.28239934223482555,-0.15497645224521106,0.45121525064905293
2016-06-15 14:00:00,0.27042827497174343,0.3058174684990071,-0.03538919352726366,0.8842800128424365
2016-06-15 15:00:00,0.11776293821136156,0.36474934758202104,-0.24698640937065947,0.3228599008936685
2016-06-15 16:00:00,0.5739140470897157,0.33743868529472076,0.23647536179499495,1.7007950543324815
2016-06-15 17:00:00,0.12474201070268948,0.47108443910097847,-0.346342428398289,0.2647975614324009
2016-06-15 18:00:00,0.07636676622430483,0.3969114379968084,-0.32054467177250356,0.19240253344606034
2016-06-15 19:00:00,0.0,0.14990900350340416,-0.14990900350340416,0.0
2016-06-15 20:00:00,0.05961865947643916,-0.07952979534954838,0.13914845482598753,-0.7496392919710653
2016-06-15 21:00:00,0.03947445191939672,-0.055056030628996576,0.0945304825483933,-0.7169868853314418
2016-06-15 22:00:00,0.08275761365890504,0.16257960744656297,-0.07982199378765793,0.5090282536578642
2016-06-15 23:00:00,0.19620092827081678,0.2799776979908838,-0.08377676972006701,0.7007734175927297
2016-06-16 00:00:00,0.14585021318991978,0.42660156495521084,-0.2807513517652911,0.34188860325731035
2016-06-16 01:00:00,0.0048914426167806,0.6531336218059747,-0.648242179189194,0.007489191267256018
2016-06-16 02:00:00,0.00024308064579963684,0.3343108043896193,-0.33406772374381966,0.000727109751189318
2016-06-16 03:00:00,0.0,0.4114195035472441,-0.4114195035472441,0.0
2016-06-16 04:00:00,0.0,-0.08192866814541057,0.08192866814541057,-0.0
2016-06-16 05:00:00,0.0,-0.3428020303834045,0.3428020303834045,-0.0
2016-06-16 06:00:00,0.0,0.1921595565023371,-0.1921595565023371,0.0
2016-06-16 07:00:00,0.0,-0.015576148698627697,0.015576148698627697,-0.0
2016-06-16 08:00:00,0.0,-0.08145932866968585,0.08145932866968585,-0.0
2016-06-16 09:00:00,0.0,-0.25271477799734404,0.25271477799734404,-0.0
2016-06-16 10:00:00,0.0,-0.012271343761716203,0.012271343761716203,-0.0
2016-06-16 11:00:00,0.15336460152392586,-0.05072296259025689,0.20408756411418275,-3.023573421032487
2016-06-16 12:00:00,0.805031713962555,-0.13992562065576936,0.9449573346183244,-5.753283138496926
2016-06-16 13:00:00,0.5535706850687663,0.06824868815896429,0.485321996909802,8.111081692579848
2016-06-16 14:00:00,0.5094524491628011,0.7889638021070222,-0.27951135294422114,0.6457234765425833
2016-06-16 15:00:00,1.1393700593312581,1.188955422186995,-0.04958536285573678,0.9582950193670607
2016-06-16 16:00:00,1.5503592529296875,1.0362300077164914,0.514129245213196,1.4961535965805188
2016-06-16 17:00:00,3.163226451873779,0.9902156759446905,2.1730107759290886,3.1944823019045643
2016-06-16 18:00:00,0.01613865155354142,1.3906769551246299,-1.3745383035710885,0.01160488889534745
2016-06-16 19:00:00,0.8816400658090909,1.0979040520424859,-0.21626398623339493,0.8030210510371392
2016-06-16 20:00:00,1.598986581166585,0.9846139318783533,0.6143726492882318,1.6239731425658275
2016-06-16 21:00:00,1.042055518468221,1.0014864736309974,0.04056904483722357,1.0405088295303042
2016-06-16 22:00:00,0.9854979642232259,1.1074722399274806,-0.12197427570425468,0.8898624531552667
2016-06-16 23:00:00,0.807009615580241,1.3194454849634232,-0.5124358693831822,0.6116278578971471
2016-06-17 00:00:00,1.0686600799560546,1.2847187038473487,-0.21605862389129404,0.8318241781299961
2016-06-17 01:00:00,1.371287082672119,1.3111765937830584,0.060110488889060676,1.0458446933647798
2016-06-17 02:00:00,1.1800282408396405,1.5304826220368604,-0.35045438119721983,0.7710170790892003
2016-06-17 03:00:00,0.9030507491429647,1.473968952341214,-0.5709182031982494,0.6126660590160887
2016-06-17 04:00:00,1.0450775095621745,1.5570103900532182,-0.5119328804910437,0.6712077942694101
2016-06-17 05:00:00,1.0528381493886312,2.3388060936481865,-1.2859679442595553,0.45016051234344173
2016-06-17 06:00:00,0.9279973922967912,2.7856960232725716,-1.8576986309757804,0.3331294529424647
2016-06-17 07:00:00,1.9517183532714846,1.718306970853111,0.23341138241837367,1.1358380000649644
2016-06-17 08:00:00,1.6016717363993325,1.916934652920508,-0.31526291652117555,0.8355379949750176
2016-06-17 09:00:00,1.1298722553253173,1.5073347041336382,-0.3774624488083209,0.749582857892685
2016-06-17 10:00:00,1.463499444325765,0.23799100902677883,1.2255084352989862,6.149389635812215
2016-06-17 11:00:00,1.0722696851094564,0.2234430366351715,0.8488266484742849,4.798850307697052
2016-06-17 12:00:00,0.950583028157552,0.3247794815098481,0.6258035466477039,2.926856782141664
2016-06-17 13:00:00,0.42695844642321273,0.30940431775906596,0.11755412866414677,1.3799369366127803
2016-06-17 14:00:00,0.5785841301282247,0.5381418345149334,0.04044229561329138,1.0751517407111546
2016-06-17 15:00:00,0.901628943125407,0.9898795501368736,-0.08825060701146659,0.9108471257949879
2016-06-17 16:00:00,0.1529073030749957,1.0552027551615009,-0.9022954520865052,0.14490798315968473
2016-06-17 17:00:00,0.03810578892628351,1.0010931927010989,-0.9629874037748154,0.03806417744532695
2016-06-17 18:00:00,1.724863443136215,0.5908039098755462,1.1340595332606689,2.919519343566227
2016-06-17 19:00:00,0.3199059761365255,0.39643941796997545,-0.07653344183344996,0.8069479512775234
2016-06-17 20:00:00,0.2932643723587195,0.3127392650006691,-0.019474892641949626,0.9377280219613359
2016-06-17 21:00:00,1.1257309110959373,0.7364737748700582,0.3892571362258791,1.5285417478640821
2016-06-17 22:00:00,2.6293793347676595,2.110244398153557,0.5191349366141025,1.246007020356666
2016-06-17 23:00:00,1.9535015385945638,2.1559164000089575,-0.2024148614143937,0.9061119153722507
2016-06-18 00:00:00,2.1293006057739254,2.1369752439750096,-0.007674638201084161,0.9964086443103531
2016-06-18 01:00:00,1.8364338366190591,2.1610752344574,-0.3246413978383409,0.8497778362076083
2016-06-18 02:00:00,1.012091639359792,2.1624748856048632,-1.1503832462450712,0.46802469064361
2016-06-18 03:00:00,0.9802765475958586,2.1282427830523862,-1.1479662354565277,0.46060372218902496
2016-06-18 04:00:00,2.2640080922444663,2.4654963229727302,-0.20148823072826394,0.9182768074521713
2016-06-18 05:00:00,2.3485699564615885,1.9020128268275538,0.4465571296340347,1.2347813449706677
2016-06-18 06:00:00,2.838163190205892,2.225794538520983,0.6123686516849092,1.2751236203912253
2016-06-18 07:00:00,2.600611981709798,1.9082664091866954,0.6923455725231027,1.362813897048149
2016-06-18 08:00:00,1.44294784673055,2.288224454273878,-0.845276607543328,0.6305971619328928
2016-06-18 09:00:00,0.8467843081156413,1.8809624575907582,-1.034178149475117,0.45018671409329986
2016-06-18 10:00:00,0.8051443587938945,0.5639286250722022,0.24121573372169225,1.4277416023895015
2016-06-18 11:00:00,0.5181665444374084,0.5120961169063779,0.006070427531030487,1.0118540784251646
2016-06-18 12:00:00,0.29960363968213405,0.5275449956446271,-0.22794135596249304,0.5679205416706438
2016-06-18 13:00:00,0.17222440772255262,0.3190788324297889,-0.14685442470723628,0.5397550392517794
2016-06-18 14:00:00,0.11542666380604107,0.4685638884486636,-0.35313722464262254,0.24634135632645396
2016-06-18 15:00:00,0.02595524179935455,0.47210904857000147,-0.4461538067706469,0.054977217399183285
2016-06-18 16:00:00,0.009759701102972031,0.04910022883792672,-0.03934052773495469,0.19877099015541247
2016-06-18 17:00:00,0.0,0.09369130491361657,-0.09369130491361657,0.0
2016-06-18 18:00:00,0.0,0.30297941702028025,-0.30297941702028025,0.0
2016-06-18 19:00:00,0.0,0.14350719307651247,-0.14350719307651247,0.0
2016-06-18 20:00:00,0.2559900148709615,0.4850716227698348,-0.22908160789887327,0.5277365297298129
2016-06-18 21:00:00,0.4469863455394904,0.7333054303280118,-0.28631908478852136,0.6095500279324958
2016-06-18 22:00:00,0.758238080382347,0.7207298263011915,0.037508254081155434,1.0520420450387755
2016-06-18 23:00:00,1.5625549595355988,0.757518869061461,0.8050360904741377,2.0627274426464766
2016-06-19 00:00:00,0.8045097874800364,0.5156082826044528,0.28890150487558364,1.5603119938575802
2016-06-19 01:00:00,0.025018150309721626,0.6267911841087184,-0.6017730337989967,0.039914649318651185
2016-06-19 02:00:00,0.13197771866992117,0.6799809951953777,-0.5480032765254566,0.1940903048797713
2016-06-19 03:00:00,0.39577515769004823,0.51038176317456,-0.11460660548451174,0.7754492543548932
2016-06-19 04:00:00,0.18367898027102153,0.34653695047705524,-0.1628579702060337,0.5300415439628081
2016-06-19 05:00:00,0.9130091160138449,0.4899345064581324,0.4230746095557125,1.8635329905913998
2016-06-19 06:00:00,0.15242574330667655,0.40504386545913396,-0.2526181221524574,0.37631910097908944
2016-06-19 07:00:00,0.08113583972056707,0.17261392994280722,-0.09147809022224015,0.47004224831362157
2016-06-19 08:00:00,0.26515479063987735,0.3691306426778946,-0.10397585203801724,0.7183223498225068
2016-06-19 09:00:00,0.09369463649392129,1.1695564000916616,-1.0758617635977403,0.08011125969348563
2016-06-19 10:00:00,0.2683778070608775,1.55028552231763,-1.2819077152567524,0.173115083123308
2016-06-19 11:00:00,0.6810315930048625,1.5700397251641818,-0.8890081321593193,0.43376710925810863
2016-06-19 12:00:00,1.4903840840657554,1.9904028428732892,-0.5000187588075338,0.7487851463848791
2016-06-19 13:00:00,2.020360677083333,2.6437096379295046,-0.6233489608461715,0.7642142874153287
2016-06-19 14:00:00,3.6634939320882163,2.6216632899441312,1.041830642144085,1.397393000901457
2016-06-19 15:00:00,3.9673148854573568,4.251371424497846,-0.28405653904048966,0.9331847277789799
2016-06-19 16:00:00,5.398462076822917,3.6464992963249085,1.7519627804980087,1.4804506015574193
2016-06-19 17:00:00,4.33130696105957,4.437886689504067,-0.1065797284444967,0.9759841258010111
2016-06-19 18:00:00,4.91713097635905,4.545393756706446,0.3717372196526041,1.0817832820543059
2016-06-19 19:00:00,5.748373819986979,4.814899681504703,0.9334741384822758,1.193871980774178
2016-06-19 20:00:00,5.81722548421224,5.326369629623493,0.49085585458874714,1.092155800051647
2016-06-19 21:00:00,5.624114471435547,5.548743034404065,0.07537143703148175,1.0135835155032686
2016-06-19 22:00:00,6.299079884847005,6.6713987084478035,-0.37231882360079815,0.9441917894774687
2016-06-19 23:00:00,7.60315848795573,7.301902736057055,0.30125575189867426,1.041257157591413
2016-06-20 00:00:00,9.40945196533203,7.353903742540179,2.0555482227918507,1.2795179668862275
2016-06-20 01:00:00,8.827841013590495,7.355170184620863,1.4726708289696324,1.2002225362574046
2016-06-20 02:00:00,8.084805399576824,7.341967232059491,0.7428381675173332,1.1011769930371864
2016-06-20 03:00:00,6.439046447753906,6.952414376983657,-0.5133679292297506,0.9261597624374516
2016-06-20 04:00:00,5.435298182169596,6.031980672488857,-0.5966824903192611,0.9010801720501761
2016-06-20 05:00:00,7.174743520100911,5.286838261981192,1.8879052581197193,1.3570953308135145
2016-06-20 06:00:00,6.202688944498698,4.546993110469343,1.6556958340293555,1.3641298312542316
2016-06-20 07:00:00,2.999652359008789,6.087953925640205,-3.088301566631416,0.492719293813208
2016-06-20 08:00:00,2.705016957600911,2.4743811899266697,0.23063576767424143,1.0932094733880016
2016-06-20 09:00:00,2.4359126129150392,1.454294929648978,0.9816176832660612,1.6749784127370873
2016-06-20 10:00:00,2.5206659901936845,1.2760346447199933,1.2446313454736913,1.9753899321023585
2016-06-20 11:00:00,2.1356123555501303,1.8580667739204688,0.2775455816296615,1.1493733086050768
2016-06-20 12:00:00,3.322084594726562,2.0065793578289433,1.3155052368976188,1.655595918379702
2016-06-20 13:00:00,5.179482676188151,1.857140759246218,3.322341916941933,2.788955360761354
2016-06-20 14:00:00,6.168097752888998,4.210079856379201,1.958017896509797,1.4650785646127276
2016-06-20 15:00:00,6.129231043497722,4.692694016757608,1.4365370267401136,1.306122031739176
2016-06-20 16:00:00,2.633120615641276,4.238405575565901,-1.6052849599246248,0.6212526311358744
2016-06-20 17:00:00,1.617473071416219,2.605722125809911,-0.9882490543936919,0.6207388943721218
2016-06-20 18:00:00,0.8122526739438375,1.601592447730624,-0.7893397737867865,0.5071531619013055
2016-06-20 19:00:00,0.19813463670620698,1.183523412622101,-0.985388775915894,0.16741082989413691
2016-06-20 20:00:00,0.009625335852305095,0.3580187909284523,-0.3483934550761472,0.026885001838433266
2016-06-20 21:00:00,0.034966679374376926,0.854536942465779,-0.8195702630914021,0.04091886217754384
2016-06-20 22:00:00,0.0,0.7826282448464118,-0.7826282448464118,0.0
2016-06-20 23:00:00,0.0,0.5773276632736184,-0.5773276632736184,0.0
2016-06-21 00:00:00,0.0,0.4972379832515222,-0.4972379832515222,0.0
2016-06-21 01:00:00,0.0,0.5038348787269636,-0.5038348787269636,0.0
2016-06-21 02:00:00,0.0,0.5364935051247451,-0.5364935051247451,0.0
2016-06-21 03:00:00,0.2738566877990961,0.6198924359355327,-0.34603574813643656,0.44178097993048676
2016-06-21 04:00:00,0.1843793762922287,0.3376708238749431,-0.15329144758271443,0.546032891371491
2016-06-21 05:00:00,0.2583994214137395,0.27695251346613203,-0.018553092052392528,0.933009844105779
2016-06-21 06:00:00,0.03990645622213682,0.2784588589041835,-0.23855240268204667,0.1433118571956386
2016-06-21 07:00:00,0.001245203177134196,0.09101547631123962,-0.08977027313410542,0.013681224640038766
2016-06-21 08:00:00,0.13578648585081102,0.07095360797050786,0.06483287788030316,1.9137361683883813
2016-06-21 09:00:00,0.5672020702362061,0.67753967963026,-0.1103376093940539,0.8371495977117293
2016-06-21 10:00:00,0.801505697409312,0.7142075387604291,0.0872981586488829,1.122230799748203
2016-06-21 11:00:00,1.3756146036783856,1.1664330710955577,0.2091815325828279,1.179334363682227
2016-06-21 12:00:00,1.3850476188659668,1.799711989350631,-0.4146643704846642,0.7695940389693783
2016-06-21 13:00:00,1.5943087501525879,1.7916586914709023,-0.1973499413183144,0.8898507052387887
2016-06-21 14:00:00,1.8346415328979493,1.7260978713644297,0.10854366153351958,1.062883839517002
2016-06-21 15:00:00,1.832239320119222,2.14076853643635,-0.30852921631712804,0.8558792269851256
2016-06-21 16:00:00,1.4542790247599284,2.101739067722162,-0.6474600429622335,0.6919408061135094
2016-06-21 17:00:00,0.8323007589975993,2.118446303342242,-1.2861455443446428,0.3928826318063811
2016-06-21 18:00:00,0.6359000752766927,2.020396072100046,-1.384495996823353,0.3147403046649777
2016-06-21 19:00:00,1.4067176666259766,1.7527183294112687,-0.34600066278529207,0.8025919755734441
2016-06-21 20:00:00,0.7503531548976898,1.3911175351299114,-0.6407643802322216,0.5393887546875161
2016-06-21 21:00:00,1.5610616003672282,1.4812438386537894,0.0798177617134388,1.0538856328921375
2016-06-21 22:00:00,1.7945514240264893,1.3411169426956342,0.45343448133085507,1.338102119878864
2016-06-21 23:00:00,1.3306515156428018,1.7474932878678733,-0.41684177222507146,0.761463019561201
2016-06-22 00:00:00,1.488135799407959,1.7065947373882517,-0.2184589379802928,0.8719913209655039
2016-06-22 01:00:00,1.9682856750488282,1.5776446770706012,0.39064099797822704,1.2476102532184727
2016-06-22 02:00:00,1.3183227187047402,1.2700681175102324,0.04825460119450775,1.0379937111476376
2016-06-22 03:00:00,0.828269577383995,1.0057243689972448,-0.17745479161324984,0.823555243281834
2016-06-22 04:00:00,1.5088899447123212,0.9829391656199252,0.525950779092396,1.5350796849779473
2016-06-22 05:00:00,0.9564054985046385,1.625417472001572,-0.6690119734969334,0.5884060648904564
2016-06-22 06:00:00,0.5674890022277832,1.5988569266239638,-1.0313679243961806,0.354934198787914
2016-06-22 07:00:00,0.7379002647399902,0.9968611245659286,-0.2589608598259384,0.7402237348369866
2016-06-22 08:00:00,1.3129759165445964,1.1525029984150283,0.1604729181295681,1.1392386122641394
2016-06-22 09:00:00,0.9993947194417317,1.1921759254695143,-0.1927812060277826,0.8382946661568764
2016-06-22 10:00:00,0.6192864303588866,1.1599607705393102,-0.5406743401804236,0.5338856675911174
2016-06-22 11:00:00,0.9611384150187174,1.6436213200598841,-0.6824829050411667,0.5847687683825488
2016-06-22 12:00:00,1.0699739214579265,1.1595787197112228,-0.08960479825329637,0.9227264206128143
2016-06-22 13:00:00,0.8860599835713705,1.332341802917619,-0.44628181934624855,0.6650395428793411
2016-06-22 14:00:00,0.6066086641947428,1.509385972083096,-0.9027773078883532,0.40189101754905354
2016-06-22 15:00:00,1.3557146644592284,2.251914384312544,-0.8961997198533158,0.6020276232096167
2016-06-22 16:00:00,1.3573446159362792,2.925196995331401,-1.5678523793951218,0.4640181902629444
2016-06-22 17:00:00,0.867812463760376,2.1040534539310918,-1.2362409901707156,0.41244791672901915
2016-06-22 18:00:00,1.1767072054545085,1.5304817870179188,-0.35377458156341035,0.7688475716834725
2016-06-22 19:00:00,0.8898293037414551,1.082787482765973,-0.19295817902451784,0.8217949670681383
2016-06-22 20:00:00,0.41713507525126137,0.49930840932177656,-0.08217333407051519,0.8354256957495803
2016-06-22 21:00:00,0.14851328265170258,0.5993700251840778,-0.4508567425323752,0.24778229876626107
2016-06-22 22:00:00,0.40194364897410073,1.0097873583140615,-0.6078437093399608,0.3980478124079359
2016-06-22 23:00:00,0.041603451520204546,0.6123851612437832,-0.5707817097235787,0.06793674006683306
2016-06-23 00:00:00,0.012450785249471664,0.5699451079081073,-0.5574943226586356,0.021845586665653276
2016-06-23 01:00:00,0.0,0.13248949761834442,-0.13248949761834442,0.0
2016-06-23 02:00:00,0.0,0.13248949761834442,-0.13248949761834442,0.0
2016-06-23 03:00:00,0.0,0.09168602245533887,-0.09168602245533887,0.0
2016-06-23 04:00:00,0.0,0.0625155754035773,-0.0625155754035773,0.0
2016-06-23 05:00:00,0.0,0.1105768720911611,-0.1105768720911611,0.0
2016-06-23 06:00:00,0.0,0.10575042703620377,-0.10575042703620377,0.0
2016-06-23 07:00:00,0.0,-0.09378251318919775,0.09378251318919775,-0.0
2016-06-23 08:00:00,0.08864443436078728,-0.09418221068519014,0.18282664504597743,-0.9412014616760991
2016-06-23 09:00:00,0.0026258200208346045,-0.06315218764892434,0.06577800766975894,-0.04157924085594728
2016-06-23 10:00:00,0.0,-0.056049718706330846,0.056049718706330846,-0.0
2016-06-23 11:00:00,0.0,-0.056049718706330846,0.056049718706330846,-0.0
2016-06-23 12:00:00,0.0,-0.1478632228494909,0.1478632228494909,-0.0
2016-06-23 13:00:00,0.029574528803428014,0.1337554429283578,-0.1041809141249298,0.2211089743784763
2016-06-23 14:00:00,0.0,0.010399036239706099,-0.010399036239706099,0.0
2016-06-23 15:00:00,0.0,1.0060183815546484,-1.0060183815546484,0.0
2016-06-23 16:00:00,0.013744200160106024,0.7178172329321897,-0.7040730327720837,0.01914721398365258
2016-06-23 17:00:00,0.0,0.6220681176022534,-0.6220681176022534,0.0
2016-06-23 18:00:00,0.0,0.43166467288398574,-0.43166467288398574,0.0
2016-06-23 19:00:00,0.27165185049176216,0.5611200251876612,-0.2894681746958991,0.4841243197494347
2016-06-23 20:00:00,0.7153351379235586,0.7995303117251814,-0.08419517380162278,0.8946942066274496
2016-06-23 21:00:00,3.9415073928833007,1.2017905581304626,2.739716834752838,3.279695755818563
2016-06-23 22:00:00,3.79447787475586,1.9431424774878348,1.851335397268025,1.9527532945816195
2016-06-23 23:00:00,5.94068251546224,3.057315996720036,2.883366518742204,1.9431038603257076
2016-06-24 00:00:00,6.5296144002278655,3.004567652333223,3.5250467478946423,2.1732292814765666
2016-06-24 01:00:00,4.272144376118978,2.3559800532917623,1.9161643228272154,1.8133194167539581
2016-06-24 02:00:00,2.3938638814290365,1.926746527244586,0.46711735418445044,1.2424384046263048
2016-06-24 03:00:00,4.145184670130412,1.7803273745857857,2.3648572955446263,2.3283272106596904
2016-06-24 04:00:00,2.629906160036723,1.9525777785292422,0.6773283815074809,1.3468893218777032
2016-06-24 05:00:00,1.4445753978093467,2.465640291096136,-1.0210648932867894,0.5858824594268534
2016-06-24 06:00:00,1.5629790242513022,2.515409499309116,-0.9524304750578136,0.6213616608669845
2016-06-24 07:00:00,1.2321317380269368,3.63305705974338,-2.4009253217164432,0.33914461506254684
2016-06-24 08:00:00,1.4146389706929523,3.194601345495561,-1.7799623748026088,0.4428217538590898
2016-06-24 09:00:00,4.642045344034831,3.488595765025955,1.1534495790088761,1.330634345937267
2016-06-24 10:00:00,4.068359700520833,2.6581955493578504,1.410164151162983,1.5304967693229496
2016-06-24 11:00:00,3.4912540486653647,3.2118665887010116,0.2793874599643531,1.0869860102369155
2016-06-24 12:00:00,5.033795750935872,3.6334609920541894,1.4003347588816828,1.3853996952063048
2016-06-24 13:00:00,6.505602864583333,3.5031438432917312,3.0024590212916014,1.8570755742848226
2016-06-24 14:00:00,2.980474797566732,5.205028973874712,-2.22455417630798,0.5726144489351451
2016-06-24 15:00:00,2.7759944025675454,5.001837705855223,-2.225843303287678,0.5549948970391275
2016-06-24 16:00:00,2.9928470382690433,3.523340391712647,-0.5304933534436036,0.8494345437950325
2016-06-24 17:00:00,0.7034929012594124,1.6864322380672165,-0.9829393368078041,0.41714863211205594
2016-06-24 18:00:00,0.759966550509135,1.792622069234715,-1.03265551872558,0.423941311195377
2016-06-24 19:00:00,0.0737587210337321,1.432781399873801,-1.359022678840069,0.05147939597780146
2016-06-24 20:00:00,0.4296001668572425,1.1002098416110278,-0.6706096747537853,0.39047111797162504
2016-06-24 21:00:00,0.9462943431536356,0.9511853369144339,-0.004890993760798268,0.9948580013053353
2016-06-24 22:00:00,0.9295917666753132,0.992056522410478,-0.062464755735164856,0.9370350838645873
2016-06-24 23:00:00,0.883648964881897,0.9534104969134598,-0.06976153203156277,0.9268294902799933
2016-06-25 00:00:00,2.2905389874776207,0.9635350406906086,1.3270039467870123,2.377224377678978
2016-06-25 01:00:00,1.6711167987187703,1.1067771963097164,0.5643396024090539,1.509894497547211
2016-06-25 02:00:00,1.7976247965494792,1.3880977022921182,0.409527094257361,1.2950275716047386
2016-06-25 03:00:00,1.7183230743408204,1.0842472522753068,0.6340758220655136,1.5848074050774834
2016-06-25 04:00:00,2.29302716700236,0.9671881807006043,1.3258389863017555,2.370818019448247
2016-06-25 05:00:00,1.5807701568603516,1.354211994133242,0.2265581627271096,1.1672988894712288
2016-06-25 06:00:00,0.3745088457067807,1.166496227813785,-0.7919873821070043,0.3210544850270754
2016-06-25 07:00:00,0.04354136763016382,0.41752919952787226,-0.37398783189770846,0.10428340743449538
2016-06-25 08:00:00,0.010751222314933936,0.5081385706327695,-0.49738734831783554,0.02115805202810282
2016-06-25 09:00:00,0.0,0.23361360075824444,-0.23361360075824444,0.0
2016-06-25 10:00:00,0.13932591991623242,0.40811181303539246,-0.26878589311916,0.34139153895099267
2016-06-25 11:00:00,0.0961962221066157,0.5736239200210653,-0.4774276979144496,0.16769911216931654
2016-06-25 12:00:00,2.2965386838912965,0.4824811850859297,1.8140574988053668,4.7598512747855315
2016-06-25 13:00:00,0.05794843116402626,0.4798900174160306,-0.42194158625200434,0.12075356656937725
2016-06-25 14:00:00,0.030676838913311563,0.3370945162212248,-0.30641767730791325,0.09100367237412813
2016-06-25 15:00:00,0.20263396404186887,0.41053894981346845,-0.20790498577159958,0.49358036340750905
2016-06-25 16:00:00,0.7053101425170898,0.720600764766347,-0.015290622249257257,0.9787807299174666
2016-06-25 17:00:00,1.175855567932129,1.327739959240242,-0.15188439130811293,0.8856068236471364
2016-06-25 18:00:00,0.8619913864135742,1.703902855381624,-0.8419114689680498,0.5058923304759141
2016-06-25 19:00:00,1.173379353205363,1.4294032670101648,-0.25602391380480194,0.8208875551681657
2016-06-25 20:00:00,1.3861654885609944,0.9862303337517264,0.399935154809268,1.4055190163213411
2016-06-25 21:00:00,1.4200363063812256,1.1232236198114331,0.2968126865697924,1.2642507523298179
2016-06-25 22:00:00,1.5169295787811279,0.8430422667488886,0.6738873120322393,1.7993517509282433
2016-06-25 23:00:00,2.9383920771280927,1.6382853909461135,1.3001066861819792,1.7935776595255877
2016-06-26 00:00:00,2.3852466812133786,2.270869309769243,0.11437737144413562,1.0503672188232436
2016-06-26 01:00:00,3.6695964304606115,2.9071572747894203,0.7624391556711911,1.2622627823692196
2016-06-26 02:00:00,4.1792272949218745,2.864383395352269,1.3148438995696057,1.4590320910612258
2016-06-26 03:00:00,4.42510888671875,3.034914212067971,1.390194674650779,1.458067206355566
2016-06-26 04:00:00,5.080638086954753,2.949137177804778,2.1315009091499753,1.7227540736971012
2016-06-26 05:00:00,3.8403957392374677,3.4447626462630954,0.3956330929743723,1.1148506105068103
2016-06-26 06:00:00,3.0004016418457033,3.3076732717473774,-0.307271629901674,0.9071033912187619
2016-06-26 07:00:00,2.7253543090820314,2.478630535733045,0.24672377334898643,1.0995403589974813
2016-06-26 08:00:00,2.920639414469401,2.4416525992797555,0.4789868151896455,1.1961732047101779
2016-06-26 09:00:00,2.6621197992960615,2.249456690412637,0.4126631088834243,1.183450124042053
2016-06-26 10:00:00,1.9548770650227865,2.1706001237605963,-0.21572305873780984,0.9006159373270161
2016-06-26 11:00:00,1.3256976776123048,2.5058134239025476,-1.1801157462902427,0.5290488369831089
2016-06-26 12:00:00,1.2411900151570636,3.394497085838657,-2.1533070706815933,0.3656476891186992
2016-06-26 13:00:00,0.8164728498458863,3.983441894757644,-3.166969044911758,0.20496667741542673
2016-06-26 14:00:00,3.718613040924072,3.205640268299172,0.5129727726249,1.1600219393603606
2016-06-26 15:00:00,5.70567822265625,4.063569442295111,1.6421087803611387,1.4041050125216201
2016-06-26 16:00:00,4.322504018147787,3.2789836254674167,1.04352039268037,1.3182450758751858
2016-06-26 17:00:00,3.089271733601888,3.33592418108035,-0.24665244747846238,0.9260617345929657
2016-06-26 18:00:00,1.7973362795511882,2.567863191210018,-0.7705269116588298,0.6999345937523466
2016-06-26 19:00:00,2.2812373911539714,2.7098482588888255,-0.42861086773485413,0.8418321519188656
2016-06-26 20:00:00,1.596954975128174,3.077157243772791,-1.480202268644617,0.518970871040118
2016-06-26 21:00:00,1.8610422821044919,3.33445744200228,-1.4734151598977883,0.558124466865881
2016-06-26 22:00:00,2.9439812520345052,3.7444848916701674,-0.8005036396356622,0.7862179544597895
2016-06-26 23:00:00,3.15532139078776,3.629066246591769,-0.47374485580400894,0.8694581956863076
2016-06-27 00:00:00,2.7459458109537764,3.4527499569266005,-0.706804145972824,0.795292403217645
2016-06-27 01:00:00,4.484819742838541,3.2398695926879544,1.2449501501505864,1.3842593396228997
2016-06-27 02:00:00,3.5836699778238934,3.1203958448045066,0.4632741330193868,1.1484664626094614
2016-06-27 03:00:00,3.2799989115397135,3.668603535248168,-0.3886046237084546,0.8940728754212012
2016-06-27 04:00:00,3.391790438334147,3.4238762226473867,-0.03208578431323961,0.9906288130099428
2016-06-27 05:00:00,1.644011354446411,3.4219581720064176,-1.7779468175600066,0.4804299970395219
2016-06-27 06:00:00,1.8673006540934247,2.9217507857662492,-1.0544501316728245,0.6391033291375371
2016-06-27 07:00:00,2.5490933252970382,2.4480237278034354,0.10106959749360289,1.0412862001073375
2016-06-27 08:00:00,2.83475772857666,4.635579302745269,-1.8008215741686087,0.6115217847525267
2016-06-27 09:00:00,2.1094635162353517,4.633284125701361,-2.5238206094660094,0.4552847308745679
2016-06-27 10:00:00,2.0708366177876787,3.2265804033851953,-1.1557437855975166,0.6418053663299518
2016-06-27 11:00:00,3.487500096638998,3.3747774724600594,0.11272262417893852,1.0334014983502806
2016-06-27 12:00:00,3.1301665751139325,3.3747774724600594,-0.24461089734612695,0.9275179180428105
2016-06-27 13:00:00,3.2895370534261064,3.011821751102676,0.27771530232343045,1.0922084124738638
2016-06-27 14:00:00,3.4225130462646485,3.7274629026971815,-0.30494985643253303,0.9181883591083168
2016-06-27 15:00:00,1.9585427805582682,3.25244730421099,-1.2939045236527216,0.6021750999693416
2016-06-27 16:00:00,1.6665277430216472,2.8908296785654013,-1.224301935543754,0.5764876967254174
2016-06-27 17:00:00,1.4719416643778482,2.5324345517605718,-1.0604928873827235,0.5812358164812358
2016-06-27 18:00:00,1.1019596803983054,1.629810502879318,-0.5278508224810126,0.6761274874910422
2016-06-27 19:00:00,0.21516777702172596,1.1413409770848086,-0.9261732000630827,0.18852190654829848
2016-06-27 20:00:00,0.26561829578876495,0.8616434782085647,-0.5960251824197997,0.30826937417435063
2016-06-27 21:00:00,0.418687456091245,0.7262090234643426,-0.30752156737309755,0.5765384931378547
2016-06-27 22:00:00,1.23290350151062,0.9216689527073051,0.3112345488033149,1.3376858338225415
2016-06-27 23:00:00,1.3219931201934814,0.9007059354513718,0.4212871847421096,1.4677299972837299
2016-06-28 00:00:00,1.1616684265136719,0.9083632970754351,0.2533051294382368,1.2788588335237427
2016-06-28 01:00:00,0.9856649497350057,1.0968506651530536,-0.11118571541804789,0.8986318566871333
2016-06-28 02:00:00,1.2210549556414287,1.0937753010927067,0.12727965454872203,1.1163672780154816
2016-06-28 03:00:00,1.7246674563090008,0.7821032547446105,0.9425642015643902,2.2051659366539487
2016-06-28 04:00:00,1.1471832856535913,0.7449412625453761,0.4022420231082152,1.539964750688936
2016-06-28 05:00:00,0.19580253977825246,0.723916850946343,-0.5281143111680905,0.27047656028767514
2016-06-28 06:00:00,0.02863584857185682,0.3455129944407093,-0.3168771458688525,0.08287922316267843
2016-06-28 07:00:00,0.13167426580190658,0.38264569526338627,-0.25097142946147966,0.3441153720840145
2016-06-28 08:00:00,0.7009337574640909,0.6878732337713458,0.01306052369274513,1.0189868177035168
2016-06-28 09:00:00,1.305854212443034,1.3996122433005933,-0.0937580308575594,0.9330114241952776
2016-06-28 10:00:00,1.0130896231333415,1.159174787400414,-0.1460851642670724,0.8739748605172084
2016-06-28 11:00:00,1.5839244588216146,1.5856855416592026,-0.0017610828375880239,0.9988893870875903
2016-06-28 12:00:00,2.143331705729167,2.740786407473729,-0.597454701744562,0.7820134031183936
2016-06-28 13:00:00,1.6257501335144042,3.4732452536966933,-1.8474951201822891,0.468078127159049
2016-06-28 14:00:00,1.568475324630737,1.8231436220664032,-0.2546682974356662,0.8603136393900674
2016-06-28 15:00:00,1.7078234799702963,1.4507391332899304,0.25708434668036584,1.177209217550615
2016-06-28 16:00:00,2.238439366658529,1.6465888922363474,0.5918504744221815,1.359440341917009
2016-06-28 17:00:00,5.675364446004232,2.0124207300575994,3.6629437159466325,2.8201679505864523
2016-06-28 18:00:00,2.3478533833821613,1.7833211165499934,0.564532266832168,1.316562318246032
2016-06-28 19:00:00,0.9402837317784627,1.615792678418889,-0.6755089466404263,0.5819334029280069
2016-06-28 20:00:00,0.43010477562745414,1.2631721042516157,-0.8330673286241617,0.34049578373350464
2016-06-28 21:00:00,0.07460870598753293,0.44415335441278675,-0.3695446484252538,0.16797960714756455
2016-06-28 22:00:00,0.4304778902133306,0.11575403890126132,0.31472385131206926,3.7189016841177356
2016-06-28 23:00:00,2.5127104352315266,1.4238486213199915,1.0888618139115351,1.764731445188391
2016-06-29 00:00:00,4.160753555297852,2.769993605597404,1.3907599497004477,1.502080563251157
2016-06-29 01:00:00,4.6310572230021165,2.9142183088931906,1.716838914108926,1.5891250181462813
2016-06-29 02:00:00,3.146956403096517,3.1428784904135902,0.0040779126829266765,1.0012975088586356
2016-06-29 03:00:00,2.944193412780762,3.1791082162121334,-0.2349148034313715,0.9261066980251244
2016-06-29 04:00:00,2.7435827725728354,2.6598914012919477,0.08369137128088777,1.0314642061101584
2016-06-29 05:00:00,1.9829064102172853,2.827005722047793,-0.8440993118305076,0.7014157752680215
2016-06-29 06:00:00,2.3017644945780438,2.5417021622630056,-0.23993766768496183,0.9055996130280924
2016-06-29 07:00:00,1.4535446790059408,3.6640220473942664,-2.2104773683883256,0.39670740519688047
2016-06-29 08:00:00,2.3904380620320635,4.875777733514508,-2.4853396714824445,0.4902680541815864
2016-06-29 09:00:00,5.86044467163086,5.445283140059028,0.41516153157183133,1.0762424140110611
2016-06-29 10:00:00,7.803453267415364,7.106183870994623,0.697269396420741,1.0981214965836716
2016-06-29 11:00:00,9.450884002685546,7.437487859361266,2.0133961433242806,1.2707091670462494
2016-06-29 12:00:00,9.955716674804687,8.510952409133658,1.4447642656710293,1.1697535359404148
2016-06-29 13:00:00,10.032776936848958,8.348374394702239,1.684402542146719,1.2017641354484074
2016-06-29 14:00:00,10.066350870768229,7.8114261464296595,2.2549247243385695,1.2886700433529952
2016-06-29 15:00:00,9.758714477539062,7.800935516402229,1.9577789611368326,1.2509672022054805
2016-06-29 16:00:00,9.573103495279948,7.779377145628323,1.7937263496516254,1.2305745455032506
2016-06-29 17:00:00,7.103266845703125,7.979152168981308,-0.8758853232781831,0.8902282717851705
2016-06-29 18:00:00,6.304527852376302,7.9274279142301,-1.622900061853798,0.795280376004351
2016-06-29 19:00:00,5.105633794148763,6.604426373024728,-1.4987925788759648,0.7730624138687248
2016-06-29 20:00:00,3.8004439646402997,4.575599727768831,-0.7751557631285317,0.8305892540328226
2016-06-29 21:00:00,3.8828161722819012,3.1919770498264195,0.6908391224554817,1.2164298526184736
2016-06-29 22:00:00,2.247488826751709,2.260171685164274,-0.01268285841256489,0.9943885420316453
2016-06-29 23:00:00,2.0141168632507322,2.6407978820366798,-0.6266810187859475,0.7626925471847819
2016-06-30 00:00:00,2.872456179300944,2.3313382463760934,0.5411179329248506,1.2321061449431379
2016-06-30 01:00:00,3.0735259386698406,2.1323773404156476,0.941148598254193,1.4413611889492046
2016-06-30 02:00:00,2.896434280395508,2.0891176589138643,0.8073166214816436,1.3864390394849129
2016-06-30 03:00:00,1.6512418645222984,1.5722923472260983,0.07894951729620003,1.0502130010589226
2016-06-30 04:00:00,1.8008259042104087,1.6681644920441225,0.13266141216628613,1.07952537822198
2016-06-30 05:00:00,0.954861134370168,1.237616250288,-0.282755115917832,0.7715324795937082
2016-06-30 06:00:00,0.9875308278401692,1.6724462242718297,-0.6849153964316604,0.5904709003544389
2016-06-30 07:00:00,0.6054585973421733,1.1497103875524701,-0.5442517902102968,0.5266183587599722
2016-06-30 08:00:00,0.8411094987392425,1.2557582580448199,-0.41464875930557743,0.6698020843986534
2016-06-30 09:00:00,1.9521849695841471,1.6733162501603234,0.27886871942382374,1.1666563146070594
2016-06-30 10:00:00,1.8799592005411785,1.4873735576701663,0.39258564287101216,1.263945557487227
2016-06-30 11:00:00,2.224361844380697,2.769795100194686,-0.5454332558139892,0.8030781209138353
2016-06-30 12:00:00,4.086433808644612,3.075504661276862,1.01092914736775,1.3287035003055534
2016-06-30 13:00:00,3.763477656046549,3.617519000070026,0.14595865597652313,1.040347723391003
2016-06-30 14:00:00,6.8926776580810545,4.967046472085932,1.9256311859951225,1.3876813307096854
2016-06-30 15:00:00,4.1961218490600585,3.7783377845773245,0.417784064482734,1.1105735083263528
2016-06-30 16:00:00,3.2537364756266274,4.256247459221761,-1.0025109835951338,0.764461302309138
2016-06-30 17:00:00,1.8968135795593262,2.8763734022662817,-0.9795598227069555,0.6594462242158251
2016-06-30 18:00:00,2.335101327260335,3.181932577782826,-0.8468312505224906,0.7338626039925197
2016-06-30 19:00:00,5.0865318349202475,3.251800876520564,1.8347309583996836,1.56421995936075
2016-06-30 20:00:00,2.298711742401123,3.5308368702564725,-1.2321251278553493,0.6510387839679916
2016-06-30 21:00:00,4.676852228800456,4.661529894813123,0.015322333987333181,1.0032869753778437
2016-06-30 22:00:00,7.595278035481771,5.771429703982413,1.8238483314993577,1.3160132627520114
2016-06-30 23:00:00,9.279868448893229,7.298566504187903,1.9813019447053257,1.2714645325994438
2016-07-01 00:00:00,7.840694997151693,6.704933538184479,1.135761458967214,1.1693919041104692
2016-07-01 01:00:00,8.42284693400065,6.544124808899516,1.8787221251011346,1.287085313921002
2016-07-01 02:00:00,6.025772288004556,6.116590390679579,-0.09081810267502277,0.985152168630842
2016-07-01 03:00:00,4.314588587443033,5.334962988255192,-1.020374400812159,0.8087382418475083
2016-07-01 04:00:00,3.661494054158529,4.504583115222506,-0.8430890610639774,0.8128374947251179
2016-07-01 05:00:00,3.647732564290364,3.8430013772698817,-0.19526881297951748,0.9491884613587521
2016-07-01 06:00:00,3.596849458058675,4.3294637666889795,-0.7326143086303043,0.8307840536125836
2016-07-01 07:00:00,4.276601821899414,4.848872562797647,-0.572270740898233,0.8819785973983093
2016-07-01 08:00:00,4.756577855428059,4.085613690122354,0.6709641653057048,1.1642260419598338
2016-07-01 09:00:00,3.726942919413249,4.354297242695834,-0.6273543232825851,0.8559229450091062
2016-07-01 10:00:00,5.924632883707682,5.078695170065096,0.8459377136425861,1.1665659554896546
2016-07-01 11:00:00,6.933311884562174,6.539265989860029,0.39404589470214546,1.0602584288990788
2016-07-01 12:00:00,7.643685251871746,7.008095018556398,0.635590233315348,1.0906937237055718
2016-07-01 13:00:00,7.784380737304687,7.252173593401515,0.5322071439031726,1.0733858803914191
2016-07-01 14:00:00,7.744775655110677,7.423485787569681,0.32128986754099564,1.0432801889482946
2016-07-01 15:00:00,7.088925994873047,7.739514716439961,-0.6505887215669146,0.9159393391700696
2016-07-01 16:00:00,5.149381210327148,7.2596721195629454,-2.1102909092357978,0.7093131928714649
2016-07-01 17:00:00,6.6033250427246095,7.136219089420284,-0.5328940466956746,0.9253254363384512
2016-07-01 18:00:00,6.7908340911865235,6.772789564708272,0.018044526478251832,1.0026642679956097
2016-07-01 19:00:00,3.9744269892374673,5.517081519131045,-1.5426545298935777,0.7203857647300905
2016-07-01 20:00:00,5.383095494588216,5.111678213878957,0.27141728070925897,1.0530974895822514
2016-07-01 21:00:00,5.502632759094238,5.106481533755917,0.39615122533832103,1.0775781176764472
2016-07-01 22:00:00,2.665286474863688,5.714993572676764,-3.0497070978130765,0.46636736174233917
2016-07-01 23:00:00,4.76579679107666,5.384699501673542,-0.6189027105968821,0.8850627206950862
2016-07-02 00:00:00,4.361673281351725,4.608438208223396,-0.24676492687167162,0.9464536756874945
2016-07-02 01:00:00,5.460046508789063,3.7059036477608798,1.7541428610281828,1.4733374172013463
2016-07-02 02:00:00,4.401860636393229,3.8105197637261354,0.5913408726670935,1.1551864074545168
2016-07-02 03:00:00,4.215271265665691,3.784277410451851,0.4309938552138397,1.113890660875831
2016-07-02 04:00:00,4.436476414998372,3.44266625810736,0.9938101568910125,1.288674556980545
2016-07-02 05:00:00,3.7374536895751955,4.157427247757216,-0.4199735581820203,0.8989823433690677
2016-07-02 06:00:00,5.155798405965169,4.051868110124121,1.1039302958410477,1.2724497110561752
2016-07-02 07:00:00,6.449174947102865,5.546874725054371,0.9023002220484937,1.1626682171084455
2016-07-02 08:00:00,7.119313079833985,6.015613855199902,1.1036992246340827,1.1834724188089374
2016-07-02 09:00:00,7.588818105061849,5.842937454267344,1.745880650794505,1.2988018722533843
2016-07-02 10:00:00,7.868027893066406,5.731920525273992,2.1361073677924143,1.372668699500209
2016-07-02 11:00:00,6.109687545776367,5.856418544720721,0.25326900105564665,1.043246396944077
2016-07-02 12:00:00,6.701723246256511,6.41335886367442,0.28836438258209096,1.044963082327328
2016-07-02 13:00:00,5.969523035685221,6.626472440487989,-0.6569494048027682,0.9008598600985973
2016-07-02 14:00:00,5.966181224187214,7.0213463868757255,-1.0551651626885112,0.8497203948432424
2016-07-02 15:00:00,7.405303782145182,7.354439253025627,0.05086452911955508,1.0069161668714075
2016-07-02 16:00:00,6.253422648111979,6.594095332394279,-0.3406726842822998,0.948336706233423
2016-07-02 17:00:00,6.142185165405273,5.478330554695963,0.6638546107093104,1.1211782684672544
2016-07-02 18:00:00,4.52241200764974,4.7554734649374435,-0.2330614572877039,0.950990903638494
2016-07-02 19:00:00,4.3959779510498045,3.373354029622427,1.0226239214273773,1.3031475239323866
2016-07-02 20:00:00,3.8798602625528975,2.4107311349164475,1.46912912763645,1.6094122676552098
2016-07-02 21:00:00,3.6900730209350585,2.004634992660766,1.6854380282742927,1.8407705315156646
2016-07-02 22:00:00,3.8411756439208986,2.634480249402291,1.2066953945186074,1.4580392640227162
2016-07-02 23:00:00,5.598247433980306,2.8721899314859183,2.7260575024943874,1.9491215997279365
2016-07-03 00:00:00,4.227903462727864,2.8947424339972008,1.3331610287306637,1.4605456475413496
2016-07-03 01:00:00,4.0234660669962565,3.15544695786241,0.8680191091338467,1.2750859452639534
2016-07-03 02:00:00,3.310000457763672,2.9802805620714348,0.32971989569223714,1.1106338443059423
2016-07-03 03:00:00,3.423531234741211,2.7670158780203513,0.6565153567208597,1.2372647594601303
2016-07-03 04:00:00,3.4583275883992517,1.865701378751985,1.5926262096472668,1.8536340422884905
2016-07-03 05:00:00,2.806721178690593,2.2212495644558556,0.5854716142347374,1.263577593262539
2016-07-03 06:00:00,1.367829064687093,1.6649909528847486,-0.29716188819765565,0.8215234216841866
2016-07-03 07:00:00,0.7516209262212118,1.1059341407154106,-0.35431321449419884,0.6796253940899234
2016-07-03 08:00:00,0.5826727034250896,0.9630051887468944,-0.38033248532180486,0.605056660373024
2016-07-03 09:00:00,0.6520852839946747,1.0540616501909152,-0.40197636619624055,0.6186405547308991
2016-07-03 10:00:00,0.7661615953445434,0.5219181048915318,0.24424349045301164,1.4679728259355398
2016-07-03 11:00:00,0.890310495376587,1.1737910035465366,-0.28348050816994963,0.7584914969415928
2016-07-03 12:00:00,1.9504594904581705,1.633638057088289,0.31682143336988156,1.1939361243423574
2016-07-03 13:00:00,1.7847981313069663,1.3206525231002693,0.46414560820669704,1.35145172563416
2016-07-03 14:00:00,1.6177221361796061,1.8140097559461783,-0.19628761976657216,0.8917935148236347
2016-07-03 15:00:00,1.0700302755832671,2.0125526200159047,-0.9425223444326376,0.5316781608298078
2016-07-03 16:00:00,0.7680050226052602,1.6676327428399096,-0.8996277202346494,0.46053606581109663
2016-07-03 17:00:00,0.7028880874315897,1.5127297772306552,-0.8098416897990655,0.46464880774566525
2016-07-03 18:00:00,0.5501138534744581,0.7523518920628345,-0.2022380385883764,0.7311922243807077
2016-07-03 19:00:00,0.004177530705928802,0.4972517797025627,-0.4930742489966339,0.008401238319202486
2016-07-03 20:00:00,0.8200912272930144,0.4469308373658762,0.37316038992713824,1.8349399028415074
2016-07-03 21:00:00,1.2409998075962065,0.9022776558032062,0.33872215179300036,1.3754078909240752
2016-07-03 22:00:00,0.7307894592285158,0.8234705946385587,-0.09268113541004286,0.8874505829188438
2016-07-03 23:00:00,0.2636118567387263,0.9346066547384846,-0.6709947979997584,0.28205647306511894
2016-07-04 00:00:00,0.042171288569768275,0.36769416703503405,-0.3255228784652658,0.114691209027937
2016-07-04 01:00:00,0.0,0.3072123025687848,-0.3072123025687848,0.0
2016-07-04 02:00:00,0.008472829908132553,0.6103593041788258,-0.6018864742706932,0.013881708446358255
2016-07-04 03:00:00,0.0,0.31264753408496143,-0.31264753408496143,0.0
2016-07-04 04:00:00,0.02175054544210434,0.4946972904601069,-0.47294674501800255,0.0439673834111253
2016-07-04 05:00:00,0.05415108879407247,0.13877968437643137,-0.08462859558235891,0.3901946386273005
2016-07-04 06:00:00,0.0,0.13016487489037906,-0.13016487489037906,0.0
2016-07-04 07:00:00,0.019126002381245295,-0.026672930049470314,0.04579893243071561,-0.7170566692812629
2016-07-04 08:00:00,0.45743361874421434,0.3783579055333008,0.07907571321091356,1.2089971216524609
2016-07-04 09:00:00,0.9661474704742432,0.8930623356975048,0.07308513477673839,1.0818365436043802
2016-07-04 10:00:00,1.98872962697347,2.460219419166385,-0.4714897921929151,0.8083545766203758
2016-07-04 11:00:00,2.440699301401774,2.6746108732426315,-0.2339115718408573,0.9125436996533
2016-07-04 12:00:00,2.7298404312133786,2.726621163772985,0.0032192674403934696,1.0011806801337737
2016-07-04 13:00:00,3.942548599243164,2.7103040805937737,1.2322445186493902,1.454651759362525
2016-07-04 14:00:00,3.8777389272054035,3.4834413144220964,0.3942976127833071,1.113191978045056
2016-07-04 15:00:00,4.222763092041016,4.267282138175893,-0.04451904613487656,0.9895673534832391
2016-07-04 16:00:00,4.017082214355469,5.261270318673889,-1.24418810431842,0.7635194489242629
2016-07-04 17:00:00,4.287379384358724,6.097922987074263,-1.8105436027155388,0.7030884767562104
2016-07-04 18:00:00,4.729572397867839,3.7372051894496647,0.9923672084181745,1.2655372552782709
2016-07-04 19:00:00,5.759014221191406,4.21752414233529,1.5414900788561159,1.3654964445568236
2016-07-04 20:00:00,3.993153498331706,4.185912408366732,-0.19275891003502554,0.9539505629287076
2016-07-04 21:00:00,4.731994649251303,4.25402527031009,0.4779693789412125,1.1123569674766816
2016-07-04 22:00:00,6.285794698079426,5.424926327760768,0.8608683703186584,1.1586875688824325
2016-07-04 23:00:00,7.623051503499348,5.222463530627081,2.400587972872267,1.4596658184004627
2016-07-05 00:00:00,5.761776743570963,5.363353463375701,0.39842328019526185,1.0742862246383615
2016-07-05 01:00:00,6.341438308715821,5.363353463375701,0.9780848453401196,1.1823644203237935
2016-07-05 02:00:00,5.387640782674154,5.332914568735837,0.054726213938317336,1.010261970866578
2016-07-05 03:00:00,5.22863301595052,5.466681792347146,-0.23804877639662525,0.9564546126079861
2016-07-05 04:00:00,4.111849899291992,4.992403759377267,-0.8805538600852749,0.8236212649204655
2016-07-05 05:00:00,6.178772237141928,5.141088045612377,1.037684191529551,1.2018413577676723
2016-07-05 06:00:00,6.252622706095378,5.001780584068875,1.2508421220265031,1.2500793669379557
2016-07-05 07:00:00,6.125401631673177,6.067464166714214,0.05793746495896279,1.009548876329061
2016-07-05 08:00:00,5.113941579182944,6.0390899364499955,-0.9251483572670516,0.8468066601089752
2016-07-05 09:00:00,5.182799191792806,6.752047288035553,-1.569248096242747,0.7675892911734471
2016-07-05 10:00:00,5.3593230539957695,4.466679233140328,0.892643820855441,1.1998450692927556
2016-07-05 11:00:00,6.160338694254557,4.635815660922852,1.5245230333317057,1.328857561395834
2016-07-05 12:00:00,5.547045201619467,4.000486530557182,1.546558671062285,1.3865926454817692
2016-07-05 13:00:00,4.576511301676432,3.0750812901456275,1.5014300115308048,1.488257014974619
2016-07-05 14:00:00,4.48549695332845,2.9641493686163916,1.5213475847120588,1.5132492987093276
2016-07-05 15:00:00,3.9870843607584634,3.3416461347382,0.6454382260202634,1.1931497830696636
2016-07-05 16:00:00,4.028249155680339,3.293772375043304,0.7344767806370345,1.2229895381363074
2016-07-05 17:00:00,3.112995646158854,3.375663309490547,-0.26266766333169267,0.9221878371005744
2016-07-05 18:00:00,2.7278943456014,3.13431538528392,-0.40642103968251986,0.870331798264231
2016-07-05 19:00:00,2.271981065114339,2.7357335219071195,-0.46375245679278043,0.8304833226338902
2016-07-05 20:00:00,2.7302997805277505,2.273053144047174,0.4572466364805763,1.2011596770968795
2016-07-05 21:00:00,2.8533045870463054,2.4291398717832013,0.42416471526310406,1.1746151879478763
2016-07-05 22:00:00,2.695772013982137,2.6238496442428816,0.07192236973925548,1.0274110103439287
2016-07-05 23:00:00,2.9171716130574543,2.4151697310964138,0.5020018819610406,1.2078536657269
2016-07-06 00:00:00,2.32726616414388,1.904087838160156,0.42317832598372407,1.222247271109417
2016-07-06 01:00:00,1.9146831779479982,2.111683897176335,-0.19700071922833695,0.9067091814775123
2016-07-06 02:00:00,2.1281171493530278,1.9281538465842412,0.1999633027687866,1.1037071305917965
2016-07-06 03:00:00,3.0001181081136066,2.0751374084149283,0.9249806996986782,1.4457443135802823
2016-07-06 04:00:00,2.825696767171224,1.6788239810020658,1.1468727861691583,1.6831405788500868
2016-07-06 05:00:00,1.6207919642130535,1.5847593220179903,0.03603264219506319,1.02273698074808
2016-07-06 06:00:00,0.6904599727888902,1.0862329533426276,-0.39577298055373744,0.6356463138631187
2016-07-06 07:00:00,0.12291188015354178,0.48754653118593905,-0.3646346510323973,0.2521028707856113
2016-07-06 08:00:00,0.1629893745779991,0.22887969433438277,-0.06589031975638365,0.7121181066411207
2016-07-06 09:00:00,0.30818175681432086,0.28612792422725264,0.022053832587068223,1.077076827250011
2016-07-06 10:00:00,0.5151427678267161,0.42485846220188844,0.09028430562482764,1.212504430668314
2016-07-06 11:00:00,0.5658819709817569,0.719589775994964,-0.15370780501320713,0.7863952349785986
2016-07-06 12:00:00,0.7105108308792113,0.9009863391620595,-0.1904755082828482,0.7885922349721802
2016-07-06 13:00:00,0.5478002251585324,0.7491844903993341,-0.20138426524080166,0.731195362662328
2016-07-06 14:00:00,0.3180861038366954,0.5939651016988905,-0.2758789978621951,0.5355299544146426
2016-07-06 15:00:00,0.5421155644928415,0.9850504215247868,-0.44293485703194535,0.5503429597580252
2016-07-06 16:00:00,0.9398519662221274,1.0896900229359343,-0.1498380567138069,0.862494788829854
2016-07-06 17:00:00,0.6223045620918275,1.0727069814816674,-0.45040241938983994,0.580125395690326
2016-07-06 18:00:00,0.7328829536437989,1.1288588497570877,-0.39597589611328887,0.6492246163472993
2016-07-06 19:00:00,0.7670688638687134,1.1106673327225154,-0.34359846885380196,0.6906378186062619
2016-07-06 20:00:00,1.4897816619873048,1.0586711157693938,0.431110546217911,1.4072185778910191
2016-07-06 21:00:00,1.6504491449991863,1.6031538695118084,0.047295275487377886,1.0295013949607845
2016-07-06 22:00:00,3.349004524230957,2.201006844582058,1.147997679648899,1.5215784232905867
2016-07-06 23:00:00,3.026291969299316,2.3688791086364875,0.6574128606628284,1.2775206460583086
2016-07-07 00:00:00,3.820723210652669,2.371749952584107,1.4489732580685621,1.6109300251022893
2016-07-07 01:00:00,2.8938884760538737,2.4129562460590517,0.480932229994822,1.1993124536676958
2016-07-07 02:00:00,3.839565864562988,1.6870544926444302,2.152511371918558,2.275899137403992
2016-07-07 03:00:00,3.62845603688558,1.8840133939641188,1.744442642921461,1.9259183870508534
2016-07-07 04:00:00,2.7490684865315758,1.861578976047556,0.8874895104840197,1.4767401877132866
2016-07-07 05:00:00,2.440160252888997,2.296719431454704,0.14344082143429304,1.0624546557449728
2016-07-07 06:00:00,2.5085278650919594,2.1804164243861037,0.32811144070585563,1.1504810902340525
2016-07-07 07:00:00,2.7510149052937827,3.1417538810741226,-0.3907389757803399,0.8756303037821819
2016-07-07 08:00:00,1.8699444185892742,4.334526063297253,-2.464581644707979,0.4314068923066566
2016-07-07 09:00:00,3.0876789830525717,3.6281485821450525,-0.5404695990924808,0.8510343259500851
2016-07-07 10:00:00,3.0052739664713544,2.3419999814311487,0.6632739850402056,1.2832083647732961
2016-07-07 11:00:00,4.163071161905925,2.8751528889841507,1.287918272921774,1.4479477518765347
2016-07-07 12:00:00,4.409083562215169,3.1556773023994347,1.2534062598157347,1.3971908847785866
2016-07-07 13:00:00,3.5140576680501305,2.723469125225675,0.7905885428244557,1.2902873160931998
2016-07-07 14:00:00,2.1058393694559734,2.6221911658357504,-0.516351796379777,0.803083847162911
2016-07-07 15:00:00,3.1525510660807297,2.8695276096420534,0.2830234564386762,1.0986306789618172
2016-07-07 16:00:00,3.164281153361003,2.903935151222771,0.260346002138232,1.089652829206123
2016-07-07 17:00:00,3.6790068105061846,2.8799428446090056,0.799063965897179,1.2774582722684775
2016-07-07 18:00:00,2.568720250447591,3.052958122926822,-0.4842378724792309,0.8413873191241157
2016-07-07 19:00:00,2.077361938476563,2.670985951544764,-0.5936240130682009,0.7777509789129072
2016-07-07 20:00:00,1.8319072596232095,1.846671612296713,-0.014764352673503511,0.9920048845852235
2016-07-07 21:00:00,3.694028172810873,1.9662061886483602,1.7278219841625129,1.8787593051725053
2016-07-07 22:00:00,3.36774196879069,2.3605171441742017,1.0072248246164883,1.426696678353867
2016-07-07 23:00:00,3.831284189860026,2.84497662684672,0.9863075630133062,1.3466838896692441
2016-07-08 00:00:00,5.290599146525065,2.6858671878114704,2.604731958713595,1.9697917940745286
2016-07-08 01:00:00,5.1997256825764975,3.084810645770315,2.1149150368061824,1.6855899047502354
2016-07-08 02:00:00,5.5978298797607415,3.6219433100697818,1.9758865696909598,1.5455321634100594
2016-07-08 03:00:00,4.883627375284831,4.102633247300657,0.7809941279841741,1.1903641102938052
2016-07-08 04:00:00,5.887658020019532,4.986776111591496,0.900881908428036,1.1806541718073094
2016-07-08 05:00:00,8.288731994628908,6.003069731992636,2.2856622626362713,1.3807489109205429
2016-07-08 06:00:00,7.83342802174886,6.157599401091622,1.6758286206572377,1.2721561620848778
2016-07-08 07:00:00,6.80297319539388,6.624915487997773,0.17805770739610693,1.0268769779355964
2016-07-08 08:00:00,6.500235575358072,7.157969559138987,-0.6577339837809149,0.908111653961821
2016-07-08 09:00:00,7.822152567545572,7.174504460941517,0.6476481066040556,1.0902707789966395
2016-07-08 10:00:00,8.338702290852865,7.3811031973646495,0.9575990934882155,1.1297365810885989
2016-07-08 11:00:00,8.200884887695313,8.024797402022257,0.17608748567305632,1.0219429197837047
2016-07-08 12:00:00,8.740139119466146,8.14957256429125,0.5905665551748971,1.072465954565834
2016-07-08 13:00:00,9.705251373291015,8.087656085699939,1.617595287591076,1.2000079220048936
2016-07-08 14:00:00,8.807791727701824,8.006706498241218,0.8010852294606057,1.100051779047549
2016-07-08 15:00:00,7.665202311197917,7.1297979268761695,0.5354043843217475,1.0750939072625763
2016-07-08 16:00:00,6.97070225016276,6.548468633096772,0.42223361706598794,1.0644782224247005
2016-07-08 17:00:00,6.158503061930339,5.6447917383969655,0.5137113235333732,1.0910062491834747
2016-07-08 18:00:00,3.623877016703288,4.383100051562033,-0.7592230348587448,0.8267840054008861
2016-07-08 19:00:00,3.097500788370768,3.0606284166565807,0.036872371714187224,1.0120473205808063
2016-07-08 20:00:00,1.9547856906255083,2.0279846313326946,-0.07319894070718624,0.9639055742453613
2016-07-08 21:00:00,1.3706638406117757,1.2323924641268607,0.13827137648491505,1.1121975186556168
2016-07-08 22:00:00,1.0442602884372076,1.020023464647099,0.02423682379010872,1.0237610453387893
2016-07-08 23:00:00,2.157560033162435,2.185211442945372,-0.02765140978293701,0.9873461170669752
2016-07-09 00:00:00,3.038973836263021,1.8972139721214616,1.1417598641415594,1.60180869470661
2016-07-09 01:00:00,2.829102663675944,1.8972139721214616,0.9318886915544826,1.4911879762894884
2016-07-09 02:00:00,1.3780690307617187,1.6898875017681716,-0.3118184710064529,0.8154797460303189
2016-07-09 03:00:00,2.3859221115112303,2.154272515342316,0.23164959616891423,1.1075303122140538
2016-07-09 04:00:00,3.1641102854410805,2.3230201672761086,0.8410901181649719,1.3620675059189022
2016-07-09 05:00:00,3.06660989634196,2.684794450849569,0.381815445492391,1.1422140325757788
2016-07-09 06:00:00,3.56581906636556,3.652077039457586,-0.08625797309202587,0.9763811189741942
2016-07-09 07:00:00,4.758096613566081,5.353144934344466,-0.5950483207783854,0.888841358103215
2016-07-09 08:00:00,6.275809804280598,4.351614971199026,1.9241948330815726,1.4421794772324235
2016-07-09 09:00:00,3.2296152064005534,3.6015995127840625,-0.3719843063835091,0.8967169156195375
2016-07-09 10:00:00,3.002363859812419,4.472549328799999,-1.4701854689875797,0.6712869191803781
2016-07-09 11:00:00,8.502692433675131,5.881927090001704,2.620765343673427,1.4455623647780829
2016-07-09 12:00:00,7.566816986083984,7.919732827900805,-0.352915841816821,0.9554384157286826
2016-07-09 13:00:00,7.779592498779296,7.643068181901978,0.1365243168773178,1.0178625015017653
2016-07-09 14:00:00,8.74006704711914,7.916797646354751,0.8232694007643895,1.1039902038096754
2016-07-09 15:00:00,8.850571848551432,8.35113598066082,0.4994358678906128,1.0598045426451184
2016-07-09 16:00:00,8.755231282552083,7.310078261318459,1.445153021233624,1.1976932352257708
2016-07-09 17:00:00,8.97930879720052,8.238101657425341,0.7412071397751792,1.0899730509039178
2016-07-09 18:00:00,9.563531840006512,7.86227384942553,1.7012579905809817,1.2163824388672606
2016-07-09 19:00:00,9.541251088460285,7.303921032274142,2.237330056186143,1.3063190368981208
2016-07-09 20:00:00,8.983097900390625,6.500637289080109,2.4824606113105157,1.3818795759425924
2016-07-09 21:00:00,6.543119120279949,6.5290225596164175,0.014096560663531044,1.0021590614115383
2016-07-09 22:00:00,8.236668762207032,6.609872034877294,1.6267967273297375,1.2461162211228705
2016-07-09 23:00:00,7.834861938476563,6.778507609208701,1.0563543292678625,1.1558387760504671
2016-07-10 00:00:00,7.592307271321615,6.735668953081798,0.856638318239817,1.1271793973556072
2016-07-10 01:00:00,6.072611404418946,6.483065390584692,-0.4104539861657459,0.9366882853346127
2016-07-10 02:00:00,4.00327924601237,6.384972473330294,-2.3816932273179248,0.6269845739717538
2016-07-10 03:00:00,2.891068120320638,5.497123526791551,-2.606055406470913,0.5259238047372091
2016-07-10 04:00:00,3.150477419535319,5.6632459234957135,-2.5127685039603946,0.5563024212783337
2016-07-10 05:00:00,3.0436498514811197,5.229857939178121,-2.1862080876970014,0.5819756266571617
2016-07-10 06:00:00,3.605700317382813,4.31055426721313,-0.7048539498303166,0.8364818289862245
2016-07-10 07:00:00,4.354604863484701,3.6942672725356624,0.6603375909490383,1.178746566567664
2016-07-10 08:00:00,3.7473869934082034,5.160886013844622,-1.4134990204364186,0.7261131099108645
2016-07-10 09:00:00,4.912603296915691,6.328658909049785,-1.4160556121340937,0.7762471271584603
2016-07-10 10:00:00,7.695879516601563,6.34758930491925,1.348290211682313,1.2124098058198907
2016-07-10 11:00:00,7.423066029866537,7.508658830749562,-0.0855928008830249,0.9886007870629966
2016-07-10 12:00:00,10.009838399251302,7.714890964294013,2.2949474349572894,1.2974698470242474
2016-07-10 13:00:00,9.741852783203125,8.306357347184687,1.4354954360184387,1.1728188875121028
2016-07-10 14:00:00,9.155818888346355,9.085076256903468,0.0707426314428865,1.0077866854875468
2016-07-10 15:00:00,8.789943369547526,9.695344380693301,-0.9054010111457753,0.9066148683744815
2016-07-10 16:00:00,9.63871021525065,8.66412195457919,0.9745882606714602,1.1124855196845846
2016-07-10 17:00:00,8.017586278279623,8.301481117447459,-0.28389483916783576,0.9658019050876155
2016-07-10 18:00:00,7.016283182779948,8.016677364222126,-1.0003941814421777,0.875210871538018
2016-07-10 19:00:00,7.235880071004232,7.1942356806380845,0.0416443903661472,1.0057885774409956
2016-07-10 20:00:00,4.8197085011800125,6.615332353347523,-1.7956238521675107,0.7285663431167022
2016-07-10 21:00:00,2.612710006713867,5.607418939579678,-2.994708932865811,0.4659380786179873
2016-07-10 22:00:00,5.910799809773763,6.667492437867801,-0.7566926280940383,0.8865101632817117
2016-07-10 23:00:00,6.0758589731852215,7.299330468334017,-1.2234714951487957,0.8323857920316851
2016-07-11 00:00:00,7.150915018717448,7.110914009046328,0.04000100967112008,1.0056252979040714
2016-07-11 01:00:00,8.157541971842448,7.176362799995515,0.9811791718469332,1.1367237414261646
2016-07-11 02:00:00,8.654841827392579,7.326054431550356,1.3287873958422223,1.1813783132868454
2016-07-11 03:00:00,9.341952657063802,7.436940593612051,1.9050120634517507,1.256155342304073
2016-07-11 04:00:00,8.244838755289713,7.388089013289492,0.856749742000221,1.1159636464123703
2016-07-11 05:00:00,8.06852040608724,7.456517932297065,0.6120024737901746,1.0820761754141777
2016-07-11 06:00:00,9.162902526855468,7.565235121849148,1.5976674050063204,1.2111854263976674
2016-07-11 07:00:00,9.53737636311849,7.4347663491564555,2.1026100139620345,1.2828078133485117
2016-07-11 08:00:00,9.799661499023438,8.703470899348519,1.0961905996749195,1.1259486717829978
2016-07-11 09:00:00,9.539196858723958,9.564720682173832,-0.025523823449873362,0.9973314617020188
2016-07-11 10:00:00,8.409706319173177,8.14885145711764,0.26085486205553643,1.0320112427411707
2016-07-11 11:00:00,8.323635915120443,8.121845612110551,0.20179030300989176,1.0248453753798275
2016-07-11 12:00:00,8.358749460856119,6.336184627672887,2.0225648331832318,1.319208632960253
2016-07-11 13:00:00,9.627983164469402,7.055641913995116,2.5723412504742864,1.3645793369093684
2016-07-11 14:00:00,9.51812040201823,6.979749594848522,2.5383708071697075,1.3636764861941721
2016-07-11 15:00:00,6.99216542561849,6.9662716153641675,0.025893810254322247,1.0037170256464323
2016-07-11 16:00:00,8.353055185953776,5.953288286600382,2.399766899353394,1.4030993937845697
2016-07-11 17:00:00,6.0673740793863935,4.640804592403996,1.4265694869823973,1.3073970167408873
2016-07-11 18:00:00,3.668479326883952,3.2494128716995454,0.41906645518440655,1.1289668231557233
2016-07-11 19:00:00,2.8445102704366043,3.536410153343157,-0.6918998829065526,0.8043496503785166
2016-07-11 20:00:00,1.0381691811879477,2.156826144801016,-1.1186569636130685,0.48134115199337346
2016-07-11 21:00:00,1.4275633878707887,1.9216733362087242,-0.4941099483379354,0.7428751603991308
2016-07-11 22:00:00,2.125826545715332,2.0607389475398152,0.06508759817551679,1.0315845916598125
2016-07-11 23:00:00,3.3441455434163414,2.097952594087373,1.2461929493289685,1.5940043415857417
2016-07-12 00:00:00,1.9765009524027508,1.9917523194519173,-0.01525136704916652,0.9923427391547542
2016-07-12 01:00:00,2.178170538584391,2.020423364325087,0.15774717425930396,1.0780762968022788
2016-07-12 02:00:00,1.1052486808300017,1.8094230025683355,-0.7041743217383338,0.6108293523743132
2016-07-12 03:00:00,2.016848128636678,1.661180054699519,0.35566807393715916,1.2141056732116218
2016-07-12 04:00:00,2.373195947011312,1.609931760427144,0.7632641865841681,1.4740972290537708
2016-07-12 05:00:00,0.6576718047857285,1.3783673521559066,-0.720695547370178,0.4771382634368574
2016-07-12 06:00:00,0.10110251353184382,1.0365574315025694,-0.9354549179707256,0.09753681798922419
2016-07-12 07:00:00,0.09319072874387105,0.5541809790659687,-0.4609902503220977,0.16815937800849312
2016-07-12 08:00:00,0.0,0.34467079213657503,-0.34467079213657503,0.0
2016-07-12 09:00:00,0.0,0.0649936758350676,-0.0649936758350676,0.0
2016-07-12 10:00:00,0.0604176543354988,-0.0131064710757066,0.0735241254112054,-4.609757575972184
2016-07-12 11:00:00,0.5981157979567846,0.04884911339570361,0.549266684561081,12.244148488668174
2016-07-12 12:00:00,1.9352058149973552,0.5542774993513497,1.3809283156460055,3.491402442390417
2016-07-12 13:00:00,1.8004957777659099,0.8851002936749826,0.9153954840909273,2.0342279746515026
2016-07-12 14:00:00,1.856385643641154,1.1371449036762178,0.7192407399649363,1.632496999845613
2016-07-12 15:00:00,2.1039413795471194,1.9348748415779176,0.1690665379692018,1.0873785396017273
2016-07-12 16:00:00,2.532275960286458,2.4569269527920174,0.07534900749444073,1.0306679884840757
2016-07-12 17:00:00,1.8188466650644939,1.8575280733538957,-0.03868140828940181,0.9791758688095842
2016-07-12 18:00:00,2.0104213008880616,1.6938971146034831,0.31652418628457846,1.186861518067272
2016-07-12 19:00:00,1.1804693884849549,1.471915127075316,-0.29144573859036105,0.8019955544791081
2016-07-12 20:00:00,1.5396798324584962,1.6864844435157536,-0.1468046110572574,0.9129522886370544
2016-07-12 21:00:00,1.382147020657857,1.644826318783547,-0.26267929812569,0.8402996747279932
2016-07-12 22:00:00,1.1500399732589721,1.9487748050744556,-0.7987348318154834,0.590134873595635
2016-07-12 23:00:00,1.2659517262776694,2.446697315672933,-1.1807455893952636,0.5174124801495871
2016-07-13 00:00:00,1.4426410973866781,2.1624748856048632,-0.7198337882181851,0.667125018186354
2016-07-13 01:00:00,1.297046587149302,2.1511882002127938,-0.8541416130634918,0.6029442644864821
2016-07-13 02:00:00,2.643076751708984,2.1856522784940995,0.45742447321488466,1.2092851080273608
2016-07-13 03:00:00,2.587337448120117,2.201695455018645,0.38564199310147185,1.1751568284443799
2016-07-13 04:00:00,2.8901621780395508,2.0871274667103092,0.8030347113292415,1.3847559500498403
2016-07-13 05:00:00,3.24802591196696,2.2330616459144434,1.0149642660525164,1.4545169041389747
2016-07-13 06:00:00,1.565393928527832,1.790390971790934,-0.2249970432631021,0.8743307764571462
2016-07-13 07:00:00,1.1678306058247885,1.8455435494781067,-0.6777129436533182,0.6327840955880094
2016-07-13 08:00:00,2.1069242000579833,1.8174319338775164,0.28949226618046686,1.1592864419207332
2016-07-13 09:00:00,2.3919610595703125,2.1720491266139663,0.21991193295634615,1.1012462979136985
2016-07-13 10:00:00,3.5241043701171875,1.5479266374629055,1.976177732654282,2.2766611057829538
2016-07-13 11:00:00,1.6544112408955893,1.9610568628569545,-0.30664562196136513,0.8436324678955865
2016-07-13 12:00:00,4.303580019632975,2.274147275098927,2.0294327445340485,1.8923928396175516
2016-07-13 13:00:00,0.40746806228160853,2.626006467482142,-2.2185384052005337,0.15516643516582637
2016-07-13 14:00:00,0.715122856815656,2.9497985673032936,-2.234675710487638,0.24243108147869957
2016-07-13 15:00:00,1.0528970913887024,3.2242380973943567,-2.1713410060056546,0.32655686695085984
2016-07-13 16:00:00,2.6361437238057452,3.2565407164962448,-0.6203969926904995,0.8094920203061385
2016-07-13 17:00:00,3.7081278368631994,2.574964723899511,1.1331631129636883,1.4400693735515075
2016-07-13 18:00:00,3.413731327056885,2.5951721810724653,0.8185591459844197,1.3154161222729148
2016-07-13 19:00:00,1.997568172454834,3.054342911856432,-1.0567747394015978,0.6540091371864696
2016-07-13 20:00:00,2.097542984008789,2.3676403753387136,-0.2700973913299247,0.8859212766671608
2016-07-13 21:00:00,3.032900077819824,2.6761699674491375,0.3567301103706866,1.1332987495972513
2016-07-13 22:00:00,5.460521814982096,2.695283856600674,2.765237958381422,2.0259542614071733
2016-07-13 23:00:00,3.0512650985717773,3.247912795340062,-0.19664769676828486,0.9394541328047893
2016-07-14 00:00:00,2.5513718516031902,2.3569545033755834,0.1944173482276068,1.0824866784442237
2016-07-14 01:00:00,3.1147799110412597,2.3765506675080394,0.7382292435332203,1.3106305510865877
2016-07-14 02:00:00,3.865315247297287,2.396413515688656,1.4689017316086308,1.6129583738332878
2016-07-14 03:00:00,3.993427978515625,2.4111893046524577,1.5822386738631673,1.656206740304543
2016-07-14 04:00:00,3.4893751220703124,2.2574581996287546,1.2319169224415578,1.5457097379008613
2016-07-14 05:00:00,1.809927468617757,2.4778177530087095,-0.6678902843909524,0.7304522160356783
2016-07-14 06:00:00,1.5913050765991212,2.5965607839130045,-1.0052557073138833,0.6128510784180574
2016-07-14 07:00:00,1.9461823018391924,2.6115875374129964,-0.665405235573804,0.7452104415259442
2016-07-14 08:00:00,1.7393673731486001,1.677284672485275,0.06208270066332511,1.0370138126710093
2016-07-14 09:00:00,1.331870864868164,1.7118326150642906,-0.37996175019612655,0.7780380237808143
2016-07-14 10:00:00,1.2998504994710287,0.6686178144055986,0.6312326850654301,1.9440859508456203
2016-07-14 11:00:00,0.9998177102406821,0.4960481883116513,0.5037695219290308,2.01556569260672
2016-07-14 12:00:00,0.8664384717941284,0.7840753147030234,0.08236315709110498,1.1050449562007967
2016-07-14 13:00:00,1.1472346521615984,0.5586136926888228,0.5886209594727756,2.0537173849776513
2016-07-14 14:00:00,1.0388613535563151,1.2354051576204863,-0.19654380406417116,0.8409074117492482
2016-07-14 15:00:00,1.3121261393229167,1.618881800115849,-0.30675566079293226,0.8105138616228927
2016-07-14 16:00:00,1.2637713254292806,1.8088109552078044,-0.5450396297785238,0.6986751831587026
2016-07-14 17:00:00,1.2809788138071696,1.773965475270799,-0.49298666146362935,0.7220990665625135
2016-07-14 18:00:00,0.7209254462122919,1.4008548454735554,-0.6799293992612635,0.5146325106714286
2016-07-14 19:00:00,0.6961153042912482,1.768904066443577,-1.0727887621523287,0.3935291446815453
2016-07-14 20:00:00,1.948960984547933,1.660497561633663,0.28846342291426996,1.173721075886717
2016-07-14 21:00:00,2.1090671106974286,1.4020763605175226,0.706990750179906,1.504245539036795
2016-07-14 22:00:00,1.662438861211141,1.0571306783847294,0.6053081828264115,1.5725954181476485
2016-07-14 23:00:00,1.0791459564367931,1.0435675601309395,0.03557839630585358,1.034093045496153
2016-07-15 00:00:00,1.1311436150868732,0.9786854998629988,0.15245811522387442,1.1557784551270212
2016-07-15 01:00:00,0.7751193052927654,1.1049324412840984,-0.329813135991333,0.7015083242482768
2016-07-15 02:00:00,1.3994517517089844,1.1279059063425227,0.27154584536646165,1.2407522150912458
2016-07-15 03:00:00,1.8422008247375488,1.1367699134385867,0.7054309112989621,1.620557337909412
2016-07-15 04:00:00,0.9165886880556743,1.3025078969388726,-0.3859192088831983,0.703710657117567
2016-07-15 05:00:00,0.5313394510348638,1.6466475730198553,-1.1153081219849916,0.32267952155689167
2016-07-15 06:00:00,0.34547130358219147,1.5545329280061178,-1.2090616244239263,0.22223479307402094
2016-07-15 07:00:00,0.5391089746157328,1.1912862592344253,-0.6521772846186925,0.4525436018729778
2016-07-15 08:00:00,1.1263322016398112,1.304439328611772,-0.17810712697196074,0.8634607811453306
2016-07-15 09:00:00,1.6140129826863605,1.3464052622073779,0.2676077204789826,1.1987571855150436
2016-07-15 10:00:00,2.3313828023274743,1.9200319246086752,0.4113508777187991,1.2142416865295806
2016-07-15 11:00:00,2.790289019266764,2.9108824295457545,-0.12059341027899029,0.958571528325928
2016-07-15 12:00:00,3.373735975901286,5.267567723123429,-1.8938317472221433,0.6404732038073947
2016-07-15 13:00:00,5.651567296346029,5.8967260802635835,-0.24515878391755486,0.9584245934811005
2016-07-15 14:00:00,6.814941650390625,7.287160946528339,-0.4722192961377143,0.935198453883102
2016-07-15 15:00:00,7.934332631429036,8.117529312917938,-0.18319668148890234,0.9774319655122933
2016-07-15 16:00:00,7.2858078613281245,7.886838181961376,-0.6010303206332512,0.9237932480968208
2016-07-15 17:00:00,3.7953846689860025,6.185174520573248,-2.389789851587245,0.6136261242688821
2016-07-15 18:00:00,3.359378168741862,5.832456632411997,-2.4730784636701353,0.5759799652985332
2016-07-15 19:00:00,3.3348562444051106,5.07776672207983,-1.7429104776747195,0.6567564890100286
2016-07-15 20:00:00,4.398931566874187,4.440828358464566,-0.0418967915903794,0.9905655458377443
2016-07-15 21:00:00,4.526326070149739,4.69899783085792,-0.17267176070818024,0.9632534921437377
2016-07-15 22:00:00,5.197783055623373,4.89492321859496,0.30285983702841257,1.061872234456692
2016-07-15 23:00:00,5.658325907389322,5.9245236976261255,-0.2661977902368031,0.9550684909331252
2016-07-16 00:00:00,6.206049163818359,5.845746623838246,0.36030253998011297,1.0616349909027605
2016-07-16 01:00:00,5.281189137776693,5.819723818225703,-0.5385346804490103,0.907463876762936
2016-07-16 02:00:00,5.216072003682455,5.801059020573736,-0.5849870168912812,0.8991585821111979
2016-07-16 03:00:00,5.79718559730053,5.300885665835837,0.49629993146469253,1.0936258509900225
2016-07-16 04:00:00,7.631316864013672,4.833264301651067,2.7980525623626056,1.5789156950110874
2016-07-16 05:00:00,6.955011672973634,4.171751679035436,2.7832599939381977,1.6671681845122968
2016-07-16 06:00:00,3.2859172159830727,3.373006637500973,-0.08708942151790033,0.974180477278152
2016-07-16 07:00:00,3.776040990193685,5.26427294116597,-1.4882319509722852,0.7172958226891137
2016-07-16 08:00:00,3.6652428385416664,5.169474408687387,-1.5042315701457207,0.7090165360683797
2016-07-16 09:00:00,3.3964083137512207,5.15956154531443,-1.7631532315632095,0.6582746002585457
2016-07-16 10:00:00,5.720199834187826,3.4838269183733974,2.236372915814429,1.6419299718995781
2016-07-16 11:00:00,6.468638254801432,4.438931884176618,2.0297063706248135,1.4572510738135163
2016-07-16 12:00:00,8.250201131184896,6.114866671435344,2.1353344597495525,1.3492037642822923
2016-07-16 13:00:00,8.017347462972005,6.162459149998579,1.8548883129734257,1.300998070384589
2016-07-16 14:00:00,6.571738408406576,5.916835936625588,0.6549024717809884,1.1106845751336623
2016-07-16 15:00:00,6.991071563720703,7.197556941982444,-0.20648537826174085,0.9713117409245715
2016-07-16 16:00:00,5.72655158996582,5.89260943877778,-0.16605784881195973,0.9718193016969401
2016-07-16 17:00:00,4.931562774658204,5.798661474081646,-0.8670986994234422,0.8504657146655095
2016-07-16 18:00:00,4.725133656819661,4.572961892201098,0.1521717646185632,1.0332764121385054
2016-07-16 19:00:00,4.88263953145345,4.850407301539973,0.032232229913477184,1.0066452625335698
2016-07-16 20:00:00,3.584975705464681,3.562280427230988,0.022695278233693106,1.0063709970894499
2016-07-16 21:00:00,3.0046621424357096,3.0469499480565547,-0.04228780562084511,0.9861212667284484
2016-07-16 22:00:00,2.965807240804036,2.454938694924624,0.5108685458794122,1.2080982905746647
2016-07-16 23:00:00,2.4221600723266605,2.3444813290994424,0.07767874322721813,1.0331325919567276
2016-07-17 00:00:00,1.782652489980062,1.842681054556587,-0.060028564576525056,0.9674232475402695
2016-07-17 01:00:00,2.41982276280721,1.8946053558872016,0.5252174069200086,1.2772173135096312
2016-07-17 02:00:00,2.721981409708659,2.127920145327921,0.5940612643807381,1.279174604218614
2016-07-17 03:00:00,1.9424189147949218,2.328410554186219,-0.3859916393912972,0.8342252663743823
2016-07-17 04:00:00,1.2609268951416015,1.7741076160720253,-0.5131807209304238,0.7107386743163671
2016-07-17 05:00:00,1.0110561803181966,1.7157412010245903,-0.7046850207063937,0.5892824510563851
2016-07-17 06:00:00,0.8979282519022623,1.6194460408411686,-0.7215177889389063,0.5544662985102379
2016-07-17 07:00:00,1.845868771870931,1.4886652582769369,0.35720351359399416,1.2399488478742637
2016-07-17 08:00:00,2.6787330691019697,1.4941952100926965,1.1845378590092732,1.7927597753012388
2016-07-17 09:00:00,2.5049610087076823,1.4825928958188253,1.022368112888857,1.689581149196193
2016-07-17 10:00:00,1.7985776875813804,1.5233707306133528,0.27520695696802755,1.1806565870260757
2016-07-17 11:00:00,1.3900861015319823,2.741240848049547,-1.3511547465175646,0.5071010460540376
2016-07-17 12:00:00,2.9115311228434244,2.7493897257579825,0.16214139708544195,1.0589735953278654
2016-07-17 13:00:00,3.9323496678670247,2.6031823538378087,1.329167314029216,1.5105932406424225
2016-07-17 14:00:00,3.1351418355305993,2.9431668721432023,0.19197496338739706,1.0652273458241264
2016-07-17 15:00:00,3.0994825642903647,3.171192929422123,-0.0717103651317581,0.977386943422321
2016-07-17 16:00:00,2.8238105723063156,2.739353061186148,0.08445751112016753,1.0308311886908061
2016-07-17 17:00:00,2.071648495992025,2.0654719261712167,0.006176569820808275,1.0029903915625993
2016-07-17 18:00:00,0.9444121319452922,1.4956882279415846,-0.5512760959962925,0.6314231230161003
2016-07-17 19:00:00,0.3352288922170798,1.3415513813295104,-1.0063224891124305,0.24988151544733214
2016-07-17 20:00:00,0.170728546500206,1.1756619039401173,-1.0049333574399113,0.14521908545988074
2016-07-17 21:00:00,0.8897458740671477,1.3152551285114376,-0.4255092544442899,0.6764815850398035
2016-07-17 22:00:00,2.256560852368673,1.0659726629281878,1.190588189440485,2.1169031166052448
2016-07-17 23:00:00,1.877790475209554,1.0809000137542493,0.7968904614553047,1.737247156365088
2016-07-18 00:00:00,1.292021053314209,0.7104154419608515,0.5816056113533574,1.8186837968330758
2016-07-18 01:00:00,1.2103452828725179,0.8334298967928612,0.3769153860796567,1.4522460587627977
2016-07-18 02:00:00,1.04124081103007,0.9563665102511862,0.0848743007788837,1.0887466257644172
2016-07-18 03:00:00,1.2808649106025696,1.0803435508586827,0.20052135974388685,1.1856088830118046
2016-07-18 04:00:00,1.4226872564951578,0.8734833517548473,0.5492039047403106,1.628751427988808
2016-07-18 05:00:00,0.8182968295017878,0.7750902252558285,0.043206604245959346,1.0557439673964388
2016-07-18 06:00:00,0.276222045858701,0.6893625359499973,-0.4131404900912963,0.40069198927099325
2016-07-18 07:00:00,0.013964036551614604,0.48979883619860426,-0.47583479964698966,0.02850973812022789
2016-07-18 08:00:00,0.0,0.37056868323374964,-0.37056868323374964,0.0
2016-07-18 09:00:00,0.0,0.23596215869842796,-0.23596215869842796,0.0
2016-07-18 10:00:00,0.0006790891885757447,0.1462966970249397,-0.14561760783636396,0.004641862751419317
2016-07-18 11:00:00,0.0,0.1959653760645877,-0.1959653760645877,0.0
2016-07-18 12:00:00,0.0,0.2845107089865561,-0.2845107089865561,0.0
2016-07-18 13:00:00,9.316595395406087e-05,0.055966504619108924,-0.05587333866515486,0.001664673443305422
2016-07-18 14:00:00,0.0,0.025358788166359898,-0.025358788166359898,0.0
2016-07-18 15:00:00,0.0,0.2162059904886482,-0.2162059904886482,0.0
2016-07-18 16:00:00,0.0,0.2329132261087286,-0.2329132261087286,0.0
2016-07-18 17:00:00,0.0,0.25776569612323547,-0.25776569612323547,0.0
2016-07-18 18:00:00,0.0,0.47245786340025764,-0.47245786340025764,0.0
2016-07-18 19:00:00,0.0,0.4732110821171014,-0.4732110821171014,0.0
2016-07-18 20:00:00,0.0,0.41508885712506105,-0.41508885712506105,0.0
2016-07-18 21:00:00,0.0,0.8035436217044462,-0.8035436217044462,0.0
2016-07-18 22:00:00,0.0,0.8631164535244057,-0.8631164535244057,0.0
2016-07-18 23:00:00,0.08860085252920787,0.9303527816305486,-0.8417519291013407,0.09523360845326312
2016-07-19 00:00:00,0.592471646785736,1.031123275455504,-0.4386516286697679,0.574588568494886
2016-07-19 01:00:00,0.9527152976989746,1.0455161248666542,-0.09280082716767968,0.9112392195964308
2016-07-19 02:00:00,0.6805644806424777,0.948780047878103,-0.26821556723562534,0.7173047980556975
2016-07-19 03:00:00,1.2068159217834473,0.7459041522219453,0.46091176956150204,1.6179235873516853
2016-07-19 04:00:00,1.137155911127726,0.844078461294804,0.29307744983292205,1.3472158848637668
2016-07-19 05:00:00,1.2107584403355915,0.7042646054021516,0.5064938349334399,1.7191811586842705
2016-07-19 06:00:00,1.6147493419647216,0.8952959857434232,0.7194533562212985,1.8035927421520705
2016-07-19 07:00:00,0.3422141932323575,0.25686747520611236,0.08534671802624516,1.3322597302665988
2016-07-19 08:00:00,0.3939600803852081,0.42572242692062884,-0.03176234653542076,0.9253918879370138
2016-07-19 09:00:00,0.2890581559042136,0.8314442727599778,-0.5423861168557642,0.34765788324536234
2016-07-19 10:00:00,0.5599811382790406,1.0382156857340106,-0.47823454745496996,0.5393687901017775
2016-07-19 11:00:00,1.1016390539805094,1.647389242389983,-0.5457501884094735,0.6687181302594185
2016-07-19 12:00:00,1.2597180163065593,1.7479493182325456,-0.4882313019259863,0.7206833763237107
2016-07-19 13:00:00,1.7007542406717935,2.2641489870167764,-0.5633947463449829,0.7511671053558595
2016-07-19 14:00:00,2.5971569417317713,2.7557555452103175,-0.15859860347854626,0.9424482321176125
2016-07-19 15:00:00,2.7453460820515954,3.656149222929066,-0.9108031408774706,0.7508845822907099
2016-07-19 16:00:00,3.2081932576497394,3.800369009020801,-0.5921757513710615,0.8441794073245427
2016-07-19 17:00:00,3.557277216593424,3.3213011780364323,0.23597603855699179,1.0710492743378672
2016-07-19 18:00:00,3.4955805104573567,3.0459768428973946,0.4496036675599622,1.1476057405388185
2016-07-19 19:00:00,2.326625988006592,3.31025752393342,-0.9836315359268282,0.7028534702164121
2016-07-19 20:00:00,3.251489247639974,3.2778619102114894,-0.02637266257151527,0.9919543094572237
2016-07-19 21:00:00,3.5678633982340493,3.289805631478052,0.27805776675599736,1.0845210319100436
2016-07-19 22:00:00,2.164243798573812,2.737870348758353,-0.573626550184541,0.7904843995097557
2016-07-19 23:00:00,1.8426421445210777,2.955069162808657,-1.1124270182875795,0.6235529671223434
2016-07-20 00:00:00,1.8400693807601927,2.4610807890878483,-0.6210114083276557,0.7476671992723077
2016-07-20 01:00:00,2.9921219838460287,2.080978555526481,0.9111434283195479,1.4378437374569828
2016-07-20 02:00:00,2.0204413064320885,2.072135503402652,-0.05169419697056332,0.9750526947269248
2016-07-20 03:00:00,2.578815012613932,2.690463694893041,-0.11164868227910896,0.9585020669518651
2016-07-20 04:00:00,3.398220380147298,3.4869978646254056,-0.08877748447810774,0.9745404247651741
2016-07-20 05:00:00,3.091585708618164,4.643096477116974,-1.5515107684988103,0.6658456751555191
2016-07-20 06:00:00,2.8191964314778644,5.095156407781015,-2.275959976303151,0.5533091049320012
2016-07-20 07:00:00,1.4583405780792238,1.8650100141957817,-0.4066694361165579,0.7819478538875732
2016-07-20 08:00:00,2.063703727722168,1.7428719739203524,0.3208317538018157,1.1840822266939943
2016-07-20 09:00:00,5.332956212361653,2.8890298973722808,2.443926314989372,1.845933203118544
2016-07-20 10:00:00,3.2973782857259115,1.7100494660619152,1.5873288196639963,1.9282356160839411
2016-07-20 11:00:00,5.263683507283529,4.159468248603754,1.1042152586797753,1.2654702939613585
2016-07-20 12:00:00,6.937926869710287,5.37951974647598,1.558407123234307,1.2896926113627876
2016-07-20 13:00:00,4.557467341105143,4.804422877573064,-0.24695553646792057,0.9485982931226343
2016-07-20 14:00:00,2.9330383275349936,4.169056599349739,-1.2360182718147454,0.7035256676516383
2016-07-20 15:00:00,2.771818851470947,4.211289147784098,-1.4394702963131505,0.6581877316425605
2016-07-20 16:00:00,4.763863390604655,3.123011580565248,1.6408518100394072,1.5254068925810458
2016-07-20 17:00:00,5.485147989908853,2.7654273168596717,2.7197206730491814,1.9834721225425684
2016-07-20 18:00:00,1.3408808695475258,2.164660714602138,-0.8237798450546121,0.6194415875441146
2016-07-20 19:00:00,0.7360363974571229,2.025103527695811,-1.2890671302386882,0.36345618255605655
2016-07-20 20:00:00,0.23852259536584217,2.40051639156946,-2.161993796203618,0.09936303547167026
2016-07-20 21:00:00,1.7424661699930826,2.4223369442469114,-0.6798707742538288,0.7193326981745737
2016-07-20 22:00:00,2.790636033376058,1.670156122135454,1.120479911240604,1.67088333622845
2016-07-20 23:00:00,1.8289915186564127,2.1855382512024697,-0.35654673254605695,0.8368609049281626
2016-07-21 00:00:00,1.5630664037068684,1.882834402122346,-0.31976799841547754,0.8301666901480914
2016-07-21 01:00:00,1.3630413697560626,1.8599707189930568,-0.49692934923699417,0.7328294772801479
2016-07-21 02:00:00,0.5455534285008907,1.8272072314842618,-1.281653802983371,0.2985722796520082
2016-07-21 03:00:00,0.6608211774677037,1.7929751289317857,-1.132153951464082,0.3685612626770825
2016-07-21 04:00:00,1.3279942200779913,1.2616163597618126,0.06637786031617865,1.052613347791963
2016-07-21 05:00:00,1.488645352681478,1.0643081398645047,0.42433721281697334,1.3986977050377487
2016-07-21 06:00:00,0.6894378433227539,0.8671689764467057,-0.17773113312395172,0.7950444054719078
2016-07-21 09:00:00,0.10169163322448732,0.26583086286911284,-0.16413922964462552,0.3825426142281953
2016-07-21 10:00:00,0.0010123481253782908,0.09311162956438807,-0.09209928143900978,0.010872413361407634
2016-07-21 11:00:00,0.0,0.120970069715384,-0.120970069715384,0.0
2016-07-21 12:00:00,0.0,0.2912739442769464,-0.2912739442769464,0.0
2016-07-21 13:00:00,0.0,0.21916338998630835,-0.21916338998630835,0.0
2016-07-21 14:00:00,0.10101235391696295,0.026426424113628805,0.07458592980333414,3.8223996361606947
2016-07-21 15:00:00,0.012505963409940403,0.34264275360425983,-0.3301367901943194,0.036498549227701876
2016-07-21 16:00:00,0.0,0.5991757307713991,-0.5991757307713991,0.0
2016-07-21 17:00:00,0.0,0.6763849917252907,-0.6763849917252907,0.0
2016-07-21 18:00:00,0.012107657929261526,0.7795049130710802,-0.7673972551418187,0.015532497263628502
2016-07-21 19:00:00,1.0046871982614198,0.7748114936836789,0.22987570457774098,1.2966859764622813
2016-07-21 20:00:00,1.9425353164672854,0.3877491423436615,1.554786174123624,5.009773341408501
2016-07-21 21:00:00,2.7983394711812335,0.6157849356641841,2.1825545355170495,4.544345451002226
2016-07-21 22:00:00,2.362022861480713,1.0686812164012345,1.2933416450794786,2.210222117906015
2016-07-21 23:00:00,1.292584517319997,0.6829027716896157,0.6096817456303814,1.8927797204892385
2016-07-22 00:00:00,0.1324285404384136,0.48208645829302604,-0.3496579178546124,0.27469873538310363
2016-07-22 01:00:00,0.01113580463329951,0.4648148241976762,-0.45367901956437673,0.023957507492410955
2016-07-22 02:00:00,0.0,0.4326673615689653,-0.4326673615689653,0.0
2016-07-22 03:00:00,0.0,0.33858966020491693,-0.33858966020491693,0.0
2016-07-22 04:00:00,0.0,0.27669179826552853,-0.27669179826552853,0.0
2016-07-22 05:00:00,0.0,0.13202134140753086,-0.13202134140753086,0.0
2016-07-22 06:00:00,0.0,0.1199414939144525,-0.1199414939144525,0.0
2016-07-22 07:00:00,0.0,-0.08019109203869694,0.08019109203869694,-0.0
2016-07-22 08:00:00,0.0,-0.12017215500735998,0.12017215500735998,-0.0
2016-07-22 09:00:00,0.0,-0.014053665427162139,0.014053665427162139,-0.0
2016-07-22 10:00:00,0.0,-0.02779808833523253,0.02779808833523253,-0.0
2016-07-22 11:00:00,0.0,0.1748215420513275,-0.1748215420513275,0.0
2016-07-22 12:00:00,0.0,0.15209627425849775,-0.15209627425849775,0.0
2016-07-22 13:00:00,0.0,-0.015828902135248814,0.015828902135248814,-0.0
2016-07-22 14:00:00,0.0,0.01810917428599011,-0.01810917428599011,0.0
2016-07-22 15:00:00,0.009859525792300702,0.16802816244768737,-0.15816863665538666,0.058677817150861795
2016-07-22 16:00:00,0.14515618832906088,0.2659646435541506,-0.12080845522508973,0.5457724996424458
2016-07-22 17:00:00,0.36697793773810067,0.2198923507821401,0.14708558695596058,1.6688981514490546
2016-07-22 18:00:00,0.2519322279989719,0.370891472080634,-0.11895924408166209,0.6792613121722043
2016-07-22 19:00:00,0.2556427855292956,0.5101035772152069,-0.25446079168591135,0.5011585821940684
2016-07-22 20:00:00,0.5846604451561968,0.5248038248911986,0.05985662026499816,1.114055228689325
2016-07-22 21:00:00,0.4398706514239311,0.6930514806490559,-0.25318082922512475,0.6346868359793184
2016-07-22 22:00:00,0.2075093166232109,0.6928769917138677,-0.4853676750906568,0.29948940303231264
2016-07-22 23:00:00,0.0,0.5516127397421965,-0.5516127397421965,0.0
2016-07-23 00:00:00,0.000916506697734197,0.17139973316457782,-0.17048322646684363,0.005347188591327434
2016-07-23 01:00:00,0.0486804338991642,0.435722405993891,-0.3870419720947268,0.1117235038398432
2016-07-23 02:00:00,0.2590484662652016,0.48176970636839694,-0.22272124010319533,0.5377018580473258
2016-07-23 03:00:00,0.3997196378906568,0.45035250773014307,-0.05063286983948628,0.8875705831090295
2016-07-23 04:00:00,1.0954405868649484,0.31015709424065513,0.7852834926242933,3.531889507627967
2016-07-23 05:00:00,0.2606881312131882,0.20338694337045427,0.057301187842733914,1.2817348394796615
2016-07-23 06:00:00,0.0,0.1330807637073289,-0.1330807637073289,0.0
2016-07-23 07:00:00,0.0,-0.059063910437823865,0.059063910437823865,-0.0
2016-07-23 08:00:00,0.0,-0.07697830441011227,0.07697830441011227,-0.0
2016-07-23 09:00:00,0.0,-0.10177429590998867,0.10177429590998867,-0.0
2016-07-23 10:00:00,0.0008555944065252939,0.13385962285881986,-0.13300402845229456,0.0063917287995625014
2016-07-23 11:00:00,0.1260378147525092,0.20820219872282894,-0.08216438397031975,0.6053625539291166
2016-07-23 12:00:00,0.08754196190834046,0.33206979422805133,-0.24452783231971087,0.26362518792727163
2016-07-23 13:00:00,0.12686361566185952,0.24371902272245047,-0.11685540706059094,0.5205322680385642
2016-07-23 14:00:00,0.04672142371535302,0.2810635495909393,-0.2343421258755863,0.16623081784653865
2016-07-23 15:00:00,0.2228585689663887,0.8907438144454134,-0.6678852454790247,0.25019378787956315
2016-07-23 16:00:00,0.306047507310907,0.9031739472331419,-0.5971264399222349,0.3388577673752419
2016-07-23 17:00:00,1.1529133949279786,0.8586737162498886,0.29423967867809,1.3426676199699366
2016-07-23 18:00:00,1.4471394786834715,0.9864756580211085,0.460663820662363,1.4669794098989373
2016-07-23 19:00:00,0.8444680652618409,0.6704971670567917,0.17397089820504918,1.2594655231262353
2016-07-23 20:00:00,3.2337551040649415,0.6767155279951433,2.557039576069798,4.778603372151599
2016-07-23 21:00:00,2.7534361012776696,1.04882855015433,1.7046075511233396,2.6252489988687997
2016-07-23 22:00:00,2.4832074483235678,1.4328737432110654,1.0503337051125023,1.7330259976421285
2016-07-23 23:00:00,1.5534775727589925,1.81774461718348,-0.26426704442448745,0.8546181669711347
2016-07-24 00:00:00,1.8741031532287598,1.6667444092623358,0.20735874396642395,1.1244094432320288
2016-07-24 01:00:00,0.6138684018055599,1.1410981595230083,-0.5272297577174484,0.5379628357845776
2016-07-24 02:00:00,1.891497839609782,0.9142663566460476,0.9772314829637343,2.068869565045215
2016-07-24 03:00:00,1.046396957397461,1.3179080589648344,-0.27151110156737346,0.7939832754489453
2016-07-24 04:00:00,1.2032781801223753,0.9848775721461274,0.21840060797624794,1.221754067868898
2016-07-24 05:00:00,0.4445896010001501,0.6324201868674975,-0.18783058586734735,0.7029971690218975
2016-07-24 06:00:00,0.15507260052363078,0.9473193791828469,-0.7922467786592161,0.1636962189640791
2016-07-24 07:00:00,0.5621717914144198,0.6032766383916328,-0.04110484697721306,0.9318640166693662
2016-07-24 08:00:00,0.5264988638559978,0.7898222677687807,-0.26332340391278297,0.6666042290037453
2016-07-24 09:00:00,0.6961051436662674,1.1240513398487129,-0.42794619618244545,0.6192823396838412
2016-07-24 10:00:00,2.113932149251302,1.121065796441271,0.9928663528100312,1.8856450316848503
2016-07-24 11:00:00,3.16787077331543,2.6705174609573765,0.4973533123580536,1.1862385547480199
2016-07-24 12:00:00,3.0175740127563477,3.5213790100835016,-0.5038049973271539,0.856929630157815
2016-07-24 13:00:00,3.062620869954427,3.3909112170133175,-0.3282903470588905,0.9031852130448743
2016-07-24 14:00:00,3.6005361480712894,4.098591139225652,-0.4980549911543628,0.8784814161169391
2016-07-24 15:00:00,4.074122919718425,4.2355094301237255,-0.1613865104053005,0.9618967887882648
2016-07-24 16:00:00,3.558135243733724,4.203055300459663,-0.6449200567259394,0.8465592264143162
2016-07-24 17:00:00,3.3273458811442054,4.593306270847679,-1.2659603897034732,0.7243901636304682
2016-07-24 18:00:00,3.1346830851236978,3.4626633611424156,-0.3279802760187178,0.9052809234361987
2016-07-24 19:00:00,3.1201691665649416,3.4585718144325157,-0.3384026478675741,0.9021553791494425
2016-07-24 20:00:00,2.9179024785359697,3.011871715744772,-0.09396923720880235,0.9688003852496202
2016-07-24 21:00:00,3.8477445678710938,3.3834479473483787,0.46429662052271503,1.1372258795606967
2016-07-24 22:00:00,4.943991137186687,4.083542428706034,0.8604487084806536,1.210711342787078
2016-07-24 23:00:00,3.910100789388021,4.03807977557033,-0.1279789861823093,0.968306969328204
2016-07-25 00:00:00,2.8432423044840496,3.7005909333923355,-0.8573486289082859,0.7683211561775207
2016-07-25 01:00:00,2.366589327494303,3.3757043903294273,-1.0091150628351242,0.7010653344747859
2016-07-25 02:00:00,3.0107905095418297,3.073503457338383,-0.06271294779655312,0.9795956150149049
2016-07-25 03:00:00,2.924702725728353,2.5645244628991706,0.3601782628291823,1.1404464133759926
2016-07-25 04:00:00,3.2374101486206053,2.4571755601716943,0.780234588448911,1.3175331063419793
2016-07-25 05:00:00,2.1544204177856443,2.0419881546919822,0.11243226309366205,1.0550601935840425
2016-07-25 06:00:00,1.7412736790974936,1.952697046678983,-0.21142336758148939,0.8917275119860174
2016-07-25 07:00:00,1.1642948951721193,1.2817277714188204,-0.11743287624670118,0.9083792371006304
2016-07-25 08:00:00,0.5762166183988253,1.4306613853656611,-0.8544447669668358,0.40276240366377875
2016-07-25 09:00:00,1.1396411476135253,1.728688151658407,-0.5890470040448816,0.6592520151886372
2016-07-25 10:00:00,1.3455721282958986,1.4678902687317936,-0.12231814043589506,0.9166707872914958
2016-07-25 11:00:00,2.2453575642903645,1.8953355781379182,0.3500219861524463,1.1846754686557022
2016-07-25 12:00:00,3.2538002268473303,3.010835950708798,0.24296427613853222,1.0806966171907622
2016-07-25 13:00:00,3.456629366556803,2.9581924103517925,0.4984369562050106,1.1684937580330468
2016-07-25 14:00:00,1.7052430063883464,2.7161679364309883,-1.010924930042642,0.6278120669626249
2016-07-25 15:00:00,1.4889804366429649,2.6163001240938724,-1.1273196874509075,0.5691168314104091
2016-07-25 16:00:00,2.172249366760254,2.0526822044908375,0.11956716226941655,1.0582492321548016
2016-07-25 17:00:00,1.5707782135009765,1.9603015743334204,-0.389523360832444,0.801294165177163
2016-07-25 18:00:00,1.3566146589815615,1.9959855498262085,-0.6393708908446469,0.6796715833437185
2016-07-25 19:00:00,0.05314630974084139,1.6651440182839352,-1.6119977085430939,0.03191694481514754
2016-07-25 20:00:00,0.2975445983409881,1.1966278466046012,-0.8990832482636131,0.24865257747867292
2016-07-25 21:00:00,0.5684821215271949,1.080325938631498,-0.5118438171043032,0.5262135261209401
2016-07-25 22:00:00,0.47454397678375243,1.4902844787599598,-1.0157405019762074,0.3184250950386414
2016-07-25 23:00:00,1.0724008076985676,1.3735798178014187,-0.3011790101028511,0.7807342491498421
2016-07-26 00:00:00,1.4045162887573244,1.105158266918679,0.29935802183864535,1.270873440302169
2016-07-26 01:00:00,1.1499878756205242,0.9563665102511862,0.19362136536933794,1.2024551919101434
2016-07-26 02:00:00,1.781362818400065,0.9511235941735887,0.8302392242264762,1.8729036155893637
2016-07-26 03:00:00,2.5634792556762696,1.0410175520868739,1.5224617035893957,2.4624745764731784
2016-07-26 04:00:00,3.044670127868652,1.045093662707423,1.999576465161229,2.913298813793512
2016-07-26 05:00:00,1.6325390017827353,1.16891941660045,0.4636195851822853,1.396622366433627
2016-07-26 06:00:00,0.809886945327123,1.1369759665448087,-0.3270890212176857,0.7123166796465482
2016-07-26 07:00:00,1.6529887625376385,0.7284856560492335,0.924503106488405,2.2690752368443667
2016-07-26 08:00:00,1.2249558550516766,0.8774896549285051,0.34746620012317153,1.395977545913612
2016-07-26 09:00:00,0.7691518446604411,0.9972988335271027,-0.22814698886666163,0.7712350789985543
2016-07-26 10:00:00,0.8709553731282552,1.1014146499882211,-0.23045927685996592,0.7907606577936561
2016-07-26 11:00:00,1.3548314113616944,1.1472133956112358,0.20761801575045857,1.1809759339846617
2016-07-26 12:00:00,0.7207671016057332,1.5502171632863837,-0.8294500616806505,0.4649458918889419
2016-07-26 13:00:00,0.9593625895182292,2.4694625591035213,-1.5100999695852921,0.38849043731462873
2016-07-26 14:00:00,0.8841285568873087,2.5452165739279544,-1.6610880170406457,0.34736869386437336
2016-07-26 15:00:00,1.8410550626118976,3.1818312185216096,-1.340776155909712,0.5786149346624728
2016-07-26 16:00:00,1.7536837202707927,2.853704371665031,-1.1000206513942385,0.6145288691020167
2016-07-26 17:00:00,1.5649000078837076,2.782445479949698,-1.2175454720659902,0.562418929377189
2016-07-26 18:00:00,1.7672992490132649,2.0359829519382164,-0.2686837029249516,0.8680324397268799
2016-07-26 19:00:00,2.228011878967285,2.3380307986866224,-0.1100189197193373,0.9529437679858025
2016-07-26 20:00:00,2.052349197387695,2.1991431990025365,-0.14679400161484146,0.9332494574789751
2016-07-26 21:00:00,2.3185149841308594,2.5632665968111454,-0.244751612680286,0.904515740584779
2016-07-26 22:00:00,3.0840235646565755,3.3444160349674803,-0.26039247031090484,0.9221411249113818
2016-07-26 23:00:00,3.0452863667805987,3.756026322324611,-0.7107399555440121,0.8107734359262599
2016-07-27 00:00:00,2.953676902770996,3.996476997947072,-1.042800095176076,0.7390701621173483
2016-07-27 01:00:00,3.182650192260742,3.7328196018313466,-0.5501694095706045,0.8526129124213001
2016-07-27 02:00:00,4.612039708455404,3.9868333234427937,0.6252063850126102,1.156817788528144
2016-07-27 03:00:00,3.9703011372884114,4.637405661633337,-0.6671045243449254,0.8561470414667228
2016-07-27 04:00:00,4.625007308959961,4.0469345226026725,0.5780727863572883,1.1428421396809547
2016-07-27 05:00:00,5.302400909423827,4.108022014528781,1.1943788948950465,1.290743060935629
2016-07-27 06:00:00,3.606173060099284,3.9502808397591735,-0.3441077796598897,0.9128902997993257
2016-07-27 07:00:00,3.0939601491292317,5.442572481372748,-2.3486123322435164,0.5684738530756067
2016-07-27 08:00:00,3.0728827641805014,3.6646521960785927,-0.5917694318980913,0.8385196192611889
2016-07-27 09:00:00,2.410704060872396,1.772241435187311,0.6384626256850849,1.3602571370969017
2016-07-27 10:00:00,1.0749542319575947,0.8004172724360084,0.2745369595215863,1.3429922978624065
2016-07-27 11:00:00,1.4677817420959471,0.9968348839023052,0.4709468581936419,1.4724421925826154
2016-07-27 12:00:00,1.8030030453999837,1.22204359362269,0.5809594517772936,1.4753999405660045
2016-07-27 13:00:00,1.6051284294128418,1.1529912043659656,0.45213722504687626,1.392142822369151
2016-07-27 14:00:00,1.7247848612467447,1.0014758976620552,0.7233089635846894,1.7222430068194887
2016-07-27 15:00:00,1.5316474011739094,1.4622189314737346,0.0694284697001748,1.0474815830965885
2016-07-27 16:00:00,1.4023499641418458,1.5881858862213634,-0.1858359220795176,0.8829885571381941
2016-07-27 17:00:00,1.4958290513356527,1.8251557666057294,-0.32932671527007673,0.8195624059624617
2016-07-27 18:00:00,1.3361408093770346,1.9898365985019952,-0.6536957891249606,0.6714826787199104
2016-07-27 19:00:00,1.3825346794128417,2.1324646083554293,-0.7499299289425876,0.6483271394028253
2016-07-27 20:00:00,0.9957664075692494,2.1350723703999854,-1.139305962830736,0.46638531853733
2016-07-27 21:00:00,1.391726375102997,2.0462437252525647,-0.6545173501495678,0.6801371498066382
2016-07-27 22:00:00,1.2489842459360758,1.4957225998576262,-0.2467383539215504,0.8350373565626161
2016-07-27 23:00:00,1.3522522684733074,1.3409637515448931,0.01128851692841426,1.0084182118386191
2016-07-28 00:00:00,1.896576290130615,1.2967209380687486,0.5998553520618664,1.462594020387495
2016-07-28 01:00:00,1.9107598851521808,1.2032520957322297,0.7075077894199511,1.5879963076144927
2016-07-28 02:00:00,0.34700831028322376,1.1858717749322547,-0.8388634646490309,0.2926187448074201
2016-07-28 03:00:00,0.8341899270017942,0.42458074465987067,0.4096091823419235,1.9647380091861189
2016-07-28 04:00:00,1.3427802784442904,0.38552581683035464,0.9572544616139358,3.482984069612029
2016-07-28 05:00:00,0.9060057103633882,0.2671711429951417,0.6388345673682465,3.3911061659075328
2016-07-28 06:00:00,0.5368178042968114,0.23309326619580278,0.3037245381010086,2.303017213057859
2016-07-28 07:00:00,0.09793000277007619,0.13768826134605322,-0.039758258575977035,0.711244385052897
2016-07-28 08:00:00,0.36619582466284434,0.31113424142624224,0.055061583236602096,1.1769705030992388
2016-07-28 09:00:00,0.6918258012135823,0.7609955970611851,-0.06916979584760286,0.9091061812778904
2016-07-28 10:00:00,1.8084069697062173,1.2050350635132259,0.6033719061929914,1.5007090037976882
2016-07-28 11:00:00,1.4552122632811466,2.0201201362937704,-0.5649078730126238,0.7203592683111231
2016-07-28 12:00:00,2.3052230936686198,2.9145560528169643,-0.6093329591483445,0.790934554660764
2016-07-28 13:00:00,1.8082331390380861,2.6622572617389983,-0.8540241227009122,0.6792105199694113
2016-07-28 14:00:00,3.836506286621093,2.5462399209717166,1.2902663656493765,1.5067340100287858
2016-07-28 15:00:00,3.1378114802042645,2.324838873235747,0.8129726069685175,1.3496898715552745
2016-07-28 16:00:00,2.602296315511068,2.242643600238849,0.35965271527221887,1.1603699826552532
2016-07-28 17:00:00,2.508666961669922,2.0692585648100734,0.4394083968598488,1.2123506478757429
2016-07-28 18:00:00,1.2840834840138755,2.0280077712474096,-0.7439242872335341,0.6331748340510782
2016-07-28 19:00:00,0.33401486248771345,1.6825542165617084,-1.348539354073995,0.19851655251280476
2016-07-28 20:00:00,1.2209558345476785,1.5293706833487122,-0.30841484880103365,0.798338720521484
2016-07-28 21:00:00,1.9683696594238282,1.6350645391492655,0.3333051202745627,1.2038482960727552
2016-07-28 22:00:00,1.2202045300801598,1.540634154499403,-0.3204296244192433,0.7920144613934252
2016-07-28 23:00:00,0.863230854511261,2.188884864340482,-1.325654009829221,0.3943701510181328
2016-07-29 00:00:00,2.2181339200337726,2.151002396871999,0.06713152316177373,1.0312094134620198
2016-07-29 01:00:00,1.5144783668518063,1.8816949790433226,-0.36721661219151636,0.8048479608644044
2016-07-29 02:00:00,1.6626366214752197,1.8684982438917028,-0.2058616224164831,0.8898250918407528
2016-07-29 03:00:00,1.540250305334727,1.8472624833186913,-0.3070121779839643,0.8338015410606927
2016-07-29 04:00:00,0.6679034985701242,1.9067102311266912,-1.238806732556567,0.3502910340893563
2016-07-29 05:00:00,1.0119191394825777,1.7916618019258175,-0.7797426624432398,0.5647936113807239
2016-07-29 06:00:00,0.9536167170206705,2.2297338709466388,-1.2761171539259681,0.4276818545236568
2016-07-29 07:00:00,1.0310600713094074,1.9180030712320661,-0.8869429999226588,0.5375695622046559
2016-07-29 08:00:00,0.8881509132385254,2.0748413672104773,-1.186690453971952,0.42805726127997956
2016-07-29 09:00:00,1.4177023035685221,2.1875837226453387,-0.7698814190768166,0.6480676780014452
2016-07-29 10:00:00,1.461534662882487,1.8562423315378527,-0.39470766865536566,0.7873619936636399
2016-07-29 11:00:00,2.5203954264322914,1.816544073263819,0.7038513531684725,1.3874672591366581
2016-07-29 12:00:00,2.577962651570638,1.535413150614917,1.0425495009557213,1.6790025867227927
2016-07-29 13:00:00,1.4484485664367674,0.9273370100419462,0.5211115563948212,1.561944094489715
2016-07-29 14:00:00,1.4071744867960612,0.9225183486102303,0.48465613818583086,1.5253620580186433
2016-07-29 15:00:00,1.5672901013692218,1.7951304419620666,-0.22784034059284486,0.8730786714619931
2016-07-29 16:00:00,1.4446206690470378,2.543881368276139,-1.0992606992291014,0.5678805179606252
2016-07-29 17:00:00,0.590079351425171,1.0228126111964269,-0.4327332597712559,0.5769183376952406
2016-07-29 18:00:00,0.5456148722966512,1.13025787661066,-0.5846430043140087,0.48273485510475167
2016-07-29 19:00:00,0.47937193616231283,1.2115997775987208,-0.7322278414364081,0.3956520503101972
2016-07-29 20:00:00,0.07406732235352198,1.0989359614598346,-1.0248686391063127,0.06739912510928335
2016-07-29 21:00:00,0.3397799577315649,1.3947185436872578,-1.0549385859556928,0.24361901493994537
2016-07-29 22:00:00,0.0016330991784731543,1.3177816320588878,-1.3161485328804146,0.0012392790571239165
2016-07-29 23:00:00,7.126660148302711e-05,0.9359077450799658,-0.9358364784784827,7.61470367754441e-05
2016-07-30 00:00:00,0.10908855403463046,0.9756170381641561,-0.8665284841295257,0.11181493328561093
2016-07-30 01:00:00,0.9096555175781251,1.1431665491951954,-0.23351103161707032,0.795733148611228
2016-07-30 02:00:00,1.4741364771525065,1.2419856658739716,0.23215081127853487,1.1869190745572518
2016-07-30 03:00:00,1.3584978993733725,1.3290554125326213,0.029442486840751236,1.0221529415275818
2016-07-30 04:00:00,1.729085942586263,1.3079562665608044,0.4211296760254586,1.3219753494761677
2016-07-30 05:00:00,1.6935520744323729,1.1909545940159527,0.5025974804164202,1.4220122941225146
2016-07-30 06:00:00,0.5284120724995931,1.375988697538576,-0.8475766250389829,0.38402355589463627
2016-07-30 07:00:00,0.5550702358881633,1.1319446405981153,-0.576874404709952,0.49036871237348345
2016-07-30 08:00:00,0.9205743878682454,0.8331736071685386,0.0874007806997068,1.1049010433692565
2016-07-30 09:00:00,1.24822841258049,0.7312026691834373,0.5170257433970528,1.7070895186616806
2016-07-30 10:00:00,0.5663389381170273,0.861721331748648,-0.29538239363162067,0.6572181948516744
2016-07-30 11:00:00,0.6916010358929634,0.8625799692620506,-0.1709789333690872,0.801781933893779
2016-07-30 12:00:00,0.955891929467519,1.173717711349612,-0.217825781882093,0.8144138238898826
2016-07-30 13:00:00,1.3392077089945476,1.2729996923269733,0.06620801666757425,1.0520094522148309
2016-07-30 14:00:00,1.141920997619629,1.8793682353643741,-0.7374472377447452,0.6076089699357039
2016-07-30 15:00:00,1.4379403711954752,2.4453652536807944,-1.0074248824853191,0.5880268270889469
2016-07-30 16:00:00,1.109584214846293,1.9183065497654221,-0.808722334919129,0.5784186135328461
2016-07-30 17:00:00,0.700544157187144,1.5427546005209238,-0.8422104433337798,0.4540865779629498
2016-07-30 18:00:00,0.9811472299098969,1.3042719884548208,-0.32312475854492395,0.7522566141072063
2016-07-30 19:00:00,0.8079457702636719,1.2426921615079694,-0.4347463912442975,0.6501576136790419
2016-07-30 20:00:00,1.1742158050537108,1.108080976863944,0.0661348281897669,1.0596841111530853
2016-07-30 21:00:00,1.4554517898559571,1.2361038414163534,0.2193479484396037,1.177451069311677
2016-07-30 22:00:00,0.9597155227661133,1.1537845886508389,-0.1940690658847256,0.83179783488731
2016-07-30 23:00:00,0.8885898313522339,1.2083352818373816,-0.3197454504851477,0.7353835021692438
2016-07-31 00:00:00,1.3742993367513023,1.3091470299915626,0.06515230675973971,1.0497669897018058
2016-07-31 01:00:00,1.3975486043294272,1.3492340659081468,0.04831453842128042,1.0358088634448765
2016-07-31 02:00:00,2.3174131151835127,1.427735629115208,0.8896774860683048,1.623138813604906
2016-07-31 03:00:00,2.592422808329265,1.6514098556106334,0.9410129527186315,1.5698239897997206
2016-07-31 04:00:00,3.500588442484538,1.5485425102211055,1.9520459322634325,2.260569806368902
2016-07-31 05:00:00,2.77471435546875,1.2648436423716476,1.5098707130971023,2.193721233611149
2016-07-31 06:00:00,2.0902525825500486,1.3422172007273625,0.7480353818226861,1.557313213850424
2016-07-31 07:00:00,1.4328761380513508,0.9872451796808175,0.44563095837053335,1.4513883354838042
2016-07-31 08:00:00,0.9350557136535644,0.9640592529006599,-0.029003539247095422,0.9699151902128115
2016-07-31 09:00:00,1.2639704322814942,1.1242929254866618,0.13967750679483237,1.124235867386937
2016-07-31 10:00:00,1.7513721860249833,0.9441019480133102,0.8072702380116732,1.8550668068320648
2016-07-31 11:00:00,1.0569087677001954,1.2077793790983884,-0.15087061139819302,0.8750842960153712
2016-07-31 12:00:00,0.7534415588378907,1.3904533632990113,-0.6370118044611206,0.5418675510628156
2016-07-31 13:00:00,1.2865456663767498,1.4063656594024982,-0.11981999302574842,0.9148016789057161
2016-07-31 14:00:00,1.7071483325560886,1.4896733848936734,0.21747494766241515,1.1459883420538775
2016-07-31 15:00:00,1.885457224527995,1.7168017962970872,0.16865542823090784,1.0982381475803877
2016-07-31 16:00:00,1.3012337621053063,1.7168017962970872,-0.4155680341917809,0.7579405874993224
2016-07-31 17:00:00,0.8353095582326253,1.411815418142427,-0.5765058599098016,0.5916563507513398
2016-07-31 18:00:00,0.7715112695693971,1.3842390257594654,-0.6127277561900684,0.5573540806264337
2016-07-31 19:00:00,0.798386692504088,1.3964101478084776,-0.5980234553043896,0.5717422590755832
2016-07-31 20:00:00,1.3634573224385582,1.027121218388269,0.33633610405028924,1.327455122169571
2016-07-31 21:00:00,1.5222449022928874,0.987361582434909,0.5348833198579784,1.5417299289070123
2016-07-31 22:00:00,1.0109212214152017,1.2614589153471791,-0.25053769393197745,0.8013905241907745
2016-07-31 23:00:00,1.2214001350402832,1.427772729192388,-0.20637259415210485,0.8554583723777675
2016-08-01 00:00:00,0.833872887770335,1.329784377798665,-0.4959114900283301,0.6270737584921356
2016-08-01 01:00:00,1.4515654640197755,1.4880685451186015,-0.03650308109882605,0.9754694894811337
2016-08-01 02:00:00,1.9441210912068683,1.2767242793234295,0.6673968118834388,1.522741536831359
2016-08-01 03:00:00,1.7726519495646158,1.458043724140204,0.3146082254244118,1.2157742049950755
2016-08-01 04:00:00,0.7521204084555309,0.7342256138830927,0.017894794572438144,1.0243723376494565
2016-08-01 05:00:00,0.36201955287220583,0.7453816741030417,-0.38336212123083585,0.4856834631839368
2016-08-01 06:00:00,0.1396299503693978,0.8584811339647708,-0.718851183595373,0.16264766323347968
2016-08-01 07:00:00,0.0,0.3923212436079263,-0.3923212436079263,0.0
2016-08-01 08:00:00,0.4071482250889142,0.5567797045186308,-0.1496314794297166,0.7312555069530023
2016-08-01 09:00:00,1.081676321665446,0.8232820746176025,0.2583942470478434,1.313858706528819
2016-08-01 10:00:00,1.2405692316691082,1.1175623345689902,0.12300689710011792,1.1100671464089364
2016-08-01 11:00:00,2.121721033732096,1.561312111123582,0.5604089226085143,1.358934590089884
2016-08-01 12:00:00,2.490383455912272,1.5516920491413466,0.9386914067709253,1.604946972107233
2016-08-01 13:00:00,4.597629954020183,2.5196923347123032,2.07793761930788,1.824679104937285
2016-08-01 14:00:00,2.993398638916016,3.2526966212949127,-0.25929798237889656,0.9202821496842614
2016-08-01 15:00:00,3.5265991897583007,3.529482606489231,-0.0028834167309303993,0.9991830483239585
2016-08-01 16:00:00,2.8408378931681315,2.766986118254486,0.07385177491364558,1.0266903308355713
2016-08-01 17:00:00,1.435053465525309,1.8097807792092122,-0.3747273136839031,0.7929432570017453
2016-08-01 18:00:00,2.2240335273742673,1.6051039078371045,0.6189296195371627,1.3856009673362377
2016-08-01 19:00:00,2.88376442972819,2.1129596592616964,0.7708047704664938,1.3647986212551857
2016-08-01 20:00:00,3.4129488728841144,2.520778672377486,0.8921702005066283,1.3539264316550144
2016-08-01 21:00:00,3.2649613800048827,2.8426082270508837,0.422353152953999,1.1485794450796256
2016-08-01 22:00:00,2.5409894739786782,3.4854220902607125,-0.9444326162820342,0.7290335024498024
2016-08-01 23:00:00,2.449187464396159,3.7218711941123517,-1.2726837297161926,0.6580527204355009
2016-08-02 00:00:00,1.7869481213887533,3.2741707285419523,-1.487222607153199,0.5457712103438521
2016-08-02 01:00:00,0.8736307989756267,2.3470364033740054,-1.4734056043983788,0.3722272043670605
2016-08-02 02:00:00,0.5770285806655884,1.5874209957192449,-1.0103924150536565,0.36350066064493647
2016-08-02 03:00:00,0.25869208977619806,1.4957902387805737,-1.2370981490043755,0.1729467695865524
2016-08-02 04:00:00,0.11932796153301993,1.304428568420634,-1.1851006068876142,0.09147910772722413
2016-08-02 05:00:00,0.012037345424294472,0.5918775808664584,-0.5798402354421639,0.020337559342377565
2016-08-02 06:00:00,0.0,0.12127726558721469,-0.12127726558721469,0.0
2016-08-02 07:00:00,0.0,0.08669133148225683,-0.08669133148225683,0.0
2016-08-02 08:00:00,0.0,0.08257699100502726,-0.08257699100502726,0.0
2016-08-02 09:00:00,0.0,-0.14323562996058353,0.14323562996058353,-0.0
2016-08-02 10:00:00,0.0774690595269203,0.4111216832600646,-0.3336526237331443,0.18843340714266207
2016-08-02 11:00:00,0.35748442831635474,0.44722488405634353,-0.08974045573998879,0.7993393057066949
2016-08-02 12:00:00,0.6864378068844478,0.689274443537938,-0.00283663665349021,0.9958846049203127
2016-08-02 13:00:00,0.9135459888378779,0.7005044296622853,0.21304155917559253,1.304125927195493
2016-08-02 14:00:00,1.286953419049581,0.9904480368167902,0.2965053822327909,1.29936490478161
2016-08-02 15:00:00,1.9474131800333658,1.5475424694706517,0.39987071056271417,1.2583907830972114
2016-08-02 16:00:00,3.4269875361124673,1.7083908298083512,1.718596706304116,2.0059739705444977
2016-08-02 17:00:00,3.032848772684733,2.4124202525287406,0.6204285201559925,1.2571809449475682
2016-08-02 18:00:00,3.958561882019043,2.599574019311894,1.3589878627071492,1.522773290012674
2016-08-02 19:00:00,3.096939478556315,2.8771954950373906,0.21974398351892432,1.076374366600372
2016-08-02 20:00:00,2.9899303843180336,3.044510677162776,-0.054580292844742306,0.9820725566002592
2016-08-02 21:00:00,2.357695925394694,3.5711256165631737,-1.2134296911684799,0.6602108630565967
2016-08-02 22:00:00,3.157562530517578,3.5708246072633862,-0.4132620767458084,0.8842670469153833
2016-08-02 23:00:00,2.769108289082845,3.7942192900130847,-1.0251110009302398,0.7298229431207429
2016-08-03 00:00:00,3.953350941975911,4.950224799259578,-0.9968738572836671,0.7986204874104358
2016-08-03 01:00:00,6.6867423960367836,5.09202205080493,1.5947203452318535,1.313180172693825
2016-08-03 02:00:00,6.984755599975585,6.015642234917305,0.9691133650582797,1.1610989030286976
2016-08-03 03:00:00,7.238643142700195,7.4786985206452155,-0.24005537794502008,0.9679014500608176
2016-08-03 04:00:00,5.714566065470377,6.780366698410236,-1.065800632939859,0.8428107681565729
2016-08-03 05:00:00,6.3093310038248696,6.004811724090593,0.3045192797342766,1.0507125441606406
2016-08-03 06:00:00,5.7862437693277995,6.177286754663176,-0.3910429853353765,0.936696643548208
2016-08-03 07:00:00,6.238506774902344,6.49477071407045,-0.25626393916810564,0.9605430352432722
2016-08-03 08:00:00,7.599636861165363,6.842975242161705,0.7566616190036584,1.1105749461640062
2016-08-03 09:00:00,8.073036448160806,8.435194481698682,-0.36215803353787557,0.9570658347802617
2016-08-03 10:00:00,9.313539947509765,8.03657603872608,1.276963908783685,1.158894024349467
2016-08-03 11:00:00,10.038975138346355,9.230004500835513,0.8089706375108427,1.0876457468073406
2016-08-03 12:00:00,9.93378094482422,9.705404700570192,0.22837624425402758,1.023530831665434
2016-08-03 13:00:00,10.003492696126303,9.720314008198587,0.28317868792771606,1.0291326687274578
2016-08-03 14:00:00,10.06397196451823,9.505617159922082,0.5583548045961475,1.0587394584909544
2016-08-03 15:00:00,10.038139628092447,9.121050343996728,0.9170892840957183,1.1005464556721065
2016-08-03 16:00:00,10.04788173421224,9.411316849271621,0.6365648849406185,1.0676382375745732
2016-08-03 17:00:00,10.037074157714843,9.055374954355605,0.9816992033592378,1.108410663093199
2016-08-03 18:00:00,10.051578063964843,9.09668655748922,0.954891506475624,1.1049713541783486
2016-08-03 19:00:00,9.853512145996095,8.551881189531775,1.3016309564643205,1.1522040505026692
2016-08-03 20:00:00,7.3280720723470045,8.819990620666799,-1.491918548319794,0.8308480572729902
2016-08-03 21:00:00,9.561733296712239,8.859983917426812,0.7017493792854275,1.0792043626518495
2016-08-03 22:00:00,8.146851796468098,8.319801580821744,-0.17294978435364605,0.9792122705483364
2016-08-03 23:00:00,7.7979329986572266,8.136368130257354,-0.3384351316001277,0.9584046436712269
2016-08-04 00:00:00,5.924191340128582,8.159979648542285,-2.235788308413703,0.7260056513972913
2016-08-04 01:00:00,6.216187784830729,7.841714878688946,-1.6255270938582171,0.7927077024598491
2016-08-04 02:00:00,5.81841264851888,6.967751586852688,-1.1493389383338082,0.8350488067768557
2016-08-04 03:00:00,6.3852775828043615,5.875120632988172,0.5101569498161895,1.0868334425257098
2016-08-04 04:00:00,5.89493989054362,5.82678852664186,0.06815136390175969,1.0116962137187837
2016-08-04 05:00:00,5.773347239176432,5.819639992378119,-0.04629275320168702,0.9920454266479858
2016-08-04 06:00:00,6.962035018920898,4.362886148231165,2.599148870689733,1.5957407052080652
2016-08-04 07:00:00,8.278570688883464,7.300982689982634,0.9775879989008303,1.1338981395260856
2016-08-04 08:00:00,6.817777033487957,7.014489651320861,-0.1967126178329046,0.9719562466250324
2016-08-04 09:00:00,7.615302327473958,7.426524720146386,0.1887776073275722,1.0254193737234139
2016-08-04 10:00:00,8.108844197591146,5.556846302407392,2.5519978951837547,1.459252920865951
2016-08-04 11:00:00,6.316332244873047,6.009291528107877,0.30704071676517053,1.0510943287289387
2016-08-04 12:00:00,6.579039627075196,6.15709661309728,0.42194301397791634,1.0685295424925387
2016-08-04 13:00:00,4.834399871826172,5.624613633079793,-0.7902137612536215,0.8595079035107102
2016-08-04 14:00:00,6.120017267862956,5.678213246464473,0.4418040213984824,1.0778068737861457
2016-08-04 15:00:00,5.961422597249349,5.701465084448511,0.25995751280083823,1.0455948618382154
2016-08-04 16:00:00,1.2618784313102565,5.004733466721043,-3.742855035410787,0.25213698985192967
2016-08-04 17:00:00,0.02639048695812623,4.021090092436865,-3.994699605478739,0.006563018075064575
2016-08-04 18:00:00,0.23434839812914535,1.9656954339375343,-1.731347035808389,0.11921907844071049
2016-08-04 19:00:00,0.396772163728873,1.9428678499396923,-1.5460956862108193,0.20421984116994318
2016-08-04 20:00:00,1.805884526570638,1.5860516296071059,0.21983289696353214,1.138603871942043
2016-08-04 21:00:00,2.0332374267578124,1.7178935499150882,0.31534387684272414,1.1835642708235972
2016-08-04 22:00:00,2.1082631683349606,2.0374059587503712,0.07085720958458941,1.0347781497743578
2016-08-04 23:00:00,2.9466200103759768,2.4707832640174137,0.4758367463585631,1.1925853850834605
2016-08-05 00:00:00,3.8039194234212244,1.9182755909473346,1.8856438324738898,1.982989014390091
2016-08-05 01:00:00,3.1301874491373702,1.9026275730412348,1.2275598760961355,1.6451918880445717
2016-08-05 02:00:00,4.065233525594076,1.8473943520238987,2.2178391735701775,2.20052287219588
2016-08-05 03:00:00,3.829588897705078,1.691052877379608,2.13853602032547,2.2646180666090494
2016-08-05 04:00:00,2.0208130785624183,2.11777129909573,-0.09695822053331149,0.9542168596889041
2016-08-05 05:00:00,2.042539405822754,1.7188506532687815,0.32368875255397267,1.188316973285844
2016-08-05 06:00:00,1.3225027770996094,1.2745956473101945,0.047907129789414915,1.0375861394870713
2016-08-05 07:00:00,0.8810051835378011,0.8512941329898326,0.02971105054796852,1.0349010399538645
2016-08-05 08:00:00,0.5728152453104655,0.5328966768991362,0.039918568411329236,1.0749086457877928
2016-08-05 09:00:00,0.9211973857879637,0.5831472845109708,0.338050101276993,1.5796993491283817
2016-08-05 10:00:00,0.9750013624827067,0.34617458450035427,0.6288267779823524,2.8165018639076576
2016-08-05 11:00:00,1.311037974993388,0.5393474476794096,0.7716905273139785,2.430785536548371
2016-08-05 12:00:00,1.6734632517496744,0.7864195269770835,0.8870437247725909,2.127952313420162
2016-08-05 13:00:00,0.8975088684558867,0.8703060256882106,0.02720284276767615,1.031256640727226
2016-08-05 14:00:00,0.6324199035167695,0.8588417061457273,-0.22642180262895784,0.7363637548005396
2016-08-05 15:00:00,0.4666823212038726,1.5913387800575571,-1.1246564588536845,0.29326396556928824
2016-08-05 16:00:00,0.4426338257392248,1.5913387800575571,-1.1487049543183323,0.27815185005622445
2016-08-05 17:00:00,0.10722937500476835,1.2311376851002014,-1.123908310095433,0.08709779279970707
2016-08-05 18:00:00,1.5871450817584993,1.0065494448996184,0.5805956368588809,1.5768178004576643
2016-08-05 19:00:00,2.8634482371012373,0.9920629440086878,1.8713852930925494,2.886357417535153
2016-08-05 20:00:00,2.6135241305033365,1.2647245877987097,1.3487995427046269,2.0664768881043516
2016-08-05 21:00:00,2.11235587310791,2.1030742903836215,0.009281582724288473,1.0044133403973072
2016-08-05 22:00:00,2.7586392440795895,3.0339261599728853,-0.2752869158932958,0.909263804925379
2016-08-05 23:00:00,2.678761473337809,2.7412201125742697,-0.062458639236460556,0.9772150222632775
2016-08-06 00:00:00,3.8942321828206383,1.838759271564765,2.0554729112558734,2.1178586251296982
2016-08-06 01:00:00,3.6727412923177085,2.050139187136169,1.6226021051815396,1.791459484976796
2016-08-06 02:00:00,2.936911018371582,1.8085720284680096,1.1283389899035723,1.6238839107001763
2016-08-06 03:00:00,2.3331080830891926,1.7290630588283413,0.6040450242608513,1.3493481751152374
2016-08-06 04:00:00,2.296848114013672,1.357469932236671,0.939378181777001,1.6920066216341234
2016-08-06 05:00:00,1.7335937258402505,1.2591563019604428,0.4744374238798077,1.3767899371516725
2016-08-06 06:00:00,1.0719223451614381,1.2779499749626613,-0.20602762980122313,0.8387827115007043
2016-08-06 07:00:00,0.20360918660089372,0.8405699609533398,-0.6369607743524461,0.24222753138830774
2016-08-06 08:00:00,0.1760344986319542,0.8282339017297428,-0.6521994030977886,0.21254201049282237
2016-08-06 09:00:00,0.13290943411986034,0.7173069541973138,-0.5843975200774535,0.18528948219746405
2016-08-06 10:00:00,0.2490145294368267,0.8707778944214439,-0.6217633649846173,0.2859679041373405
2016-08-06 11:00:00,0.6918473535378775,1.4475221250715165,-0.7556747715336389,0.4779528696348569
2016-08-06 12:00:00,0.9494160925547283,1.6384782318183577,-0.6890621392636295,0.5794499274494974
2016-08-06 13:00:00,0.9670576197306315,1.9109324260819855,-0.943874806351354,0.506065838085863
2016-08-06 14:00:00,1.6417847468058269,2.4530586757120254,-0.8112739289061985,0.6692806670550928
2016-08-06 15:00:00,2.3191727294921876,3.419080678124238,-1.0999079486320507,0.678303014120311
2016-08-06 16:00:00,2.466982577006022,3.441477448258313,-0.9744948712522912,0.7168382225647097
2016-08-06 17:00:00,3.4600705083211265,3.432067806636499,0.028002701684627596,1.008159134161184
2016-08-06 18:00:00,3.9778256759643553,3.1304465014374467,0.8473791745269086,1.2706895563101963
2016-08-06 19:00:00,3.85142930094401,3.052250089468523,0.799179211475487,1.2618328079448577
2016-08-06 20:00:00,5.094165339152018,3.7757579460884054,1.3184073930636124,1.3491768836584057
2016-08-06 21:00:00,5.960546173095702,4.06426394794612,1.896282225149582,1.4665745752334491
2016-08-06 22:00:00,6.437274495442709,4.919437810672829,1.5178366847698799,1.3085386467284736
2016-08-06 23:00:00,4.978777949015299,6.043115610850734,-1.0643376618354345,0.8238760052969432
2016-08-07 00:00:00,4.7013138529459635,6.132473813429681,-1.4311599604837175,0.7666259972689032
2016-08-07 01:00:00,7.009020924886068,7.7538439001144,-0.744822975228332,0.9039414534489993
2016-08-07 02:00:00,6.327699493408203,7.786298029778462,-1.4585985363702587,0.8126711139501862
2016-08-07 03:00:00,6.785500335693359,6.657177571326658,0.12832276436670131,1.0192758512134938
2016-08-07 04:00:00,7.128293660481771,6.4675943029314125,0.6606993575503584,1.1021553496716543
2016-08-07 05:00:00,6.876227244059245,6.2650269149291775,0.6112003291300674,1.0975574945533935
2016-08-07 06:00:00,6.135921142578125,6.45631653208609,-0.320395389507965,0.9503748944284733
2016-08-07 07:00:00,6.5224675140380866,7.258920079488245,-0.7364525654501586,0.8985451613482871
2016-08-07 08:00:00,7.792770009358724,7.528726355010447,0.2640436543482778,1.0350714904351057
2016-08-07 09:00:00,8.210614156087239,7.528297415597456,0.6823167404897825,1.0906336058238253
2016-08-07 10:00:00,8.300402414957682,8.063969238684722,0.23643317627296057,1.0293197021559477
2016-08-07 11:00:00,9.678690938313803,8.548592497018614,1.130098441295189,1.1321970185956718
2016-08-07 12:00:00,8.72749408976237,8.42676971400517,0.30072437575720024,1.0356867917319967
2016-08-07 13:00:00,8.342771952311198,8.295310689301578,0.047461263009619614,1.0057214569516764
2016-08-07 14:00:00,8.800741333007812,8.17431840523166,0.6264229277761526,1.0766330471510914
2016-08-07 15:00:00,9.699510945638021,8.265325222420643,1.4341857232173787,1.1735183655359362
2016-08-07 16:00:00,8.377481658935547,8.265325222420643,0.11215643651490481,1.0135695128136843
2016-08-07 17:00:00,9.227481811523438,7.964902499965073,1.2625793115583646,1.1585178615261016
2016-08-07 18:00:00,7.7831926472981765,6.777362008686383,1.0058306386117932,1.148410345695367
2016-08-07 19:00:00,7.560053304036459,6.636577501147061,0.9234758028893983,1.1391494038500696
2016-08-07 20:00:00,8.109610865275066,8.313011471424606,-0.2034006061495397,0.9755322596571995
2016-08-07 21:00:00,8.608916564941406,8.623091943205209,-0.01417537826380233,0.9983561142155081
2016-08-07 22:00:00,8.814298344930013,8.933454094632506,-0.1191557497024931,0.9866618501152778
2016-08-07 23:00:00,7.913680979410806,8.395787037692013,-0.48210605828120734,0.9425776218338028
2016-08-08 00:00:00,6.640402938842773,7.875089822760424,-1.234686883917651,0.8432161522336946
2016-08-08 01:00:00,4.4874653625488286,7.7287436610750175,-3.241278298526189,0.5806202869878403
2016-08-08 02:00:00,6.887416147867839,7.902958692043678,-1.0155425441758394,0.8714984370096431
2016-08-08 03:00:00,6.470966725667317,7.607392207991497,-1.1364254823241797,0.8506156313157648
2016-08-08 04:00:00,2.9987977600097655,5.562835219145436,-2.5640374591356703,0.53907722265238
2016-08-08 05:00:00,3.2725694402058916,4.784452702102163,-1.5118832618962714,0.6840007925604553
2016-08-08 06:00:00,3.474777687072754,3.8730745240658906,-0.3982968369931368,0.8971626198984131
2016-08-08 07:00:00,3.9176547749837236,5.036291133547699,-1.1186363585639758,0.777884890110398
2016-08-08 08:00:00,4.1749005839029945,7.382362244550644,-3.20746166064765,0.565523669200158
2016-08-08 09:00:00,4.936050262451173,6.623251510426243,-1.6872012479750707,0.7452608820125435
2016-08-08 10:00:00,7.86969510904948,4.732163643817303,3.1375314652321764,1.6630226047510939
2016-08-08 11:00:00,7.9337148946126295,5.3340584015685995,2.59965649304403,1.487369334441397
2016-08-08 12:00:00,7.848058400472006,5.306948139378725,2.541110261093281,1.4788270385078164
2016-08-08 13:00:00,5.5868017578125,5.161657214102905,0.4251445437095951,1.0823659003445631
2016-08-08 14:00:00,4.909333170572916,5.101872398912032,-0.19253922833911563,0.9622610654903532
2016-08-08 15:00:00,3.4535475921630856,5.331907494095987,-1.8783599019329018,0.6477133363598662
2016-08-08 16:00:00,4.2306791687011716,4.772118995523451,-0.5414398268222795,0.8865410046710519
2016-08-08 17:00:00,3.4512326278686523,3.6039451047416606,-0.15271247687300837,0.9576263032774592
2016-08-08 18:00:00,4.71816700998942,3.334270473064832,1.3838965369245884,1.4150522724848182
2016-08-08 19:00:00,1.6462143786748251,2.606972421064542,-0.9607580423897171,0.6314659738527664
2016-08-08 20:00:00,1.7700545247395834,2.0396891092417024,-0.2696345845021191,0.8678060380474545
2016-08-08 21:00:00,3.2659249369303387,2.470776818056353,0.7951481188739855,1.3218211021987376
2016-08-08 22:00:00,2.9452599754333497,2.311641092116251,0.6336188833170988,1.2740991607555463
2016-08-08 23:00:00,5.747128479003906,3.15676160855738,2.590366870446526,1.8205772850963893
2016-08-09 00:00:00,4.169300008138021,3.940912777447366,0.2283872306906547,1.0579528762975026
2016-08-09 01:00:00,4.686976684570313,3.9346230403539613,0.7523536442163516,1.1912136528709671
2016-08-09 02:00:00,4.071043727397918,3.6348663592142056,0.43617736818371267,1.119998185649391
2016-08-09 03:00:00,3.5587609786987304,3.219375236690232,0.33938574200849825,1.1054197529199525
2016-08-09 04:00:00,3.4506472434997555,2.8869984536087254,0.5636487898910301,1.1952369559417233
2016-08-09 05:00:00,2.2446005439758303,2.6973098251034946,-0.4527092811276643,0.8321626692957699
2016-08-09 06:00:00,2.1733832467397054,2.606919727059058,-0.43353648031935244,0.8336978021151278
2016-08-09 07:00:00,2.014468990325928,2.40238204656671,-0.387913056240782,0.8385298221841293
2016-08-09 08:00:00,2.9999102439880367,2.17743692588222,0.8224733181058168,1.3777254387162465
2016-08-09 09:00:00,2.1890863672892253,2.3014080832454855,-0.11232171595626017,0.951194350635172
2016-08-09 10:00:00,2.0878156725565593,2.4112846248945687,-0.32346895233800943,0.865852023855478
2016-08-09 11:00:00,2.7070759493509926,2.4213887336931275,0.28568721565786515,1.1179848620267312
2016-08-09 12:00:00,3.872275105794271,3.944572148437895,-0.07229704264362402,0.9816717656762205
2016-08-09 13:00:00,3.8413028615315756,4.012641354301368,-0.17133849276979252,0.9573003222463116
2016-08-09 14:00:00,4.740147623697918,3.949441100302912,0.7907065233950057,1.2002071947178452
2016-08-09 15:00:00,5.93632228088379,5.07168491871078,0.8646373621730099,1.1704832567542072
2016-08-09 16:00:00,5.302880933125814,5.561156260967656,-0.25827532784184193,0.9535572611662415
2016-08-09 17:00:00,7.68224045308431,6.1065598860230335,1.5756805670612763,1.2580308056370273
2016-08-09 18:00:00,5.229922559102376,5.992540805108574,-0.7626182460061974,0.8727387479187336
2016-08-09 19:00:00,3.4177714970906576,4.442027198505581,-1.0242557014149236,0.7694170576534266
2016-08-09 20:00:00,1.6627065862019856,3.716274757582367,-2.0535681713803813,0.4474121787711047
2016-08-09 21:00:00,1.898620694478353,3.9233203420103635,-2.0246996475320103,0.48393211080629567
2016-08-09 22:00:00,2.3301949208577475,3.385810805387803,-1.0556158845300554,0.6882236057459957
2016-08-09 23:00:00,2.5639710947672523,3.4316485760611353,-0.867677481293883,0.7471543306191895
2016-08-10 00:00:00,3.1048802642822264,2.919662931911338,0.18521733237088833,1.0634379161876872
2016-08-10 01:00:00,2.740657343546549,3.019634345066668,-0.27897700152011895,0.9076123233344798
2016-08-10 02:00:00,2.1481200459798178,2.9241267485085314,-0.7760067025287136,0.7346193344989165
2016-08-10 03:00:00,3.2966483866373695,2.846556420063531,0.4500919665738383,1.158118055697555
2016-08-10 04:00:00,2.1940753466288245,2.318543338521071,-0.12446799189224667,0.9463162970368969
2016-08-10 05:00:00,1.8731842498779296,2.1630027373602294,-0.28981848748229977,0.8660110398954003
2016-08-10 06:00:00,0.8062656434377033,2.1537188382027357,-1.3474531947650323,0.374359748884644
2016-08-10 07:00:00,1.3090430183410644,1.8924764431932541,-0.5834334248521897,0.6917090160088132
2016-08-10 08:00:00,0.8193841800689697,1.2413457761712472,-0.42196159610227746,0.6600773094795896
2016-08-10 09:00:00,0.9500494944254556,0.8748579845915412,0.07519150983391443,1.0859471035965
2016-08-10 10:00:00,0.7909037097295125,0.4831778980536297,0.3077258116758828,1.636878907159216
2016-08-10 11:00:00,0.5518764649629593,0.4186512206916612,0.13322524427129806,1.3182249034200695
2016-08-10 12:00:00,0.6079860196113586,0.5119031511726709,0.09608286843868763,1.1876973568507645
2016-08-10 13:00:00,0.41273814499378203,0.7508447088933317,-0.33810656389954963,0.5496984131407356
2016-08-10 14:00:00,1.4149600372314453,0.8220628123100512,0.5928972249213941,1.7212310495536387
2016-08-10 15:00:00,1.5424692204793296,1.2543198076008242,0.2881494128785054,1.229725633871363
2016-08-10 16:00:00,1.3342099844614665,1.4566262071096394,-0.12241622264817287,0.9159590689425522
2016-08-10 17:00:00,1.1123903195063274,1.5287015890748032,-0.41631126956847586,0.7276700223616339
2016-08-10 18:00:00,0.7855052836934725,1.8269626446935083,-1.041457361000036,0.429951474911108
2016-08-10 19:00:00,0.36454713626702623,1.7666529303446152,-1.402105794077589,0.2063490400437143
2016-08-10 20:00:00,0.531031107040743,1.4252316755497956,-0.8942005685090526,0.372592832555376
2016-08-10 21:00:00,1.4106691646575928,1.8063913915845906,-0.39572222692699777,0.7809321785020992
2016-08-10 22:00:00,2.2599131520589193,2.2466789978723187,0.013234154186600566,1.0058905407488714
2016-08-10 23:00:00,1.6376022796630858,3.69929151337871,-2.061689233715624,0.4426799763523904
2016-08-11 00:00:00,2.1514604148864747,3.670450868052671,-1.5189904531661962,0.5861569851302533
2016-08-11 01:00:00,2.9780202738444013,3.452353209375655,-0.4743329355312538,0.8626059076912831
2016-08-11 02:00:00,1.9880660959879557,3.602313451818004,-1.6142473558300483,0.5518859262468192
2016-08-11 03:00:00,2.3519046707153324,3.584788584885607,-1.2328839141702748,0.6560790448372796
2016-08-11 04:00:00,2.935501708984375,2.9426010401311564,-0.007099331146781296,0.9975873959636523
2016-08-11 05:00:00,3.5987771377563478,3.458121668723973,0.1406554690323749,1.040673950342608
2016-08-11 06:00:00,3.0553705088297525,3.2521375549568132,-0.19676704612706075,0.9394960874803238
2016-08-11 07:00:00,2.2094492060343427,3.026756841487902,-0.8173076354535591,0.7299724826749595
2016-08-11 08:00:00,3.668322982788086,5.579254069665148,-1.9109310868770621,0.6574934457158086
2016-08-11 09:00:00,3.808574935913086,6.280936071103703,-2.472361135190617,0.6063705939366189
2016-08-11 10:00:00,5.336556948343913,6.502048847585432,-1.1654918992415197,0.8207500548578114
2016-08-11 11:00:00,4.677287282307942,6.98698062394621,-2.309693341638268,0.6694289756976933
2016-08-11 12:00:00,3.631565622965495,6.580512053483586,-2.9489464305180912,0.5518667230528086
2016-08-11 13:00:00,5.945950856526693,6.593918251719031,-0.6479673951923379,0.9017325707634587
2016-08-11 14:00:00,6.993763422648112,6.594347191132021,0.3994162315160903,1.0605694877657061
2016-08-11 15:00:00,3.7381011250813803,6.4222478982503555,-2.684146773168975,0.5820549415571096
2016-08-11 16:00:00,3.1987480799357093,6.399643947761243,-3.2008958678255337,0.49983219473556995
2016-08-11 17:00:00,2.0258217697143555,5.425855458792121,-3.4000336890777656,0.37336449249337994
2016-08-11 18:00:00,2.717927782694499,3.5851756827663164,-0.8672479000718174,0.7581017007783981
2016-08-11 19:00:00,5.074063385009766,3.983444464250794,1.0906189207589723,1.2737879065584252
2016-08-11 20:00:00,5.465257919311524,3.8861344837875875,1.5791234355239365,1.4063481184482471
2016-08-11 21:00:00,5.194178553263346,4.300940448984004,0.8932381042793418,1.2076843692384414
2016-08-11 22:00:00,3.137779197692871,4.512610716232894,-1.3748315185400228,0.6953356704148135
2016-08-11 23:00:00,2.130283126831055,4.266587670103608,-2.1363045432725527,0.4992943521958203
2016-08-12 00:00:00,1.5668761304219565,3.5902749277412345,-2.023398797319278,0.43642232474038756
2016-08-12 01:00:00,1.3954449952443442,3.3944396802806303,-1.998994685036286,0.41109730225902197
2016-08-12 02:00:00,2.340933926900228,2.7725439058643806,-0.43160997896415276,0.844327089626524
2016-08-12 03:00:00,2.537510246276855,2.847399669089402,-0.30988942281254683,0.8911675708272982
2016-08-12 04:00:00,1.838966335296631,2.640451050623648,-0.801484715327017,0.6964591655135154
2016-08-12 05:00:00,4.481887278238932,2.2437632623296766,2.2381240159092552,1.9974867016876967
2016-08-12 06:00:00,4.231874764760335,2.623694514622838,1.6081802501374973,1.6129449298210987
2016-08-12 07:00:00,4.855077891031901,3.430837690838862,1.4242402001930392,1.4151289942966678
2016-08-12 08:00:00,4.724825256347656,4.187633285081357,0.5371919712662994,1.1282805667774376
2016-08-12 09:00:00,5.95064463297526,4.287127855265577,1.6635167777096829,1.388025931082625
2016-08-12 10:00:00,7.6665353597005215,3.2399775452066097,4.426557814493911,2.366231016336144
2016-08-12 11:00:00,6.136498596191406,3.652214116819227,2.484284479372179,1.6802132623965056
2016-08-12 12:00:00,6.514673080444336,5.1817509053708015,1.3329221750735343,1.2572339349025794
2016-08-12 13:00:00,5.40248410542806,5.915444165413328,-0.512960059985268,0.9132846079446638
2016-08-12 14:00:00,5.297857676188151,6.2154149052683225,-0.9175572290801712,0.852373937530312
2016-08-12 15:00:00,6.950014668782552,7.215672629511162,-0.2656579607286096,0.9631832021255922
2016-08-12 16:00:00,6.536433380126954,7.48933559662916,-0.9529022165022063,0.8727654537298217
2016-08-12 17:00:00,6.690491587320963,7.743606946852123,-1.0531153595311595,0.8640019610035521
2016-08-12 18:00:00,8.05626835123698,6.495451090596994,1.5608172606399862,1.2402938978171156
2016-08-12 19:00:00,6.1595267410278325,5.556961333545055,0.6025654074827775,1.1084343351186092
2016-08-12 20:00:00,2.886890668233236,4.233498339406439,-1.346607671173203,0.6819160979375735
2016-08-12 21:00:00,6.662213887532553,3.7436030475896973,2.9186108399428554,1.7796261523566155
2016-08-12 22:00:00,6.1733226928710945,4.585208630686535,1.5881140621845597,1.3463559000469678
2016-08-12 23:00:00,5.763033706665039,5.260334336900129,0.5026993697649091,1.0955641481262093
2016-08-13 00:00:00,4.29884297434489,4.814834567117595,-0.5159915927727052,0.8928329549894372
2016-08-13 01:00:00,3.971477951049805,5.526097854948404,-1.5546199038985988,0.7186767327135734
2016-08-13 02:00:00,5.143198221842448,5.116692148951808,0.026506072890640553,1.0051803141793612
2016-08-13 03:00:00,4.790241539001465,4.603365606750022,0.18687593225144283,1.0405955008173633
2016-08-13 04:00:00,3.7218885930379235,4.612410932966077,-0.8905223399281539,0.8069290978469928
2016-08-13 05:00:00,2.9848685684204104,4.0609636102516635,-1.0760950418312532,0.735014852358018
2016-08-13 06:00:00,3.5845235595703127,3.285718440810451,0.2988051187598617,1.0909405733152713
2016-08-13 07:00:00,6.086056421915689,2.6408327046679894,3.4452237172477,2.3045974897076413
2016-08-13 08:00:00,7.193558095296224,4.133643659477947,3.0599144358182766,1.7402463027509063
2016-08-13 09:00:00,3.6314400583902993,3.4067129875673845,0.22472707082291477,1.065965953587239
2016-08-13 10:00:00,2.429733426411947,2.04104680189871,0.388686624513237,1.1904349396357086
2016-08-13 11:00:00,4.972706970214844,2.634971634741514,2.33773533547333,1.8871956360557396
2016-08-13 12:00:00,4.109903137207032,2.816180219568015,1.2937229176390166,1.4593892495408074
2016-08-13 13:00:00,2.967408177693685,2.2751130027417075,0.6922951749519775,1.3042904568334417
2016-08-13 14:00:00,2.4321699295043944,2.580738591582311,-0.14856866207791652,0.9424317276602487
2016-08-13 15:00:00,2.3006318537394206,2.5119915036518026,-0.21135964991238199,0.9158597273895559
2016-08-13 16:00:00,1.9797175051371256,2.3117168928720337,-0.3319993877349081,0.8563840629626415
2016-08-13 17:00:00,1.4133922271728516,1.8056376666767417,-0.3922454395038901,0.7827662510907772
2016-08-13 18:00:00,1.2906941887537637,1.9882870458792954,-0.6975928571255317,0.6491488195473155
2016-08-13 19:00:00,1.2616474316914879,1.6415455577954254,-0.3798981261039376,0.7685729011297524
2016-08-13 20:00:00,0.7689591751098632,1.3978687689740537,-0.6289095938641904,0.5500939660267467
2016-08-13 21:00:00,0.8540752398173015,1.290587300610495,-0.4365120607931936,0.6617725429448226
2016-08-13 22:00:00,1.9634717356363933,1.005219861121713,0.9582518745146804,1.9532759066711818
2016-08-13 23:00:00,1.487222962697347,0.8477480635656168,0.6394748991317302,1.7543218635523712
2016-08-14 00:00:00,0.6169293444156647,0.5294578040940547,0.08747154032160998,1.1652096534326863
2016-08-14 01:00:00,0.7017865784962972,0.497688917219603,0.2040976612766942,1.4100908302658406
2016-08-14 02:00:00,0.027374964296817784,0.5864275883268719,-0.5590526240300542,0.04668089435376139
2016-08-14 03:00:00,0.06256689587607979,0.529334616168686,-0.46676772029260627,0.11819913900386451
2016-08-14 04:00:00,0.07872892320156098,0.44220083789166087,-0.3634719146900999,0.17803883768499226
2016-08-14 05:00:00,0.2145191391011079,0.34082389604598007,-0.12630475694487217,0.6294134348847635
2016-08-14 06:00:00,0.2326560893058777,0.6571197886734034,-0.4244636993675257,0.3540543038211723
2016-08-14 07:00:00,0.035104993045330046,0.22523670430872877,-0.19013171126339873,0.15585822547470826
2016-08-14 08:00:00,0.012980579465627671,0.3370778156871268,-0.3240972362214991,0.03850914792231878
2016-08-14 09:00:00,0.07986137558023135,0.39438902401782855,-0.3145276484375972,0.2024939101160715
2016-08-14 10:00:00,0.02356689841548602,0.21941823253405285,-0.19585133411856684,0.10740629045869526
2016-08-14 11:00:00,0.02254677460590998,0.12562945257394628,-0.1030826779680363,0.17947045174489484
2016-08-14 12:00:00,0.035349950730800626,0.3475971933639401,-0.3122472426331395,0.10169803268172142
2016-08-14 13:00:00,0.0116398031214873,0.2254695443403848,-0.2138297412188975,0.05162472455222169
2016-08-14 14:00:00,0.006677315925558407,0.20273602097425586,-0.19605870504869746,0.03293601153593873
2016-08-14 15:00:00,0.0,0.3573644527842186,-0.3573644527842186,0.0
2016-08-14 16:00:00,0.0,0.2227962886795246,-0.2227962886795246,0.0
2016-08-14 17:00:00,0.0,0.18119685603999264,-0.18119685603999264,0.0
2016-08-14 18:00:00,0.0,0.4531792542300999,-0.4531792542300999,0.0
2016-08-14 19:00:00,0.0,0.488608376701086,-0.488608376701086,0.0
2016-08-14 20:00:00,0.14881394336620965,0.44686015344554186,-0.2980462100793322,0.3330212869032311
2016-08-14 21:00:00,0.8475692971547444,0.7888465661423842,0.05872273101236014,1.0744412583292666
2016-08-14 22:00:00,1.1016486345926921,1.0569831638438956,0.044665470748796565,1.0422575044491373
2016-08-14 23:00:00,1.0900731423695882,0.6871449981407572,0.40292814422883094,1.5863800876366034
2016-08-15 00:00:00,0.7417899709145228,0.303703256419504,0.4380867144950188,2.4424827697266815
2016-08-15 01:00:00,0.059379468540350595,0.13521211650048437,-0.07583264796013378,0.43915789558798807
2016-08-15 02:00:00,0.0,0.11512261153733559,-0.11512261153733559,0.0
2016-08-15 03:00:00,0.02358028210202853,0.19113451472445417,-0.16755423262242564,0.12337008904970743
2016-08-15 04:00:00,0.0,0.17195457293086766,-0.17195457293086766,0.0
2016-08-15 05:00:00,0.0,0.1453899602755462,-0.1453899602755462,0.0
2016-08-15 06:00:00,0.06910787878309688,0.20165803132745352,-0.13255015254435665,0.34269837074269105
2016-08-15 07:00:00,0.00018455636501312248,-0.007233667476136138,0.007418223841149261,-0.02551352624681377
2016-08-15 08:00:00,0.22878447196384272,0.15460886414780906,0.07417560781603366,1.4797629697681522
2016-08-15 09:00:00,0.06139663302898407,0.27902147392235643,-0.21762484089337236,0.22004268046433217
2016-08-15 10:00:00,0.0525742679933707,0.32454727706997627,-0.2719730090766056,0.16199263314735823
2016-08-15 11:00:00,0.09531725675504032,0.2613807897220222,-0.1660635329669819,0.3646681795414651
2016-08-15 12:00:00,0.18642022212346393,0.2183033964055626,-0.031883174282098664,0.8539501684029399
2016-08-15 13:00:00,0.24128664722045262,0.19259744107962737,0.04868920614082525,1.2528029753037853
2016-08-15 14:00:00,0.34862274436155954,0.22610657808787563,0.12251616627368392,1.5418514017140554
2016-08-15 15:00:00,0.23414444078008334,0.7481736947170428,-0.5140292539369594,0.3129546553606594
2016-08-15 16:00:00,0.513094232360522,0.9247063390999697,-0.4116121067394477,0.5548726235184287
2016-08-15 17:00:00,0.7823883539835612,1.0938328286751304,-0.3114444746915692,0.7152723281593255
2016-08-15 18:00:00,1.096517007191976,1.3954957070749199,-0.2989786998829438,0.7857544825346477
2016-08-15 19:00:00,1.6542027428944905,1.5761818004336412,0.07802094246084934,1.0494999640519793
2016-08-15 20:00:00,2.677675328572591,2.3172028750882547,0.36047245348433643,1.1555636139414884
2016-08-15 21:00:00,2.23238175201416,2.3495808512817544,-0.11719909926759442,0.9501191460580471
2016-08-15 22:00:00,1.8791409301757813,1.9282800806830809,-0.049139150507299556,0.9745165907175205
2016-08-15 23:00:00,2.785884159723918,1.8707246173910304,0.9151595423328875,1.4892005663608558
2016-08-16 00:00:00,1.5434793835481009,1.0349588099604712,0.5085205735876297,1.4913437797655464
2016-08-16 01:00:00,0.691647831439972,0.6504954123991215,0.04115241904085054,1.0632631964137524
2016-08-16 02:00:00,0.6469869370063146,0.31280817845982256,0.33417875854649204,2.0683184825661916
2016-08-16 03:00:00,0.5418244733810424,0.22094584679923757,0.3208786265818049,2.452295353048076
2016-08-16 04:00:00,1.0431433874766032,0.6690894200544159,0.37405396742218733,1.5590492932794635
2016-08-16 05:00:00,2.268909184773763,0.783191290596406,1.4857178941773568,2.8970051276310436
2016-08-16 06:00:00,1.3469596563975015,1.231407580695864,0.1155520757016375,1.0938373918701552
2016-08-16 07:00:00,0.47776797958215084,0.5266841804397963,-0.04891620085764542,0.9071242261030149
2016-08-16 08:00:00,1.0629436645507813,0.7930426923151579,0.26990097223562337,1.340335993069543
2016-08-16 09:00:00,1.0278926989237467,1.0117217064892414,0.01617099243450526,1.0159836369337374
2016-08-16 10:00:00,0.6247644458611805,1.0183952360188442,-0.39363079015766367,0.6134793484536881
2016-08-16 11:00:00,0.6082854457298914,0.8449933921997563,-0.23670794646986493,0.7198700621153411
2016-08-16 12:00:00,0.48714568789800006,0.6667301756083823,-0.17958448771038227,0.7306489277367507
2016-08-16 13:00:00,0.6504213821917463,0.6139791452680771,0.03644223692366921,1.0593541933867439
2016-08-16 14:00:00,1.0017097447713217,0.773974962935307,0.2277347818360147,1.2942405022668027
2016-08-16 15:00:00,1.2861290906270346,1.1676849574337698,0.11844413319326486,1.101435008166561
2016-08-16 16:00:00,0.5822135651906332,1.215943102033504,-0.6337295368428709,0.4788164546654839
2016-08-16 17:00:00,0.8349376284281413,1.1988235451351354,-0.3638859167069941,0.6964641558937886
2016-08-16 18:00:00,1.0091366494496663,1.2778604843135777,-0.2687238348639114,0.7897080016460009
2016-08-16 19:00:00,1.5770922266642255,1.291707445551331,0.28538478111289445,1.220936081227809
2016-08-16 20:00:00,0.7788503902753194,1.530495591095022,-0.7516452008197025,0.5088877059215023
2016-08-16 21:00:00,2.442526186625163,1.5698362452697174,0.8726899413554454,1.5559114487164274
2016-08-16 22:00:00,3.096957305908203,1.779024645297805,1.317932660610398,1.7408175395961303
2016-08-16 23:00:00,2.0576864751180013,1.73305751719642,0.3246289579215813,1.1873157438229378
2016-08-17 00:00:00,1.9209968903859456,1.3426722258784585,0.5783246645074871,1.4307266161919092
2016-08-17 08:00:00,0.5695522384643554,0.43601835243423187,0.13353388603012356,1.30625748958644
2016-08-17 09:00:00,0.2580622496803601,0.7881031198246695,-0.5300408701443093,0.3274473139222842
2016-08-17 10:00:00,0.2390489852031072,0.3356220070715599,-0.09657302186845274,0.7122565867742343
2016-08-17 11:00:00,0.6195405689875285,0.41183453610503834,0.20770603288249018,1.5043434065702415
2016-08-17 12:00:00,0.4674251022761067,0.6695691857270697,-0.20214408345096302,0.6980982880335818
2016-08-17 13:00:00,0.6662302628954252,0.9828202451518864,-0.3165899822564612,0.6778760065045923
2016-08-17 14:00:00,0.8163308528264364,0.9452597529268006,-0.12892890010036429,0.8636047925438879
2016-08-17 15:00:00,0.5511993715365727,1.3386063542048507,-0.787406982668278,0.41177107056539575
2016-08-17 16:00:00,0.3822835317452749,1.3458530668998,-0.9635695351545253,0.2840455181529383
2016-08-17 17:00:00,0.15906846024592716,1.3508596596010725,-1.1917911993551453,0.11775350541809967
2016-08-17 18:00:00,0.4127972222616275,1.0393774205551105,-0.626580198293483,0.3971581584302272
2016-08-17 19:00:00,1.4543552424112955,0.8441352087387002,0.6102200336725954,1.7228937110494196
2016-08-17 20:00:00,0.9751473369598389,1.4251344903531598,-0.44998715339332085,0.6842493417713787
2016-08-17 21:00:00,1.7106727180480958,1.5788497561267836,0.13182296192131226,1.0834930375165646
2016-08-17 22:00:00,1.314989278157552,2.116640335278738,-0.8016510571211859,0.6212625056039021
2016-08-17 23:00:00,1.8808128433227538,1.7635884431274507,0.11722440019530311,1.066469249473774
2016-08-18 00:00:00,1.238647740046183,1.6019595939017421,-0.3633118538555591,0.7732078541564993
2016-08-18 01:00:00,1.63874898147583,1.3477633934389326,0.29098558803689745,1.2159025756697717
2016-08-18 02:00:00,0.5993430952231089,0.9603460555161865,-0.36100296029307755,0.6240907553902137
2016-08-18 03:00:00,0.01137280457218488,0.5523905693853384,-0.5410177648131534,0.020588339487474853
2016-08-18 04:00:00,0.0,0.2325944137642522,-0.2325944137642522,0.0
2016-08-18 05:00:00,0.010911409094929696,-0.013351168024345094,0.024262577119274792,-0.8172625102937334
2016-08-18 06:00:00,0.2520621652404467,0.3833335170602235,-0.13127135181977678,0.6575531593832599
2016-08-18 07:00:00,0.5141716674168905,0.4666906702815859,0.04748099713530457,1.1017397607427122
2016-08-18 08:00:00,0.7514979457855225,0.5798435986222429,0.17165434716327965,1.2960355992049317
2016-08-18 09:00:00,0.7147619336446127,0.7104344568250545,0.004327476819558251,1.0060913104340377
2016-08-18 10:00:00,0.8507479432423909,0.756805483255478,0.09394245998691286,1.1241302581249935
2016-08-18 11:00:00,1.007342824935913,0.8383299328831765,0.16901289205273662,1.201606653208086
2016-08-18 12:00:00,0.5706038290659587,0.834906249719466,-0.2643024206535073,0.6834346122785467
2016-08-18 13:00:00,0.28648884132007757,0.6732599799700821,-0.38677113865000456,0.425524834155163
2016-08-18 14:00:00,0.09716041376814247,0.35966194674021756,-0.2625015329720751,0.27014371314161034
2016-08-18 15:00:00,0.12842233087867497,0.639172423550027,-0.5107500926713521,0.20091969889033168
2016-08-18 16:00:00,0.2830165268580119,0.6646247171411762,-0.38160819028316434,0.4258290724958021
2016-08-18 17:00:00,0.6233051552772522,1.1780357018926497,-0.5547305466153976,0.5291054882936407
2016-08-18 18:00:00,0.6547229845523834,2.206159844283541,-1.5514368597311574,0.29677042044295177
2016-08-18 19:00:00,1.1905629297892253,3.115989527660798,-1.9254265978715728,0.382081813568543
2016-08-18 20:00:00,2.063401412963867,3.08086305086039,-1.017461637896523,0.6697478527608108
2016-08-18 21:00:00,1.9252789662679037,3.060411158405022,-1.1351321921371185,0.6290916045644308
2016-08-18 22:00:00,1.0340313177108764,2.6208998125122767,-1.5868684948014002,0.3945329435235834
2016-08-18 23:00:00,2.2022506154378254,2.7068518718569177,-0.5046012564190923,0.8135837200160744
2016-08-19 00:00:00,1.775311216990153,2.4462183209569894,-0.6709071039668364,0.7257370291853714
2016-08-19 01:00:00,1.0012236092885336,2.44866960371147,-1.4474459944229363,0.40888472980224455
2016-08-19 02:00:00,0.6619397414326668,2.387910390416508,-1.7259706489838416,0.2772045986688842
2016-08-19 03:00:00,0.6248648040791354,2.493583507839667,-1.8687187037605315,0.250589082785718
2016-08-19 04:00:00,0.7192144136428834,1.9445431346263709,-1.2253287209834873,0.36986292607033117
2016-08-19 05:00:00,0.5816715507507325,1.986202103416542,-1.4045305526658094,0.2928561749834909
2016-08-19 06:00:00,0.9237231113115947,2.006376820928064,-1.0826537096164695,0.4603936317826478
2016-08-19 07:00:00,1.5294228553771971,2.496679482755305,-0.9672566273781078,0.6125827788232332
2016-08-19 08:00:00,1.0625269063313802,1.9365445061699211,-0.8740175998385409,0.5486715657430645
2016-08-19 09:00:00,0.8934130344390867,1.4747226640032416,-0.5813096295641549,0.6058176606670248
2016-08-19 10:00:00,1.5632786750793457,1.1135437922808782,0.4497348827984675,1.4038771406351904
2016-08-19 11:00:00,3.643308776855468,1.3337430831856742,2.3095656936697937,2.731642115176595
2016-08-19 12:00:00,4.049879750569662,1.5695544945146962,2.4803252560549662,2.5802734245438725
2016-08-19 13:00:00,5.877530568440755,1.9753906846398912,3.9021398838008636,2.9753762707007065
2016-08-19 14:00:00,5.66213730875651,3.1994547934267215,2.462682515329788,1.76971942856932
2016-08-19 15:00:00,5.735731557210286,3.932700808603619,1.8030307486066675,1.4584713753617247
2016-08-19 16:00:00,5.652655929565429,5.024216631857143,0.6284392977082867,1.1250820463678914
2016-08-19 17:00:00,5.3143906453450525,5.141542061834662,0.17284858351039034,1.0336180432702153
2016-08-19 18:00:00,2.962011164836089,5.134490808468996,-2.172479643632907,0.5768850846807344
2016-08-19 19:00:00,2.524498850504558,4.272286041352283,-1.747787190847725,0.5909011770441972
2016-08-19 20:00:00,2.638039031982422,3.4246874956149784,-0.7866484636325564,0.7703006581944213
2016-08-19 21:00:00,3.680390940348307,4.187276323621768,-0.5068853832734614,0.878946278177545
2016-08-19 22:00:00,2.0786956125895184,3.417376415725102,-1.3386808031355835,0.6082723585919226
2016-08-19 23:00:00,1.7446799214680988,4.246373226951039,-2.5016933054829398,0.41086353653392965
2016-08-20 00:00:00,1.6991176452636718,4.486911698046047,-2.787794052782375,0.37868310312494025
2016-08-20 01:00:00,3.319909383138021,4.56363976048946,-1.2437303773514392,0.7274696420783996
2016-08-20 02:00:00,2.261847412109375,5.736037120978111,-3.4741897088687357,0.39432231075305246
2016-08-20 03:00:00,2.348485361735026,6.017247418473399,-3.668762056738373,0.39029230450537905
2016-08-20 04:00:00,3.43051372273763,6.171125113726862,-2.7406113909892316,0.5558976134038994
2016-08-20 05:00:00,3.386759440104167,6.289289920031042,-2.9025304799268747,0.5384963140779255
2016-08-20 06:00:00,4.153114807128906,6.834723185024398,-2.6816083778954916,0.6076493070310178
2016-08-20 07:00:00,4.890577433268229,6.7484626728623045,-1.8578852395940757,0.7246950409809307
2016-08-20 08:00:00,4.667869201660157,7.395012449704179,-2.7271432480440225,0.6312185724375466
2016-08-20 09:00:00,5.107562683105469,7.096654231298269,-1.9890915481928007,0.7197141803217156
2016-08-20 10:00:00,5.163705505371094,6.854546640175654,-1.6908411348045602,0.7533256065551797
2016-08-20 11:00:00,5.660508239746093,8.519978771550319,-2.8594705318042255,0.6643805567506235
2016-08-20 12:00:00,5.541682739257812,8.239469115527251,-2.6977863762694394,0.6725776456658512
2016-08-20 13:00:00,5.916976664225261,7.704338949912092,-1.7873622856868314,0.768005756586394
2016-08-20 14:00:00,6.006076924641927,6.530224772167246,-0.5241478475253194,0.9197350985896668
2016-08-20 15:00:00,7.4759302851458385,7.3312959996231895,0.144634285522649,1.0197283380087345
2016-08-20 16:00:00,10.178585978190105,8.396293619857992,1.7822923583321124,1.2122713233987947
2016-08-20 17:00:00,10.025229014078775,7.886658313692541,2.138570700386234,1.2711630978957618
2016-08-20 18:00:00,9.765656616210936,8.263381036230191,1.5022755799807452,1.1817991417065397
2016-08-20 19:00:00,8.917907287597655,8.333901739990472,0.5840055476071839,1.0700758859208546
2016-08-20 20:00:00,8.569178609212239,7.8221138522107525,0.7470647570014863,1.0955067608470497
2016-08-20 21:00:00,9.745090677897135,8.018161744585374,1.7269289333117612,1.215377163534765
2016-08-20 22:00:00,9.244936747233073,8.326720710740954,0.9182160364921188,1.1102734279663875
2016-08-20 23:00:00,8.628494959513347,7.450241024042544,1.1782539354708028,1.1581497741708597
2016-08-21 00:00:00,9.497298817952474,7.450641667192124,2.0466571507603506,1.2746954211705717
2016-08-21 01:00:00,8.43220299275716,7.377620200845877,1.0545827919112831,1.1429434916953805
2016-08-21 02:00:00,6.166271392822265,6.816703924686594,-0.6504325318643289,0.9045825461908655
2016-08-21 03:00:00,7.634343872070312,5.958133263547512,1.6762106085228003,1.2813315067620312
2016-08-21 04:00:00,7.2991829935709625,5.672246931630527,1.6269360619404356,1.2868239132658426
2016-08-21 05:00:00,7.872938903808594,5.143478501407142,2.729460402401452,1.5306642968673305
2016-08-21 06:00:00,6.543470118204753,4.915662560785598,1.627807557419155,1.3311471317020196
2016-08-21 07:00:00,7.163885721842448,4.8076826650042035,2.356203056838244,1.490091218788082
2016-08-21 08:00:00,5.340857315063476,5.645428482728728,-0.3045711676652516,0.9460499466786201
2016-08-21 09:00:00,7.200245930989583,6.397066546836002,0.803179384153581,1.125554326857962
2016-08-21 10:00:00,5.449684666951498,6.720391525255352,-1.2707068583038543,0.810917733955155
2016-08-21 11:00:00,4.236652435302734,6.0241099353238585,-1.7874575000211248,0.7032827223919129
2016-08-21 12:00:00,6.910136759440105,6.1266872487924475,0.7834495106476576,1.1278748985925588
2016-08-21 13:00:00,6.1638591156005855,6.972041023998581,-0.8081819083979953,0.8840824508036974
2016-08-21 14:00:00,7.762038146972657,7.2506444917290995,0.5113936552435572,1.0705307860324569
2016-08-21 15:00:00,7.53267655436198,7.1359582970244215,0.3967182573375583,1.0555942510907026
2016-08-21 16:00:00,6.868661682128906,6.956022274506244,-0.08736059237733862,0.9874410131351197
2016-08-21 17:00:00,6.80519049580892,7.33630164072392,-0.5311111449150001,0.9276050562088677
2016-08-21 18:00:00,2.7526025416056314,3.68245415307782,-0.9298516114721886,0.7474913270284675
2016-08-21 19:00:00,3.5586834411621093,4.073843102114781,-0.5151596609526714,0.873544550430711
2016-08-21 20:00:00,5.854727147420247,4.948447460455444,0.9062796869648029,1.1831442476063778
2016-08-21 21:00:00,8.77346993001302,6.030387960961137,2.7430819690518833,1.454876533120215
2016-08-21 22:00:00,8.762390838623046,6.6548176890847355,2.107573149538311,1.3166988560776298
2016-08-21 23:00:00,9.726449544270833,8.13731434206902,1.5891352022018133,1.1952898874738265
2016-08-22 00:00:00,9.259364440917969,7.67941525690137,1.5799491840165985,1.2057382145856383
2016-08-22 01:00:00,8.71165835571289,6.71456947776173,1.9970888779511604,1.2974261990385838
2016-08-22 02:00:00,7.015357004801433,7.611121696923913,-0.5957646921224802,0.921724455888905
2016-08-22 03:00:00,6.341472691853841,7.542803802608974,-1.2013311107551328,0.8407314916053358
2016-08-22 04:00:00,6.087975672403971,7.515618838653051,-1.42764316624908,0.8100431651873204
2016-08-22 05:00:00,8.72128315226237,6.2635305188546875,2.457752633407682,1.3923909408614317
2016-08-22 06:00:00,9.666215209960937,6.15591876300156,3.5102964469593765,1.5702311193671104
2016-08-22 07:00:00,8.99387052408854,5.404853000611126,3.5890175234774144,1.6640361029377866
2016-08-22 08:00:00,8.522667185465494,5.408177090907596,3.1144900945578975,1.5758853754611846
2016-08-22 09:00:00,8.388170664469401,6.250845203753402,2.1373254607159993,1.3419258341948084
2016-08-22 10:00:00,9.92119757080078,7.983417157940125,1.937780412860655,1.2427256868236407
2016-08-22 11:00:00,10.010273193359374,8.845202834374486,1.165070358984888,1.1317177662062374
2016-08-22 12:00:00,9.437761454264322,9.966942840936127,-0.5291813866718051,0.9469063488055378
2016-08-22 13:00:00,9.793427510579427,9.677583238252154,0.11584427232727279,1.011970372093456
2016-08-22 14:00:00,7.82954404703776,8.77401492677395,-0.9444708797361896,0.8923559068888597
2016-08-22 15:00:00,8.405253479003907,8.039907095850408,0.3653463831534989,1.0454416175209367
2016-08-22 16:00:00,6.743167175292969,7.995144315161306,-1.2519771398683366,0.8434078122274548
2016-08-22 17:00:00,5.861246556599934,5.431832300428288,0.4294142561716461,1.0790551387489977
2016-08-22 18:00:00,4.916228790283203,3.6739423835072627,1.24228640677594,1.3381344281153407
2016-08-22 19:00:00,5.037522206624349,2.895890037804832,2.141632168819517,1.739541951131175
2016-08-22 20:00:00,0.8815607487360636,2.338198045185547,-1.4566372964494834,0.377025697438776
2016-08-22 21:00:00,1.0806579052607217,2.0072788002395607,-0.926620894978839,0.5383696102064892
2016-08-22 22:00:00,1.0291881509429464,1.9516747315246523,-0.922486580581706,0.5273358999421704
2016-08-22 23:00:00,0.5095904698173205,1.492044964908508,-0.9824544950911874,0.34153827920901064
2016-08-23 00:00:00,0.3218755519439777,1.2506699784683277,-0.92879442652435,0.2573624996885051
2016-08-23 01:00:00,0.7054279457728069,0.6893608127816996,0.01606713299110729,1.0233072908891838
2016-08-23 02:00:00,0.9209435189565022,1.0105283821902524,-0.08958486323375026,0.9113484937062519
2016-08-23 03:00:00,0.9297178281148275,1.2928788755183873,-0.3631610474035598,0.7191066740432678
2016-08-23 04:00:00,1.269485652287801,1.3754743095150912,-0.10598865722729012,0.9229439208758067
2016-08-23 05:00:00,1.753722111384074,1.0218618618962085,0.7318602494878654,1.7162027244365454
2016-08-23 06:00:00,1.7860373318990073,1.25456744828242,0.5314698836165872,1.423627987753231
2016-08-23 07:00:00,0.7663765602111816,0.7747654948377802,-0.008388934626598621,0.9891722918967176
2016-08-23 08:00:00,0.7954599933624267,0.9497347858361962,-0.15427479247376952,0.8375601328133538
2016-08-23 09:00:00,1.1040670944849649,1.253125269609898,-0.14905817512493313,0.8810508584099215
2016-08-23 10:00:00,1.790526537577311,1.2526963301969074,0.5378302073804035,1.4293380561718927
2016-08-23 11:00:00,2.4648107884724935,1.667585563113298,0.7972252253591954,1.4780715562629458
2016-08-23 12:00:00,3.3862539978027346,2.7055961597754967,0.6806578380272379,1.251574070124241
2016-08-23 13:00:00,3.688667322794596,3.261230787283387,0.4274365355112093,1.1310660187490946
2016-08-23 14:00:00,4.56086127726237,3.6494897759075693,0.9113715013548003,1.2497257308052485
2016-08-23 15:00:00,3.252685892740886,4.504404856985775,-1.2517189642448887,0.7221122425743709
2016-08-23 16:00:00,4.007462041219076,3.7009340483066278,0.3065279929124478,1.0828244948198147
2016-08-23 17:00:00,2.714924611409505,2.583721722287685,0.1312028891218202,1.0507805805826682
2016-08-23 18:00:00,2.9090485458374022,2.136984325639933,0.7720642201974695,1.3612867960396808
2016-08-23 19:00:00,3.299588373819987,1.7782297157750655,1.5213586580449214,1.8555467522270128
2016-08-23 20:00:00,3.7821735967000327,1.5424790580378827,2.23969453866215,2.452009689850288
2016-08-23 21:00:00,2.9560562693277994,1.5332741745283425,1.422782094799457,1.9279371676870025
2016-08-23 22:00:00,2.667416389465332,1.5096260287155958,1.1577903607497364,1.7669385256524726
2016-08-23 23:00:00,1.973772523244222,1.3796929770468114,0.5940795461974107,1.4305882222210182
2016-08-24 00:00:00,1.4866178410847983,1.1185040603794916,0.36811378070530676,1.329112601147296
2016-08-24 01:00:00,1.612423521677653,0.9594147565079584,0.6530087651696946,1.6806323967191117
2016-08-24 02:00:00,1.0788077634175617,0.6043913224343659,0.4744164409831958,1.7849491271190698
2016-08-24 03:00:00,0.8546087011496226,0.5630964922557863,0.29151220889383633,1.517694947318935
2016-08-24 04:00:00,0.4769858787059784,0.742544454139977,-0.26555857543399863,0.6423667647729301
2016-08-24 05:00:00,0.39183527012666064,0.6333275227227392,-0.24149225259607854,0.6186929449112224
2016-08-24 06:00:00,1.3263678404490153,1.047610805802859,0.2787570346461563,1.2660883537112095
2016-08-24 07:00:00,1.276315781911214,0.6747833765211648,0.6015324053900493,1.8914452049652442
2016-08-24 08:00:00,1.2127671483357747,0.7882973772881592,0.4244697710476155,1.5384640153286369
2016-08-24 09:00:00,1.0055260334014893,0.685451208699201,0.3200748247022883,1.466954935143674
2016-08-24 10:00:00,0.49325833511352535,0.7433715196228238,-0.2501131845092984,0.6635421482972574
2016-08-24 11:00:00,0.15475928104420503,0.44465331191238916,-0.2898940308681841,0.34804481805973264
2016-08-24 12:00:00,0.027561538447936376,0.34885677188744596,-0.3212952334395096,0.0790053129793586
2016-08-24 13:00:00,0.01534280409415563,0.012858813478651119,0.0024839906155045104,1.1931741695785978
2016-08-24 14:00:00,0.22542520649234454,0.27494105219881715,-0.049515845706472605,0.8199037746074151
2016-08-24 15:00:00,0.19516864699125291,0.6199053344595887,-0.4247366874683358,0.31483621150218677
2016-08-24 16:00:00,0.17142097343007723,0.32408063620340877,-0.15265966277333154,0.5289454360441489
2016-08-24 17:00:00,0.13678188278277714,0.41826274053906454,-0.2814808577562874,0.32702382862621276
2016-08-24 18:00:00,1.5141622474988303,0.9464279801667153,0.5677342673321151,1.5998705440134044
2016-08-24 19:00:00,0.988894415142946,1.3148894434310485,-0.32599502828810256,0.7520741915476505
2016-08-24 20:00:00,1.1854434598286947,1.3497097240333298,-0.16426626420463508,0.8782951168835332
2016-08-24 21:00:00,1.1415152467091878,1.4409067949216308,-0.29939154821244296,0.7922200455521299
2016-08-24 22:00:00,1.31350550587972,2.2661640361523556,-0.9526585302726356,0.5796162523653307
2016-08-24 23:00:00,1.5469398752848305,1.398406154986874,0.14853372029795642,1.1062164377411159
2016-08-25 00:00:00,0.6770332940419516,1.1489340226443308,-0.4719007286023792,0.5892708203415585
2016-08-25 01:00:00,0.3117101717789968,0.8371323981022529,-0.5254222263232562,0.37235468664888827
2016-08-25 02:00:00,0.0,0.23910010882559876,-0.23910010882559876,0.0
2016-08-25 03:00:00,0.17096667013565697,0.6503675843139872,-0.47940091417833025,0.26287698566033846
2016-08-25 04:00:00,0.35542083680629727,1.2432137928717428,-0.8877929560654456,0.28588874966171207
2016-08-25 05:00:00,0.4525742368586362,0.9106979562060789,-0.45812371934744267,0.4969531706692714
2016-08-25 06:00:00,0.23601381643613178,0.984561193749473,-0.7485473773133413,0.23971472564069674
2016-08-25 07:00:00,0.0,0.4864597329730674,-0.4864597329730674,0.0
2016-08-25 08:00:00,0.0012250606020291646,0.06429152881512543,-0.06306646821309626,0.019054774783034138
2016-08-25 09:00:00,0.0,-0.09203772112517032,0.09203772112517032,-0.0
2016-08-25 10:00:00,0.029001237103094657,-0.09727392511625933,0.12627516221935398,-0.2981398876259297
2016-08-25 11:00:00,0.0,-0.11844749812649735,0.11844749812649735,-0.0
2016-08-25 12:00:00,0.0006289031505584717,-0.056049718706330846,0.056678621856889315,-0.011220451504022209
2016-08-25 13:00:00,0.019821541011333467,-0.059460056366107,0.07928159737744048,-0.3333589340933084
2016-08-25 14:00:00,0.06555996163686116,-0.1488420687547043,0.21440203039156547,-0.44046661125696746
2016-08-25 15:00:00,0.0,-0.060721753675802334,0.060721753675802334,-0.0
2016-08-25 16:00:00,0.0003663486440976461,0.014696915919553006,-0.01433056727545536,0.024926906168813972
2016-08-25 17:00:00,0.0,0.13269067404663074,-0.13269067404663074,0.0
2016-08-25 18:00:00,0.0,0.11878120223238764,-0.11878120223238764,0.0
2016-08-25 19:00:00,0.0,0.5725568782643153,-0.5725568782643153,0.0
2016-08-25 20:00:00,0.0,0.38148494547289646,-0.38148494547289646,0.0
2016-08-25 21:00:00,0.077527235776186,0.5091693510519426,-0.4316421152757566,0.15226218077740722
2016-08-25 22:00:00,0.7763057916859786,1.2197880679299251,-0.44348227624394654,0.6364267794514744
2016-08-25 23:00:00,3.1120715065002442,1.324508872264225,1.7875626342360191,2.3496041224549984
2016-08-26 00:00:00,0.3737598726550738,1.3981149418915768,-1.024355069236503,0.267331291195126
2016-08-26 01:00:00,0.0,1.1681452336103832,-1.1681452336103832,0.0
2016-08-26 02:00:00,0.11321292442083361,0.6482375625173509,-0.5350246380965172,0.1746472758863049
2016-08-26 03:00:00,1.2745542942682904,0.6303728710908101,0.6441814231774803,2.021905371756839
2016-08-26 04:00:00,2.1282523854573565,1.0820484015080203,1.0462039839493362,1.9668735543541964
2016-08-26 05:00:00,2.9654219029744464,1.1746709833911886,1.7907509195832578,2.5244702090226934
2016-08-26 06:00:00,1.4323979396820068,1.528851626283676,-0.0964536866016692,0.9369110220092919
2016-08-26 07:00:00,0.9836745624542236,1.0462610448332748,-0.06258648237905118,0.9401808155927046
2016-08-26 08:00:00,1.254808499654134,1.2761978196030608,-0.021389319948926788,0.9832398084212528
2016-08-26 09:00:00,1.2518795115152996,1.078414959359299,0.17346455215600054,1.160851396441179
2016-08-26 10:00:00,1.2597839139302571,1.1058844982022376,0.15389941572801957,1.1391640953265947
2016-08-26 11:00:00,1.582764270782471,1.5512623510409347,0.031501919741536266,1.0203072805321407
2016-08-26 12:00:00,1.9938632520039876,1.4651239180768019,0.5287393339271858,1.3608836955042252
2016-08-26 13:00:00,1.740917556762695,1.4509711407322994,0.2899464160303957,1.1998292094797012
2016-08-26 14:00:00,1.4340208307902018,1.5283583363237767,-0.0943375055335749,0.938275270078031
2016-08-26 15:00:00,1.0292251199086506,1.4857868409374246,-0.456561721028774,0.6927138480101787
2016-08-26 16:00:00,0.7134585492809613,1.2517304646021468,-0.5382719153211855,0.5699777783292418
2016-08-26 17:00:00,0.363924862181147,1.0796908284715951,-0.7157659662904481,0.3370639562589572
2016-08-26 18:00:00,0.04169069847216209,0.42188648001922596,-0.38019578154706385,0.09881970730671955
2016-08-26 19:00:00,0.0,0.7854830839098432,-0.7854830839098432,0.0
2016-08-26 20:00:00,0.0,0.5063748480140697,-0.5063748480140697,0.0
2016-08-26 21:00:00,0.0,0.7779567163164655,-0.7779567163164655,0.0
2016-08-26 22:00:00,0.01845045905560255,0.9912979138094741,-0.9728474547538716,0.018612425990789182
2016-08-26 23:00:00,0.17854506922761598,0.7330280170441087,-0.5544829478164928,0.24357195779172017
2016-08-27 00:00:00,0.37408133468528587,0.3824143446875202,-0.008333010002234353,0.978209473263762
2016-08-27 01:00:00,0.0641140124797821,0.3454663537763563,-0.2813523412965742,0.1855868502936394
2016-08-27 02:00:00,0.41352364563941957,0.5790223645737435,-0.16549871893432389,0.714175601738357
2016-08-27 03:00:00,0.8760641199747722,0.5996210924165515,0.2764430275582207,1.4610295252358771
2016-08-27 04:00:00,1.0824725659688315,0.5806057233355384,0.5018668426332931,1.8643849388016775
2016-08-27 05:00:00,0.9995783729553223,0.6007017326038628,0.3988766403514594,1.6640177956911297
2016-08-27 06:00:00,0.9972532478968301,0.9889167320300508,0.008336515866779304,1.008429947230912
2016-08-27 07:00:00,0.10373485215504964,0.5345056828238848,-0.43077083066883515,0.19407623808038993
2016-08-27 08:00:00,0.6408242661828797,0.6781508197780798,-0.037326553595200096,0.9449583300549353
2016-08-27 09:00:00,1.2308763982355595,1.1444643050835064,0.08641209315205312,1.0755044021628513
2016-08-27 10:00:00,1.5848464813232424,1.4423382491644867,0.14250823215875563,1.0988036143680633
2016-08-27 11:00:00,2.304487416585286,1.2561469038856563,1.04834051269963,1.8345684007633056
2016-08-27 12:00:00,2.310904235839844,1.4196247192937732,0.8912795165460707,1.627827555010073
2016-08-27 13:00:00,3.6592085469563806,1.9069230021973467,1.752285544759034,1.9189073406424255
2016-08-27 14:00:00,3.8827800178527836,2.427944495715474,1.4548355221373095,1.599204604843569
2016-08-27 15:00:00,3.86095398457845,2.262414145379965,1.598539839198485,1.706563757331006
2016-08-27 16:00:00,5.714740859985351,1.6271852158861382,4.087555644099213,3.5120407954746553
2016-08-27 17:00:00,4.019008697509765,1.6251359135608694,2.3938727839488956,2.473029279565689
2016-08-27 18:00:00,3.0676003545125323,1.300737248136943,1.7668631063755893,2.3583551243006857
2016-08-27 19:00:00,2.2439586105346683,2.4464925188615423,-0.202533908326874,0.9172145809703429
2016-08-27 20:00:00,1.1188112157185872,2.4790923761779844,-1.3602811604593972,0.4512987198336909
2016-08-27 21:00:00,0.7016156336466471,1.755725852903609,-1.054110219256962,0.3996157102125707
2016-08-27 22:00:00,0.7137425893147786,2.619251128973118,-1.9055085396583396,0.27249872355485155
2016-08-27 23:00:00,0.2816946351925532,1.5793119500024004,-1.2976173148098473,0.17836541741618878
2016-08-28 00:00:00,0.23755739037195842,0.9055783727132213,-0.6680209823412628,0.2623267047116066
2016-08-28 01:00:00,0.12389734460910161,0.8032110381932153,-0.6793136935841136,0.15425254225564772
2016-08-28 02:00:00,0.913829595764478,1.6443148417808078,-0.7304852460163298,0.5557509866995984
2016-08-28 03:00:00,1.6944980214436849,2.270441178818984,-0.5759431573752991,0.746329848688312
2016-08-28 04:00:00,1.7972930316925049,2.4945347177712485,-0.6972416860787436,0.7204922901607491
2016-08-28 05:00:00,1.6938488260904947,2.1994191746828737,-0.505570348592379,0.770134608985904
2016-08-28 06:00:00,2.331425708770752,2.1148246574182594,0.21660105135249275,1.1024203356967266
2016-08-28 07:00:00,2.8158832321166996,1.657755174651621,1.1581280574650785,1.6986122409230062
2016-08-28 08:00:00,3.0925400441487625,2.7073759336584087,0.3851641104903538,1.1422647315808452
2016-08-28 09:00:00,2.666304364522298,2.3840030080853953,0.2823013564369026,1.1184148490918306
2016-08-28 10:00:00,1.1710002965927124,1.1538674619308489,0.01713283466186355,1.014848182505462
2016-08-28 11:00:00,0.8792335392634074,1.7233803398823588,-0.8441468006189514,0.5101796271642658
2016-08-28 12:00:00,0.871598251024882,1.6443909745144052,-0.7727927234895232,0.5300431980796223
2016-08-28 13:00:00,0.44845716190338136,1.1960030818422127,-0.7475459199388313,0.37496321599156696
2016-08-28 14:00:00,1.1451988665262858,0.7340039307731305,0.41119493575315524,1.5602080840630395
2016-08-28 15:00:00,0.5034073250691096,0.9543639179495748,-0.4509565928804652,0.5274794191199796
2016-08-28 16:00:00,0.2753601355353991,0.7121280645387004,-0.43676792900330125,0.3866722142368745
2016-08-28 17:00:00,0.3361487483481566,0.6389326945593131,-0.3027839462111565,0.5261097940527308
2016-08-28 18:00:00,1.467344731648763,0.35309770192511025,1.1142470297236526,4.155633762691487
2016-08-28 19:00:00,1.4044585247039794,0.7451016894707895,0.6593568352331899,1.8849219436094689
2016-08-28 20:00:00,1.2333700854678948,0.7426294240627225,0.49074066140517236,1.6608149980382738
2016-08-28 21:00:00,0.5669263146320979,0.8635485726046019,-0.2966222579725041,0.6565077317216292
2016-08-28 22:00:00,0.6883952442804973,0.5216943385009503,0.166700905779547,1.3195375020908788
2016-08-28 23:00:00,0.1009468501607577,0.5166705876241092,-0.4157237374633515,0.19537951758577568
2016-08-29 00:00:00,0.0,0.6397585963970535,-0.6397585963970535,0.0
2016-08-29 01:00:00,0.20480017749468488,0.790940656859744,-0.5861404793650591,0.25893241890965496
2016-08-29 02:00:00,0.29556208924452465,0.6397585963970535,-0.3441965071525288,0.46199002390753324
2016-08-29 03:00:00,0.18451086046298346,0.38234377530760144,-0.19783291484461799,0.48257843432795955
2016-08-29 04:00:00,0.24045358935991923,0.41004959887609727,-0.16959600951617804,0.5864012305315678
2016-08-29 05:00:00,0.07265063720941543,0.44481785439237503,-0.3721672171829596,0.16332671112911334
2016-08-29 06:00:00,0.09113221250971158,0.8818371819144085,-0.7907049694046969,0.10334358130813871
2016-08-29 07:00:00,0.508130289653937,0.6497693321821023,-0.14163904252816528,0.7820164241169973
2016-08-29 08:00:00,0.65751517812411,0.6607566440052844,-0.0032414658811744657,0.9950943120881452
2016-08-29 09:00:00,0.5924988479614258,0.6905471669766297,-0.09804831901520383,0.8580135815421829
2016-08-29 10:00:00,0.3291107203364372,0.8278200377078605,-0.4987093173714233,0.3975631240428866
2016-08-29 11:00:00,0.2554678617517153,0.6862137622233748,-0.4307459004716595,0.3722861239681112
2016-08-29 12:00:00,1.2817230615615844,0.9403072663327998,0.3414157952287846,1.3630896064010085
2016-08-29 13:00:00,1.5410603726704917,0.7555455031160992,0.7855148695543924,2.0396658656754494
2016-08-29 14:00:00,1.6841355260213218,1.002464521160652,0.6816710048606698,1.6799951424429784
2016-08-29 15:00:00,0.7505571858088176,1.5447260229315674,-0.7941688371227498,0.4858836937209207
2016-08-29 16:00:00,0.5123072365423044,1.4629159442030442,-0.9506087076607398,0.3501959484223101
2016-08-29 17:00:00,0.07220636330048244,1.1685291352670635,-1.0963227719665811,0.061792522857361115
2016-08-29 18:00:00,0.004864384114742279,0.3990016366027647,-0.39413725248802245,0.012191388877898586
2016-08-29 19:00:00,0.0,0.5435639307228963,-0.5435639307228963,0.0
2016-08-29 20:00:00,0.0,0.5631845590070635,-0.5631845590070635,0.0
2016-08-29 21:00:00,0.0,0.6693713492615561,-0.6693713492615561,0.0
2016-08-29 22:00:00,0.03780094358325004,0.7232636713127214,-0.6854627277294714,0.0522644024338198
2016-08-29 23:00:00,0.00321469646692276,0.7794582603283208,-0.776243563861398,0.004124270189360334
2016-08-30 00:00:00,0.0,0.6995151174683844,-0.6995151174683844,0.0
2016-08-30 01:00:00,0.0,0.711710512243609,-0.711710512243609,0.0
2016-08-30 02:00:00,0.0,0.6630524867824991,-0.6630524867824991,0.0
2016-08-30 03:00:00,0.0,0.652563744216138,-0.652563744216138,0.0
2016-08-30 04:00:00,0.33470983793338144,0.6006273746306668,-0.2659175366972854,0.5572670378855087
2016-08-30 05:00:00,0.624862010717392,0.5082783599720476,0.11658365074534438,1.2293696917408716
2016-08-30 06:00:00,0.5663763360977172,0.7563111757721985,-0.18993483967448133,0.7488668080561461
2016-08-30 07:00:00,0.04603776678442955,0.2853417338659619,-0.23930396708153234,0.16134256339121988
2016-08-30 08:00:00,0.38042953662077583,0.24989716142007204,0.1305323752007038,1.5223443694155514
2016-08-30 09:00:00,1.2177241554260252,0.5997362566894189,0.6179878987366063,2.0304327808159166
2016-08-30 10:00:00,1.7545197079976398,0.7913317906458949,0.9631879173517449,2.2171732877881465
2016-08-30 11:00:00,1.5095379587809243,1.0347808046234759,0.47475715415744846,1.4587997303740068
2016-08-30 12:00:00,1.680981997172038,1.2031339058477706,0.4778480913242673,1.397169499589124
2016-08-30 13:00:00,1.7367456436157227,1.3951442921446915,0.3416013514710312,1.2448501946317703
2016-08-30 14:00:00,1.5291837768554686,1.0098084319193654,0.5193753449361032,1.5143305685702335
2016-08-30 15:00:00,1.129433064778646,1.4983363226052442,-0.3689032578265983,0.7537914203500288
2016-08-30 16:00:00,1.0354892050425213,1.467885619710739,-0.43239641466821777,0.705429081897113
2016-08-30 17:00:00,0.7742788486480714,0.918197170348278,-0.14391832170020658,0.8432598941188009
2016-08-30 18:00:00,0.7120377120971679,0.5825835771282554,0.12945413496891256,1.2222069760480276
2016-08-30 19:00:00,0.8260382098754248,0.9528188037917392,-0.12678059391631447,0.8669415492097852
2016-08-30 20:00:00,1.6960127194722492,1.0528099564792956,0.6432027629929535,1.6109390959256213
2016-08-30 21:00:00,2.66859446589152,1.6078367967333078,1.0607576691582123,1.6597421276297364
2016-08-30 22:00:00,2.1640138676961262,2.1427791928097677,0.02123467488635855,1.0099098754354219
2016-08-30 23:00:00,2.4967851333618167,2.283270349528241,0.2135147838335758,1.0935127037749566
2016-08-31 00:00:00,2.2029702402750653,1.8479937794159504,0.35497646085911483,1.1920874760581193
2016-08-31 01:00:00,1.6755234985351564,1.7573596686007456,-0.08183617006558919,0.9534323158043401
2016-08-31 02:00:00,2.6035343805948896,1.7573596686007456,0.8461747119941441,1.4815034321732727
2016-08-31 03:00:00,2.245600654602051,1.8717704149788603,0.3738302396231905,1.1997201348154722
2016-08-31 04:00:00,1.7830549405415854,1.9066900960623538,-0.12363515552076842,0.9351571837625335
2016-08-31 05:00:00,0.8572469056447347,1.507125426476006,-0.6498785208312712,0.5687959944045058
2016-08-31 06:00:00,1.086491521199544,1.6917654046051873,-0.6052738834056433,0.6422235129303298
2016-08-31 07:00:00,0.840525622367859,1.2580932782588656,-0.41756765589100664,0.6680948359656621
2016-08-31 08:00:00,0.9104915012319882,2.30924540423958,-1.3987539030075915,0.39428096275969743
2016-08-31 09:00:00,2.6294287999471027,3.4138757277337914,-0.7844469277866888,0.7702180775316556
2016-08-31 10:00:00,3.1552730000813805,3.5638669742669755,-0.40859397418559507,0.8853509468406475
2016-08-31 11:00:00,3.369014307657878,3.5430200824163114,-0.1740057747584336,0.9508877255248965
2016-08-31 12:00:00,2.98742105102539,4.245898047958071,-1.2584769969326808,0.70360169209953
2016-08-31 13:00:00,3.850425852457682,4.161854109848993,-0.31142825739131075,0.9251707894675312
2016-08-31 14:00:00,4.297225474039713,4.067152556514165,0.2300729175255487,1.0565685487152559
2016-08-31 15:00:00,3.9300759175618496,3.338840399176519,0.5912355183853304,1.1770781012866476
2016-08-31 16:00:00,2.55942589823405,2.600384788260149,-0.040958890026099315,0.9842489118491176
2016-08-31 17:00:00,3.443484064737955,1.9492468799563816,1.4942371847815736,1.7665715411149
2016-08-31 18:00:00,1.3736581197579703,1.4443769631277348,-0.07071884336976453,0.9510385133693727
2016-08-31 19:00:00,1.0939540568788846,1.6450124906844865,-0.5510584338056019,0.6650126142347359
2016-08-31 20:00:00,1.8997928174336753,1.4020491783865328,0.4977436390471426,1.355011540764884
2016-08-31 21:00:00,1.3291188894907633,0.9466083975371402,0.3825104919536231,1.4040852510381572
2016-08-31 22:00:00,1.0202978299458823,0.7320969358089578,0.2882008941369244,1.3936649370325065
2016-08-31 23:00:00,1.4811097685496013,0.8610630102125276,0.6200467583370737,1.7200945238421446
2016-09-01 00:00:00,2.119952568054199,0.9846119572555515,1.1353406107986475,2.1530843216278095
2016-09-01 01:00:00,0.9033915818532307,0.6969505700701968,0.20644101178303387,1.2962061021949391
2016-09-01 02:00:00,0.390972317179044,0.5719321702936467,-0.18095985311460272,0.6835991005337353
2016-09-01 03:00:00,0.6912743007342022,0.5969752403822873,0.09429906035191482,1.1579614261581908
2016-09-01 04:00:00,0.9563710039456685,0.5068319314385338,0.44953907250713476,1.886958860763201
2016-09-01 05:00:00,1.2635306224822997,0.47824412052699716,0.7852865019553026,2.642020190629762
2016-09-01 06:00:00,0.6492924505472183,0.5158240094685702,0.13346844107864808,1.258748019922831
2016-09-01 07:00:00,0.016428190365433692,0.16476378840049694,-0.14833559803506324,0.09970752994281203
2016-09-01 09:00:00,0.05428189992904663,0.2837411184725454,-0.22945921854349877,0.19130783800832488
2016-09-01 10:00:00,0.5551755937735239,0.41175104410336355,0.14342454967016033,1.3483283205328214
2016-09-01 11:00:00,1.059505226254463,0.9732949929576483,0.08621023329681476,1.0885756465620346
2016-09-01 12:00:00,1.5525175488789877,1.1596922821494342,0.39282526672955353,1.3387323282012973
2016-09-01 13:00:00,2.0287293752034503,1.393183491788871,0.6355458834145793,1.4561824678230486
2016-09-01 14:00:00,1.9063199946085612,1.8388152454007147,0.06750474920784644,1.0367110014867946
2016-09-01 15:00:00,2.1091277236938475,2.729291229498416,-0.6201635058045687,0.7727748878163724
2016-09-01 16:00:00,2.6928227640787763,2.2625499777411986,0.4302727863375777,1.1901716163490619
2016-09-01 17:00:00,3.9394518330891923,1.9047615013844172,2.034690331704775,2.068212650363798
2016-09-01 18:00:00,2.817448607126872,1.9524204194666985,0.8650281876601735,1.443054261794934
2016-09-01 19:00:00,3.617572611490885,1.8976365438672609,1.7199360676236242,1.9063569486907674
2016-09-01 20:00:00,4.567144098917644,1.960460454061308,2.6066836448563357,2.329628271489132
2016-09-01 21:00:00,3.346110880533854,2.698221547979463,0.6478893325543913,1.2401171738620045
2016-09-01 22:00:00,5.111282969156901,3.4004884898809067,1.710794479275994,1.5031025643424278
2016-09-01 23:00:00,3.611883913675944,3.4887129674813178,0.12317094619462621,1.035305554610745
2016-09-02 00:00:00,3.602080932617188,2.6766012053640345,0.9254797272531534,1.3457667602474543
2016-09-02 01:00:00,3.768314145406087,2.699150082241714,1.069164063164373,1.3961113797260227
2016-09-02 02:00:00,3.554305511474609,2.9718530711096744,0.5824524403649347,1.1959896490264406
2016-09-02 03:00:00,1.9927856419881185,3.220809193759228,-1.2280235517711093,0.6187220422275935
2016-09-02 04:00:00,2.455254997253418,3.365108580693396,-0.9098535834399777,0.7296213297068417
2016-09-02 05:00:00,4.600488159179688,2.839476174635762,1.7610119845439254,1.6201890335529305
2016-09-02 06:00:00,4.135911331176757,3.1015986350727753,1.034312696103982,1.333477286328414
2016-09-02 07:00:00,4.481047871907552,2.567425014821639,1.9136228570859126,1.7453471264160185
2016-09-02 08:00:00,5.0078031311035165,5.296612838431033,-0.2888097073275162,0.9454727547326137
2016-09-02 09:00:00,3.9719732513427735,5.899821496098909,-1.9278482447561354,0.6732361740044388
2016-09-02 10:00:00,3.680858815511068,5.097423465629163,-1.4165646501180946,0.7221018305287589
2016-09-02 11:00:00,1.9871585845947266,4.270089164982429,-2.2829305803877027,0.46536700003614645
2016-09-02 12:00:00,2.7808563919067386,4.302087334259648,-1.5212309423529091,0.6463970105305406
2016-09-02 13:00:00,3.564856338500977,4.91719278676837,-1.3523364482673927,0.7249779484126831
2016-09-02 14:00:00,3.336429448445638,5.199563160886568,-1.8631337124409297,0.6416749533006442
2016-09-02 15:00:00,1.8364158884684243,4.550366506334211,-2.713950617865787,0.40357537923859377
2016-09-02 16:00:00,1.1611719481150307,3.147429620991481,-1.9862576728764505,0.36892705729484954
2016-09-02 17:00:00,1.4415605723063152,2.903935151222771,-1.4623745789164557,0.4964162411475724
2016-09-02 18:00:00,1.5349583714803061,1.7721135182229106,-0.23715514674260452,0.8661738402738299
2016-09-02 19:00:00,0.46882299278179806,1.232173972098796,-0.763350979316998,0.38048441486167645
2016-09-02 20:00:00,0.20280975009004276,1.330619738072889,-1.1278099879828463,0.15241751214645907
2016-09-02 21:00:00,0.7905243757963181,1.479719690549074,-0.6891953147527559,0.534239275752951
2016-09-02 22:00:00,2.5975892086029053,1.9360335252682739,0.6615556833346314,1.3417067290934233
2016-09-02 23:00:00,1.7798141333262125,2.0687342246736704,-0.2889200913474579,0.8603396763578786
2016-09-03 00:00:00,2.1363550415039065,1.877472541930107,0.2588824995737995,1.1378888339467588
2016-09-03 01:00:00,2.775900369644165,1.9404854090843027,0.8354149605598624,1.4305185479101783
2016-09-03 02:00:00,1.9113105703790985,2.56421680841377,-0.6529062380346717,0.7453779119252553
2016-09-03 03:00:00,1.183865026195844,2.2936021569105356,-1.1097371307146915,0.5161597108848647
2016-09-03 04:00:00,1.7744498392740884,1.748097943717274,0.026351895556814497,1.0150746104653485
2016-09-03 05:00:00,1.0295283457239468,1.5559673344706457,-0.5264389887466989,0.6616644982937265
2016-09-03 06:00:00,0.9614575061798095,1.4447116874262957,-0.4832541812464862,0.6655013000501249
2016-09-03 07:00:00,0.459870961467425,1.4819519181087952,-1.0220809566413702,0.3103143603027911
2016-09-03 08:00:00,1.4825990969340006,2.670113528646567,-1.1875144317125665,0.5552569510726024
2016-09-03 09:00:00,2.00422875213623,3.258675653243905,-1.2544469011076749,0.6150439520242176
2016-09-03 10:00:00,3.795829912821452,2.73905520283359,1.0567747099878622,1.385817236868616
2016-09-03 11:00:00,4.464795979817708,2.9802969605021623,1.484499019315546,1.498104396638856
2016-09-03 12:00:00,2.557254741668701,2.936261072659556,-0.3790063309908551,0.870922127967468
2016-09-03 13:00:00,4.628589686075847,3.6566866058837753,0.9719030801920714,1.2657879071802969
2016-09-03 14:00:00,9.148682474772135,7.056430730663852,2.0922517441082835,1.2965028388950754
2016-09-03 15:00:00,10.039565429687501,9.074667214908239,0.9648982147792626,1.1063287712847572
2016-09-03 16:00:00,8.551821645100912,8.858735682472018,-0.3069140373711061,0.9653546455869126
2016-09-03 17:00:00,7.6759184570312495,7.968020887722898,-0.29210243069164843,0.9633406544978165
2016-09-03 18:00:00,8.387945882161459,7.652819122690719,0.7351267594707398,1.0960596020479667
2016-09-03 19:00:00,8.717925944010416,7.9398602909315334,0.7780656530788823,1.0979948795783656
2016-09-03 20:00:00,9.860760559082031,7.663549643609203,2.1972109154728283,1.2867092949942758
2016-09-03 21:00:00,9.900233947753906,7.474660416372539,2.4255735313813664,1.3245061843971369
2016-09-03 22:00:00,7.11527338663737,8.257486055895646,-1.1422126692582752,0.8616754952383161
2016-09-03 23:00:00,7.104458750406901,8.03691925620512,-0.9324605057982192,0.8839778681267343
2016-09-04 00:00:00,8.204256896972655,8.504794364223168,-0.30053746725051234,0.9646625827292459
2016-09-04 01:00:00,5.902384409586588,7.671863610296159,-1.7694792007095703,0.7693547108508538
2016-09-04 02:00:00,7.661199234008789,6.106640087955259,1.5545591460535304,1.2545686537380423
2016-09-04 03:00:00,8.677182479858399,6.278018647547473,2.3991638323109257,1.3821530274122658
2016-09-04 04:00:00,7.464218561808268,6.186625131784032,1.2775934300242362,1.2065089451534003
2016-09-04 05:00:00,8.65600205485026,6.231328293361583,2.4246737614886777,1.389110258252924
2016-09-04 06:00:00,6.482597178141276,5.954551689093399,0.5280454890478774,1.0886793022579797
2016-09-04 07:00:00,5.0057655105590815,5.777830913876524,-0.7720654033174421,0.8663745244840612
2016-09-04 08:00:00,6.063169148763021,7.106059785498708,-1.0428906367356872,0.8532392537895744
2016-09-04 09:00:00,7.776645233154296,7.359953196078823,0.41669203707547275,1.0566161259418707
2016-09-04 10:00:00,6.796091634114583,5.49583308420614,1.3002585499084427,1.2365898909202884
2016-09-04 11:00:00,5.7591112467447925,5.556116776901402,0.2029944698433903,1.0365353137801756
2016-09-04 12:00:00,4.048581509908041,5.968821594864962,-1.9202400849569212,0.6782882425889688
2016-09-04 13:00:00,3.052032653808594,5.249544401401111,-2.1975117475925168,0.58139000652971
2016-09-04 14:00:00,3.5815535736083985,5.254066753099356,-1.6725131794909576,0.6816726436708579
2016-09-04 15:00:00,2.6990517400105793,4.559033174985789,-1.8599814349752095,0.5920228338805612
2016-09-04 16:00:00,1.651511371612549,3.3314626838405603,-1.6799513122280114,0.49573161351117456
2016-09-04 17:00:00,1.34258837890625,1.6825793721889786,-0.3399909932827285,0.7979346478969299
2016-09-04 18:00:00,0.29015088737010963,1.4983328769030395,-1.20818198953293,0.19364914956003196
2016-09-04 19:00:00,1.0649483646551767,1.1607839462467644,-0.09583558159158767,0.9174389153972548
2016-09-04 20:00:00,0.21842567447014152,0.7483496125137464,-0.5299239380436049,0.29187651175022056
2016-09-04 21:00:00,0.017788499454657238,0.656398169084566,-0.6386096696299088,0.027100166168144025
2016-09-04 22:00:00,0.14834022212028503,0.6411660217810936,-0.4928257996608086,0.23136008004324848
2016-09-04 23:00:00,0.20957203841209412,0.5203239814458313,-0.3107519430337371,0.4027722070963431
2016-09-05 00:00:00,0.45622562007109324,0.7437266586439168,-0.2875010385728236,0.6134318499527203
2016-09-05 01:00:00,0.24265395617485047,0.47882334443300456,-0.2361693882581541,0.5067713573200728
2016-09-05 02:00:00,0.21018967455625534,0.43003928000042635,-0.219849605444171,0.4887685482034268
2016-09-05 03:00:00,0.11284240637222925,0.7286401243882304,-0.6157977180160012,0.1548671320660144
2016-09-05 04:00:00,0.34371576849619545,0.5665963572883208,-0.22288058879212536,0.6066325066775724
2016-09-05 05:00:00,1.120142656326294,0.7535806070528618,0.36656204927343217,1.4864271264981197
2016-09-05 06:00:00,2.8458560536702477,1.0871858660846543,1.7586701875855935,2.617635256719437
2016-09-05 07:00:00,1.9467419077555341,1.1122157033918092,0.8345262043637249,1.750327658401834
2016-09-05 08:00:00,1.0548066596984862,1.27309282669579,-0.21828616699730374,0.8285386875017999
2016-09-05 09:00:00,1.3766090342203774,1.4525139949843262,-0.07590496076394881,0.9477423549610839
2016-09-05 10:00:00,1.1649404665629068,1.3908241498101799,-0.22588368324727304,0.8375900481178
2016-09-05 11:00:00,1.0158640772501628,1.3899655122967773,-0.3741014350466145,0.7308555991231396
2016-09-05 12:00:00,0.9247642745971679,1.1438236459703397,-0.21905937137317177,0.8084850124012455
2016-09-05 13:00:00,0.9389670354525248,1.0978639996194028,-0.15889696416687804,0.8552671695019028
2016-09-05 14:00:00,0.9645509366293747,1.0382016800672655,-0.0736507434378908,0.9290593101013679
2016-09-05 15:00:00,0.5659761964480082,1.3879406963624326,-0.8219644999144243,0.40778125314095914
2016-09-05 16:00:00,0.3149738244911035,1.843119239089188,-1.5281454145980844,0.17089172410069017
2016-09-05 17:00:00,0.11096269090970358,1.452862396595603,-1.3418997056858992,0.07637522395081267
2016-09-05 18:00:00,0.4926716923713683,1.684498730157359,-1.1918270377859908,0.29247376893263966
2016-09-05 19:00:00,1.1992909603118895,1.884798389554606,-0.6855074292427166,0.6362966813629823
2016-09-05 20:00:00,0.7947985992431641,1.9789734866936353,-1.1841748874504712,0.40162165111725256
2016-09-05 21:00:00,0.3131654150038958,1.9720585319871535,-1.6588931169832577,0.15880127791558665
2016-09-05 22:00:00,0.6389611490567525,1.8313035299046614,-1.1923423808479088,0.3489105648641529
2016-09-05 23:00:00,1.2462500457763674,2.1882418459454707,-0.9419918001691032,0.5695211651698864
2016-09-06 00:00:00,1.5184861857096354,1.8474717597646217,-0.3289855740549863,0.821926601954175
2016-09-06 01:00:00,1.1883910293579103,1.8307645241445416,-0.6423734947866313,0.6491228192840408
2016-09-06 02:00:00,0.6392758890390396,1.8474717597646217,-1.2081958707255822,0.3460274213449882
2016-09-06 03:00:00,0.4023274350166321,1.8212294064903378,-1.4189019714737057,0.2209098060809104
2016-09-06 04:00:00,1.4408473564783733,1.8029547276473308,-0.3621073711689575,0.799158921953925
2016-09-06 05:00:00,1.7071049092610677,1.5952715663720496,0.11183334288901814,1.0701030127073277
2016-09-06 06:00:00,1.4949642302195232,1.3982706315391948,0.09669359868032834,1.0691522774628324
2016-09-06 07:00:00,0.39328995108604425,1.2645407436733918,-0.8712507925873475,0.311014060285292
2016-09-06 08:00:00,1.000991979598999,1.5587171162009625,-0.5577251366019635,0.6421896373594084
2016-09-06 09:00:00,0.2553584266106288,1.8575467868042057,-1.602188360193577,0.13747079127409606
2016-09-06 10:00:00,0.15916452787319818,1.4019765401629243,-1.2428120122897262,0.11352866707363135
2016-09-06 11:00:00,0.26582841384410855,1.5591460556139531,-1.2933176417698447,0.17049615902689239
2016-09-06 12:00:00,0.6153881633281707,1.5591460556139531,-0.9437578922857824,0.3946956483726254
2016-09-06 13:00:00,0.3315348799626032,1.0300898682988597,-0.6985549883362565,0.32185044253480133
2016-09-06 14:00:00,0.3579400599896908,0.8396554171666628,-0.481715357176972,0.4262939923588243
2016-09-06 15:00:00,0.28995785198609036,1.0977265311428106,-0.8077686791567202,0.26414397735675005
2016-09-06 16:00:00,0.2193214949766795,0.918197170348278,-0.6988756753715984,0.2388610007298209
2016-09-06 17:00:00,0.4131387212102612,0.6822154067750469,-0.2690766855647857,0.6055839799385961
2016-09-06 18:00:00,0.5942655067443847,0.4668178904629219,0.12744761628146284,1.2730135645724265
2016-09-06 19:00:00,0.9177775192260742,0.6961627959297911,0.22161472329628307,1.3183374989183323
2016-09-06 20:00:00,0.7068656727472942,0.9480672105698184,-0.24120153782252418,0.7455860353217422
2016-09-06 21:00:00,0.8448020097414654,1.0596174476932794,-0.21481543795181401,0.7972707618023337
2016-09-06 22:00:00,1.422743989308675,1.4248936285388436,-0.002149639230168532,0.9984913686277249
2016-09-06 23:00:00,1.3629698146184286,1.081972109597343,0.2809977050210857,1.259708824773366
2016-09-07 00:00:00,2.3468440500895182,1.0547777771343954,1.2920662729551229,2.224965391729611
2016-09-07 01:00:00,1.112253163655599,1.1440027739723204,-0.03174961031672141,0.9722469114244564
2016-09-07 02:00:00,0.5615750815868378,0.9928207135096305,-0.43124563192279275,0.5656359440786288
2016-09-07 03:00:00,0.3517689924240112,0.709072005393005,-0.35730301296899375,0.4960977019943727
2016-09-07 04:00:00,0.4734486694335937,0.6236058151262481,-0.15015714569265443,0.7592114408646826
2016-09-07 05:00:00,0.2646906745235126,0.5438823752238036,-0.279191700700291,0.4866689684779624
2016-09-07 06:00:00,0.16704118703926601,0.8199447613814246,-0.6529035743421585,0.20372248827816006
2016-09-07 07:00:00,0.0,0.3928756521435891,-0.3928756521435891,0.0
2016-09-07 13:00:00,0.0,1.0946292248475507,-1.0946292248475507,0.0
2016-09-07 14:00:00,0.0,0.7307187180759317,-0.7307187180759317,0.0
2016-09-07 15:00:00,0.0,0.9344741770070915,-0.9344741770070915,0.0
2016-09-07 16:00:00,0.0,0.9356218225927363,-0.9356218225927363,0.0
2016-09-07 17:00:00,0.0,0.47891106086418755,-0.47891106086418755,0.0
2016-09-07 18:00:00,0.40362700162827975,0.5560255286439578,-0.15239852701567808,0.7259145144156428
2016-09-07 19:00:00,1.0964600264231363,0.8337292068544712,0.2627308195686652,1.3151272828259275
2016-09-07 20:00:00,2.474531737009684,1.4251344903531598,1.0493972466565245,1.7363496243757846
2016-09-07 21:00:00,1.9939143956502279,2.2370767244280962,-0.24316232877786836,0.8913035363862934
2016-09-07 22:00:00,2.183286460876465,2.0958491175636498,0.08743734331281505,1.0417192929491308
2016-09-07 23:00:00,2.504244016011556,2.3783210272478787,0.12592298876367725,1.0529461697226767
2016-09-08 00:00:00,2.139563212076823,2.0782863490341383,0.06127686304268476,1.0294843215763614
2016-09-08 01:00:00,1.366222516377767,1.5931030164556366,-0.22688050007786953,0.8575857946822314
2016-09-08 02:00:00,2.0595870157877605,1.599323836000746,0.4602631797870145,1.28778610649482
2016-09-08 03:00:00,2.844129056294759,1.7509837514288202,1.093145304865939,1.624303511653904
2016-09-08 04:00:00,2.69732972462972,1.7822711823579622,0.9150585422717579,1.5134227334928496
2016-09-08 05:00:00,3.7052982889811195,1.7099520848696455,1.995346204111474,2.166901822435326
2016-09-08 06:00:00,4.329344039916992,1.6708321239305193,2.658511915986473,2.5911304779875217
2016-09-08 07:00:00,4.767582867940267,1.607390650712208,3.160192217228059,2.9660386949667963
2016-09-08 08:00:00,7.4494088083903,4.294765618744549,3.1546431896457507,1.7345320955065109
2016-09-08 09:00:00,6.8098511912027995,6.465260234714096,0.3445909564887035,1.0532988532524155
2016-09-08 10:00:00,8.105266693115233,6.070355338703748,2.034911354411485,1.335221126420256
2016-09-08 11:00:00,7.400279998779297,7.118057371566864,0.2822226272124331,1.0396488272684867
2016-09-08 12:00:00,8.496402018229166,7.835286034219963,0.6611159840092027,1.0843767516746463
2016-09-08 13:00:00,8.829477498372396,7.822093196199621,1.0073843021727757,1.128787049310818
2016-09-08 14:00:00,9.174782185872395,7.701717953044912,1.4730642328274834,1.1912643700805872
2016-09-08 15:00:00,8.379447123209637,7.309940179489296,1.0695069437203406,1.146308576740646
2016-09-08 16:00:00,6.6898576558431,7.034491383700284,-0.34463372785718427,0.9510080105214516
2016-09-08 17:00:00,5.295751617431641,5.260620214910805,0.03513140252083602,1.0066781864277636
2016-09-08 18:00:00,4.612106002807617,3.7784935292346655,0.8336124735729515,1.2206203258317607
2016-09-08 19:00:00,4.4984259516398115,3.343369005801893,1.1550569458379187,1.345476955679585
2016-09-08 20:00:00,2.239000743865967,2.4502303849723757,-0.21122964110640874,0.9137919265053966
2016-09-08 21:00:00,3.492397183736166,2.32472193555253,1.1676752481836359,1.5022859854015649
2016-09-08 22:00:00,3.7946042989095052,2.5569788731939185,1.2376254257155868,1.4840186356994303
2016-09-08 23:00:00,5.73736005859375,3.4909219495180706,2.2464381090756795,1.6435085463270829
2016-09-09 04:00:00,3.5417424926757817,4.648981257503001,-1.1072387648272195,0.7618319576917536
2016-09-09 05:00:00,3.91382275390625,4.107644052555845,-0.19382129864959463,0.9528144853425174
2016-09-09 06:00:00,5.111889963785806,3.6395607009960003,1.4723292627898061,1.4045348831211661
2016-09-09 07:00:00,5.686679112752278,3.7561145254009123,1.9305645873513662,1.5139791596597565
2016-09-09 08:00:00,7.549312825520834,6.058285939704521,1.4910268858163134,1.2461136533758648
2016-09-09 09:00:00,7.707541432698568,7.7861168029451395,-0.07857537024657191,0.9899082723474106
2016-09-09 10:00:00,8.292470540364583,9.123914620292732,-0.8314440799281488,0.9088720012702757
2016-09-09 11:00:00,8.99629828898112,9.038611749148219,-0.04231346016709914,0.9953185885906554
2016-09-09 12:00:00,8.3918142191569,8.96768793509812,-0.5758737159412188,0.9357834795201403
2016-09-09 13:00:00,8.72605721028646,8.895227431577894,-0.16917022129143433,0.9809819116382699
2016-09-09 14:00:00,9.853544189453125,9.027203375861326,0.8263408135917985,1.0915389605380363
2016-09-09 15:00:00,9.116515482584635,9.032642786122919,0.08387269646171625,1.0092855101710179
2016-09-09 16:00:00,9.091780192057293,7.371502550165316,1.7202776418919763,1.2333686558723902
2016-09-09 17:00:00,9.956891174316407,9.016745109567317,0.94014606474909,1.1042666786434427
2016-09-09 18:00:00,9.993309997558594,8.886084654847355,1.1072253427112386,1.1246021600871479
2016-09-09 19:00:00,9.127252868652345,8.635387313170545,0.4918655554817999,1.0569592929238525
2016-09-09 20:00:00,9.963934143066405,8.834152144114816,1.1297819989515894,1.1278879942886464
2016-09-09 21:00:00,9.824384541829426,8.771359574830258,1.0530249669991676,1.120052650676967
2016-09-09 22:00:00,9.792601725260417,8.879143234731048,0.9134584905293686,1.1028768729573306
2016-09-09 23:00:00,8.710028951009114,8.327220814950783,0.3828081360583315,1.0459706959338744
2016-09-10 00:00:00,7.1704717610677084,8.086895412485212,-0.9164236514175039,0.8866779394719692
2016-09-10 01:00:00,9.159694864908854,7.75307241347621,1.4066224514326438,1.181427745855654
2016-09-10 02:00:00,7.935698516845704,7.151144970673427,0.784553546172277,1.1097102001693018
2016-09-10 03:00:00,5.70915370686849,6.06651004332227,-0.3573563364537806,0.9410935885868776
2016-09-10 04:00:00,4.995239807128907,5.435116643484155,-0.4398768363552481,0.9190676364080261
2016-09-10 05:00:00,3.6874026082356766,4.175690852881857,-0.4882882446461805,0.8830640816455108
2016-09-10 06:00:00,2.767308344523112,3.164133623015466,-0.39682527849235383,0.8745864347807873
2016-09-10 07:00:00,2.2415341796875,1.2884263910987717,0.9531077885887285,1.7397456270481366
2016-09-10 08:00:00,1.3286767628987628,0.181684044324865,1.1469927185738977,7.3131174938124275
2016-09-10 09:00:00,1.0475373409589133,0.25418240988055524,0.7933549310783581,4.121203121219794
2016-09-10 10:00:00,0.3568434823552767,0.2297816415871634,0.12706184076811328,1.552967764920048
2016-09-10 11:00:00,0.5135842482248941,0.1981068252467198,0.3154774229781743,2.5924611511253217
2016-09-10 12:00:00,0.4491679124832153,0.15150793709521454,0.29765997538800076,2.964649384678359
2016-09-10 13:00:00,0.6384189243316651,0.1671384298189238,0.47128049451274134,3.8197015792437576
2016-09-10 14:00:00,0.5616487445831299,0.322465171890936,0.23918357269219387,1.7417345919549116
2016-09-10 15:00:00,0.17529471081495288,0.7656139413501377,-0.5903192305351849,0.22895966406492782
2016-09-10 16:00:00,0.0,0.3561098341895391,-0.3561098341895391,0.0
2016-09-10 17:00:00,0.0,0.35326559367774074,-0.35326559367774074,0.0
2016-09-10 18:00:00,0.04376819314559301,0.6958474159631333,-0.6520792228175403,0.06289912435043359
2016-09-10 19:00:00,0.323010919024547,0.734880568246267,-0.41186964922172004,0.43954206027706844
2016-09-10 20:00:00,1.0194120569229126,0.8161803352001737,0.20323172172273885,1.2490034529843148
2016-09-10 21:00:00,1.584713665008545,0.8853406115215979,0.699373053486947,1.7899480091452755
2016-09-10 22:00:00,1.9848082567850747,1.4075118233631894,0.5772964334218853,1.4101538785247716
2016-09-10 23:00:00,2.037852990468343,1.8444685695251297,0.19338442094321318,1.104845603844039
2016-09-11 00:00:00,0.9054439544677735,1.3780773232228758,-0.4726333687551023,0.657034216592603
2016-09-11 01:00:00,0.89088312403361,1.3818525092696796,-0.4909693852360696,0.6447020344482705
2016-09-11 02:00:00,1.9899988365173338,1.2344436784531885,0.7555551580641453,1.6120612639135459
2016-09-11 03:00:00,1.5239108793735503,1.079783324038955,0.44412755533459536,1.4113117376857847
2016-09-11 04:00:00,0.5424533021450043,1.1309016284690951,-0.5884483263240908,0.47966444515543316
2016-09-11 05:00:00,0.6091204695701599,0.8178605184996484,-0.2087400489294885,0.7447730460049365
2016-09-11 06:00:00,0.6444377708534399,0.7740608582633408,-0.12962308740990092,0.8325414778100015
2016-09-11 07:00:00,0.14739919519424438,0.7004295115096012,-0.5530303163153568,0.21044115470886166
2016-09-11 08:00:00,0.029534016291300452,0.5662158453822999,-0.5366818290909994,0.05216034932996189
2016-09-11 09:00:00,0.02529171626766523,0.6046195990777554,-0.5793278828100902,0.04183079130455488
2016-09-11 10:00:00,0.6227388795216877,0.8137349144998669,-0.19099603497817919,0.765284699507372
2016-09-11 11:00:00,0.9965325196584065,1.1179672518196828,-0.12143473216127632,0.8913789898911435
2016-09-11 12:00:00,2.025811642964681,1.7154669240510994,0.31034471891358173,1.180909765476969
2016-09-11 13:00:00,2.131578422546387,1.9082910281701724,0.2232873943762146,1.1170090888025193
2016-09-11 14:00:00,2.2243480682373047,2.2305179541847275,-0.0061698859474228485,0.9972338774786155
2016-09-11 15:00:00,2.8816071116129556,2.7183665549309977,0.16324055668195792,1.0600509730322596
2016-09-11 16:00:00,3.1610032908121743,3.013282416928357,0.14772087388381738,1.0490232422470374
2016-09-11 17:00:00,1.5922789713541667,1.8176420037800851,-0.22536303242591837,0.8760135208378553
2016-09-11 18:00:00,1.3265466009775797,1.3770049873023325,-0.050458386324752746,0.9633564244210873
2016-09-11 19:00:00,1.7379742190043133,1.3671471867133609,0.3708270322909524,1.2712414843806432
2016-09-11 20:00:00,3.0376964136759437,1.9158217252298717,1.121874688446072,1.5855840727098252
2016-09-11 21:00:00,4.1941088155110675,2.035722243449708,2.1583865720613593,2.060255925879056
2016-09-11 22:00:00,5.8594369913736974,3.0374076025548664,2.822029388818831,1.929091435224277
2016-09-11 23:00:00,2.489300450960795,3.152130618500278,-0.6628301675394832,0.7897199552425767
2016-09-12 00:00:00,3.161585999329885,2.9732874333240322,0.18829856600585293,1.0633300917682693
2016-09-12 01:00:00,4.8324944585164396,3.115237433965724,1.7172570245507157,1.5512443468440968
2016-09-12 02:00:00,6.180016031901042,3.378119768568197,2.801896263332845,1.8294247851728531
2016-09-12 03:00:00,5.357111167907714,3.364109823854079,1.993001344053635,1.5924305234988911
2016-09-12 04:00:00,4.563060043334961,3.1495321606442044,1.4135278826907562,1.4488056671888798
2016-09-12 05:00:00,3.811621083577474,3.5832626826868585,0.22835840089061543,1.0637291823437807
2016-09-12 06:00:00,2.8483750559488934,3.4964135251556674,-0.648038469206774,0.8146562285769896
2016-09-12 07:00:00,2.5348805898030595,3.663719356089766,-1.1288387662867065,0.6918872171771641
2016-09-12 08:00:00,3.4397867279052736,3.7174201587581317,-0.2776334308528581,0.9253155632142464
2016-09-12 09:00:00,5.190166264851888,5.371603707208086,-0.18143744235619863,0.9662228540588856
2016-09-12 10:00:00,6.985650573730468,7.928871463923424,-0.943220890192956,0.8810397047695078
2016-09-12 11:00:00,7.062270589192709,7.457900092278097,-0.395629503085388,0.9469516220128743
2016-09-12 12:00:00,6.133731791178386,6.32494613685643,-0.19121434567804396,0.9697682254456195
2016-09-12 13:00:00,6.320516204833984,5.751346159945118,0.5691700448888657,1.0989629260803
2016-09-12 14:00:00,5.9198293660481776,5.541774590688895,0.3780547753592822,1.0682190820237396
2016-09-12 15:00:00,5.0168229166666665,6.018428225826716,-1.0016053091600492,0.8335769287964775
2016-09-12 16:00:00,5.59915982055664,6.010107274750262,-0.41094745419362244,0.9316239402381219
2016-09-12 17:00:00,3.9368566080729166,3.462703872422774,0.4741527356501427,1.1369313557033651
2016-09-12 18:00:00,2.3296953633626307,2.3150088788384746,0.014686484524156107,1.00634402945855
2016-09-12 19:00:00,2.1718921229044597,2.09492055116019,0.0769715717442696,1.036742000407434
2016-09-12 20:00:00,1.3831384557088215,1.8312639876310521,-0.4481255319222306,0.7552916810743754
2016-09-12 21:00:00,0.8709917380015055,1.82415339306931,-0.9531616550678044,0.477477245779194
2016-09-12 22:00:00,0.7598984740575155,1.3364267922196749,-0.5765283181621593,0.5686046392375883
2016-09-12 23:00:00,2.051547876993815,1.2825817116506046,0.7689661653432105,1.5995455559346763
2016-09-13 00:00:00,1.7956590531667072,1.160741711580479,0.6349173415862281,1.54699278508887
2016-09-13 01:00:00,1.0368400264581044,1.2370528546779536,-0.2002128282198492,0.8381533760156341
2016-09-13 02:00:00,1.9849652938842772,1.333330147006458,0.6516351468778192,1.4887275280926076
2016-09-13 03:00:00,1.2015513916015623,0.9917786463354894,0.20977274526607292,1.2115116574057725
2016-09-13 04:00:00,0.9181249154408774,0.9735039674924825,-0.05537905205160509,0.9431136863322206
2016-09-13 05:00:00,1.195893819173177,1.0490139007222068,0.14687991845097015,1.1400171326136372
2016-09-13 06:00:00,0.8737031615575155,0.6276624027886629,0.24604075876885256,1.3919953747041556
2016-09-13 07:00:00,0.43009201226631805,0.3962051829190882,0.03388682934722986,1.0855284857647864
2016-09-13 08:00:00,0.09015972408652306,0.31328863835951903,-0.22312891427299597,0.28778485092414663
2016-09-13 09:00:00,0.06449753071864446,0.3962051829190882,-0.33170765220044374,0.16278820545317285
2016-09-13 10:00:00,0.6322517445882161,0.42108031685481756,0.21117142773339853,1.5014991660277661
2016-09-13 11:00:00,1.1591494801839193,1.06857181074389,0.09057766944002932,1.084765168357729
2016-09-13 12:00:00,1.757394889831543,1.235651926579255,0.5217429632522881,1.4222410470371434
2016-09-13 13:00:00,6.252702807108561,4.026978533181463,2.2257242739270975,1.5527032874865345
2016-09-13 14:00:00,2.9206257629394536,3.0176929174270724,-0.09706715448761871,0.9678339853843115
2016-09-13 15:00:00,1.1985448354085286,1.2000186382417903,-0.001473802833261706,0.998771850047745
2016-09-13 16:00:00,1.075645673274994,1.179663731837154,-0.10401805856215995,0.9118239751253799
2016-09-13 17:00:00,4.04268105061849,3.2127723799432415,0.8299086706752483,1.258315427465767
2016-09-13 18:00:00,1.7546586725314457,0.779098075014988,0.9755605975164577,2.2521666126535997
2016-09-13 19:00:00,1.5167527262369793,1.1869643650748383,0.32978836116214105,1.277841838277384
2016-09-13 20:00:00,1.1608661975860595,1.429936864941644,-0.2690706673555845,0.8118303863950208
2016-09-13 21:00:00,1.9414618911743162,1.4788988310415856,0.46256306013273063,1.3127753233850001
2016-09-13 22:00:00,1.9151866518656413,1.299696705881751,0.6154899459838903,1.4735642886517317
2016-09-13 23:00:00,1.868175437927246,1.1448792845984983,0.7232961533287476,1.6317663032765963
2016-09-14 00:00:00,2.178907371520996,1.0287447962906855,1.1501625752303104,2.118025169485588
2016-09-14 01:00:00,1.508160929997762,1.1852083715667234,0.32295255843103865,1.2724858903959044
2016-09-14 02:00:00,2.619761763254801,1.4276144101485313,1.1921473531062698,1.8350625663565814
2016-09-14 03:00:00,2.8131932017008463,1.935657603004284,0.8775355986965623,1.4533526990179266
2016-09-14 04:00:00,3.4655448176066077,1.952906492357211,1.5126383252493967,1.7745574768526686
2016-09-14 05:00:00,2.5744577255249026,2.382921507939411,0.19153621758549155,1.0803787354922652
2016-09-14 06:00:00,3.635256505330404,2.846356776528273,0.7888997288021309,1.2771612242385015
2016-09-14 07:00:00,3.705443257649739,3.36317864309209,0.34226461455764934,1.1017681933906944
2016-09-14 08:00:00,3.643709213256836,3.858336147577154,-0.21462693432031799,0.944373189346114
2016-09-14 09:00:00,3.783579401652018,3.3640372806054923,0.41954212104652555,1.1247138738519011
2016-09-14 10:00:00,3.0221193262736006,2.8247196706293236,0.19739965564427697,1.0698829188952041
2016-09-14 11:00:00,1.4418165486653647,2.9009567087256887,-1.459140160060324,0.49701415547794076
2016-09-14 12:00:00,1.300391928354899,2.8072565476930653,-1.5068646193381663,0.4632251831146424
2016-09-14 13:00:00,1.0353588201999664,2.0579127083830837,-1.0225538881831173,0.5031111455711137
2016-09-14 14:00:00,0.6029770387013753,1.4500466495100872,-0.8470696108087119,0.4158328553809611
2016-09-14 15:00:00,0.6311513899167378,1.3646277920490972,-0.7334764021323594,0.4625080872558031
2016-09-14 16:00:00,0.21016737282276154,0.6028504897195974,-0.3926831168968359,0.3486227122756693
2016-09-14 17:00:00,0.8468459310332935,0.4199667450328926,0.4268791860004009,2.0164594960178737
2016-09-14 18:00:00,0.8578584845860799,0.3963885684650117,0.46146991612106825,2.1641857329742877
2016-09-14 19:00:00,1.015629077911377,0.6123616191899954,0.4032674587213816,1.6585446345491177
2016-09-14 20:00:00,0.9702965504725775,1.1655751647053354,-0.19527861423275794,0.8324615862228623
2016-09-14 21:00:00,0.73423963868618,1.2064152427882127,-0.47217560410203263,0.6086127003744071
2016-09-14 22:00:00,1.1603205329577126,0.7654232286408429,0.39489730431686976,1.515920198839649
2016-09-14 23:00:00,1.5959574324289956,0.7203053948354246,0.875652037593571,2.215667748529969
2016-09-15 00:00:00,0.6447563025554021,0.564764643204956,0.07999165935044605,1.1416371586162073
2016-09-15 01:00:00,0.057579351296027495,0.5350742387432463,-0.47749488744721885,0.10761002329558378
2016-09-15 02:00:00,0.19193031504750252,0.9929333884534107,-0.8010030734059082,0.19329626466328467
2016-09-15 03:00:00,0.4992313656012217,0.9019019746876104,-0.40267060908638863,0.5535317358343065
2016-09-15 04:00:00,0.4245334906975428,1.2863381369876563,-0.8618046462901134,0.33003257735303904
2016-09-15 05:00:00,0.43820215168595317,1.1838393702208319,-0.7456372185348787,0.3701533862691283
2016-09-15 06:00:00,0.47463675292332963,0.8744112335344504,-0.39977448061112075,0.542807245287557
2016-09-15 07:00:00,0.4369256830215454,0.7509477919778642,-0.3140221089563188,0.5818323027100993
2016-09-15 08:00:00,0.37980799961090084,1.4715459593954583,-1.0917379597845573,0.2581013506142437
2016-09-15 09:00:00,0.2920916176637014,1.0072473860662448,-0.7151557684025434,0.28998994855122023
2016-09-15 10:00:00,0.13722001685698826,0.9598232239530359,-0.8226032070960476,0.14296384316671049
2016-09-15 11:00:00,0.2045266738732656,0.8146809109773991,-0.6101542371041335,0.25105126573775777
2016-09-15 12:00:00,0.5122317622502645,0.7739224123696216,-0.2616906501193571,0.6618644893380152
2016-09-15 13:00:00,0.315549055814743,0.7369858148171327,-0.42143675900238964,0.4281616409306871
2016-09-15 14:00:00,0.084345030605793,0.7170887614866989,-0.6327437308809059,0.11762146492287133
2016-09-15 15:00:00,0.06470743920405705,1.1518630164301658,-1.0871555772261088,0.05617633197790936
2016-09-15 16:00:00,0.41853444147109986,1.0049218845886114,-0.5863874431175116,0.41648455257040884
2016-09-15 17:00:00,0.6782874430020651,0.6473020101580717,0.030985432843993466,1.0478685873946643
2016-09-15 18:00:00,0.369549373348554,0.40292149358603024,-0.033372120237476266,0.9171746338462563
2016-09-15 19:00:00,0.37388418916861216,0.32136870433502235,0.05251548483358981,1.163411944365445
2016-09-15 20:00:00,0.08236806370317937,0.21151269835019468,-0.1291446346470153,0.38942372890919885
2016-09-15 21:00:00,0.4753558266510566,0.7073857445209821,-0.23202991786992555,0.6719895478992888
2016-09-15 22:00:00,0.13790785019596416,1.2246655267095463,-1.0867576765135822,0.1126085834770719
2016-09-15 23:00:00,1.6782065170134108,1.2626646009031173,0.41554191611029356,1.3290992048189822
2016-09-16 00:00:00,3.314397989908854,1.5420350853337559,1.7723629045750982,2.149366134034162
2016-09-16 01:00:00,4.091369538625082,1.4803653358126643,2.6110042028124174,2.7637566482054075
2016-09-16 02:00:00,1.7534693972269695,1.1192299084885373,0.6342394887384322,1.5666748930922871
2016-09-16 03:00:00,2.682629702885946,1.8175041429120007,0.8651255599739451,1.4759964720563679
2016-09-16 04:00:00,4.132997352600098,3.0207790680538738,1.1122182845462243,1.3681892185722695
2016-09-16 05:00:00,8.269347412109374,4.251042734198559,4.018304677910815,1.9452515368957772
2016-09-16 06:00:00,6.1495039062500005,4.068147229279291,2.0813566769707093,1.5116227510132272
2016-09-16 07:00:00,4.352204920450847,4.614752012499639,-0.26254709204879223,0.9431069987428035
2016-09-16 08:00:00,3.8942671788533527,4.577546951722542,-0.6832797728691888,0.850732328892428
2016-09-16 09:00:00,4.633508911132812,4.852198479795387,-0.21868956866257516,0.954929797374695
2016-09-16 10:00:00,4.290223387400309,4.484011272767072,-0.1937878853667625,0.9567824714126607
2016-09-16 11:00:00,6.014161786397297,5.859030379645359,0.15513140675193782,1.0264773173545703
2016-09-16 12:00:00,7.88882270304362,6.212649925603818,1.6761727774398016,1.2697999722359845
2016-09-16 13:00:00,8.350327239990234,5.963340812209695,2.3869864277805393,1.4002767077966234
2016-09-16 14:00:00,8.88794048055013,7.086003527432021,1.8019369531181084,1.2542952379493286
2016-09-16 15:00:00,8.789164184570312,7.496090283772063,1.293073900798249,1.172499776796654
2016-09-16 16:00:00,7.681333628336589,7.21152884209384,0.469804786242749,1.0651463505908052
2016-09-16 17:00:00,6.731241231282552,6.662836100751075,0.06840513053147745,1.0102666686523727
2016-09-16 18:00:00,6.2811218261718755,5.787712350780581,0.4934094753912941,1.0852512090247106
2016-09-16 19:00:00,6.062038401285807,6.0417155371870255,0.020322864098781146,1.003363757193415
2016-09-16 20:00:00,5.178380060831706,5.922957905217941,-0.7445778443862352,0.8742895262297432
2016-09-16 21:00:00,4.125306416829427,5.413202342887914,-1.2878959260584866,0.7620824339310766
2016-09-16 22:00:00,4.237926305135091,6.241009688419801,-2.00308338328471,0.6790449809745637
2016-09-16 23:00:00,4.589029525756835,5.773690134402177,-1.1846606086453413,0.7948174250664035
2016-09-17 00:00:00,5.51771230061849,5.143716083602414,0.3739962170160753,1.0727093429997687
2016-09-17 01:00:00,5.387525698343913,5.0173546839444425,0.3701710143994701,1.0737781236762112
2016-09-17 02:00:00,6.211445124308268,4.9905161613618265,1.2209289629464415,1.2446498365037397
2016-09-17 03:00:00,7.0397649637858075,5.0946011598586365,1.945163803927171,1.3818088487973306
2016-09-17 04:00:00,5.179178385416666,5.343981658974955,-0.16480327355828894,0.9691609582376635
2016-09-17 05:00:00,4.297846145629883,5.259056430648895,-0.9612102850190123,0.817227615315698
2016-09-17 06:00:00,3.9130401827494303,5.243857128249149,-1.330816945499719,0.7462141105388849
2016-09-17 07:00:00,5.544703501383463,4.09491919517601,1.4497843062074525,1.3540446678203957
2016-09-17 08:00:00,5.47856309000651,4.878377673262284,0.6001854167442264,1.1230297153977562
2016-09-17 09:00:00,4.4010566711425785,5.281729950456625,-0.8806732793140464,0.8332604492136314
2016-09-17 10:00:00,6.418920720418295,5.384481943831122,1.034438776587173,1.1921148194715938
2016-09-17 11:00:00,4.8073106994628905,7.811647714478035,-3.0043370150151443,0.6154029054015154
2016-09-17 12:00:00,3.6621595153808593,6.4939378007764,-2.8317782853955404,0.563935108054626
2016-09-17 13:00:00,2.0979715042114258,3.987294644452069,-1.8893231402406432,0.5261641517088657
2016-09-17 14:00:00,1.9947391128540037,3.171024465236883,-1.1762853523828791,0.6290519466884631
2016-09-17 15:00:00,2.570245038350423,3.1486021218252134,-0.5783570834747902,0.8163130617661141
2016-09-17 16:00:00,1.6876973044077557,2.1868831956333126,-0.4991858912255569,0.7717363724673029
2016-09-17 17:00:00,0.36468010365962983,1.5011681129409762,-1.1364880092813463,0.24293088862990558
2016-09-17 18:00:00,0.766266536394755,1.1374371766383886,-0.37117064024363366,0.6736781179066074
2016-09-17 19:00:00,0.9410225219726562,0.8870407345753984,0.053981787397257786,1.0608560410961254
2016-09-17 20:00:00,0.5893275212446848,0.4524943749133178,0.136833146331367,1.302397452692267
2016-09-17 21:00:00,0.2454915821353594,0.2980234560713487,-0.05253187393598932,0.8237324181509631
2016-09-17 22:00:00,0.6063566738963128,0.3555868516951823,0.2507698222011305,1.705228050490732
2016-09-17 23:00:00,0.4168381839990616,0.5912571144786088,-0.17441893047954726,0.705003244428854
2016-09-18 00:00:00,0.6253857264518737,0.45367873903386785,0.17170698741800589,1.3784770425514423
2016-09-18 01:00:00,0.4789124803841114,0.4290856266027475,0.04982685378136387,1.1161233345797765
2016-09-18 02:00:00,0.14050620589653653,0.47049668216152235,-0.3299904762649858,0.29863378685484654
2016-09-18 03:00:00,0.0,0.435823771667475,-0.435823771667475,0.0
2016-09-18 04:00:00,0.0,0.32733872937879144,-0.32733872937879144,0.0
2016-09-18 05:00:00,0.0,0.18808230328985154,-0.18808230328985154,0.0
2016-09-18 06:00:00,0.0,0.21487775767564643,-0.21487775767564643,0.0
2016-09-18 07:00:00,0.0,-0.08201087931666122,0.08201087931666122,-0.0
2016-09-18 08:00:00,0.0,-0.11100928796881832,0.11100928796881832,-0.0
2016-09-18 09:00:00,0.0,0.08983139539767565,-0.08983139539767565,0.0
2016-09-18 10:00:00,0.0,0.07086222623520486,-0.07086222623520486,0.0
2016-09-18 11:00:00,0.0,-0.0023974815302386966,0.0023974815302386966,-0.0
2016-09-18 12:00:00,0.003323115199804306,0.06087255022127383,-0.057549435021469524,0.054591358300657145
2016-09-18 13:00:00,0.0,0.02329243371143223,-0.02329243371143223,0.0
2016-09-18 14:00:00,0.00047038645545641585,-0.08797650650850508,0.0884468929639615,-0.005346728054164568
2016-09-18 15:00:00,0.1346746079325676,0.31692799178289843,-0.18225338385033082,0.4249375612893866
2016-09-18 16:00:00,0.0056033924321333565,0.4481387380419304,-0.442535345609797,0.012503700208146415
2016-09-18 17:00:00,0.07695584750175477,1.1681789763936645,-1.0912231288919099,0.06587676122996877
2016-09-18 18:00:00,0.20521677480141323,0.41533703277426687,-0.21012025797285364,0.49409698295058435
2016-09-18 19:00:00,0.7708651558359464,0.5774952114405428,0.19336994439540356,1.334842507027978
2016-09-18 20:00:00,1.233862940152486,0.6408278901756035,0.5930350499768826,1.9254201620568911
2016-09-18 21:00:00,1.2697230288187664,0.6488144043325138,0.6209086244862526,1.956989580286877
2016-09-18 22:00:00,1.5984050327936807,0.7276807769829121,0.8707242558107686,2.196574491662318
2016-09-18 23:00:00,1.281343079249064,1.026445281180256,0.2548977980688081,1.2483306248684922
2016-09-19 00:00:00,1.4725246556599934,0.8814640504638129,0.5910606051961804,1.670544198467508
2016-09-19 01:00:00,1.5649721387227375,0.602312638547203,0.9626595001755346,2.598272124087417
2016-09-19 02:00:00,1.367077123006185,0.7568181182373207,0.6102590047688642,1.8063483022713538
2016-09-19 03:00:00,1.1065517120361328,0.4964598158623207,0.6100918961738121,2.228884748938077
2016-09-19 04:00:00,1.1532215159734092,0.23474722152665634,0.9184742944467528,4.912609863808152
2016-09-19 05:00:00,0.3685900770823161,0.22517728440721108,0.14341279267510504,1.6368883657720867
2016-09-19 06:00:00,0.1686781589140495,0.21743139647947407,-0.04875323756542457,0.775776459357713
2016-09-19 07:00:00,0.15402910644809403,0.037364430695904706,0.11666467575218933,4.12234586689357
2016-09-19 08:00:00,0.010829184869925181,0.006079272063469119,0.004749912806456062,1.781329204691908
2016-09-19 09:00:00,0.0,-0.08061593824182738,0.08061593824182738,-0.0
2016-09-19 10:00:00,0.0,-0.09751897053042052,0.09751897053042052,-0.0
2016-09-19 11:00:00,0.0,-0.10357970246942465,0.10357970246942465,-0.0
2016-09-19 12:00:00,0.0,-0.2595632211214498,0.2595632211214498,-0.0
2016-09-19 13:00:00,0.0,-0.10492935183371532,0.10492935183371532,-0.0
2016-09-19 14:00:00,0.516546216338873,-0.034319721943373765,0.5508659382822467,-15.051002370915317
2016-09-19 15:00:00,1.712878412882487,0.6021664628502711,1.1107119500322158,2.844526420111169
2016-09-19 16:00:00,1.8374079717000327,0.8516286372167703,0.9857793344832624,2.1575225296614184
2016-09-19 17:00:00,1.4542087275187174,0.7837484216745841,0.6704603058441333,1.8554534686163762
2016-09-19 18:00:00,1.5587509435017903,1.0874067323346932,0.4713442111670971,1.43345713903675
2016-09-19 19:00:00,1.4168709710439047,1.2889137704881257,0.12795720055577897,1.0992752218849522
2016-09-19 20:00:00,1.007562595685323,1.1326971571307238,-0.12513456144540092,0.8895251385971659
2016-09-19 21:00:00,0.39762604727347695,1.127159152845473,-0.729533105571996,0.35276832581245
2016-09-19 22:00:00,0.5470432290434837,0.6909473087392681,-0.14390407969578445,0.7917292999398783
2016-09-19 23:00:00,0.12164735147356986,0.3525138042261601,-0.2308664527525902,0.3450853555667435
2016-09-20 00:00:00,0.29438115362326306,0.14611931865578773,0.14826183496747533,2.014662786080564
2016-09-20 01:00:00,0.3592816088994344,0.39912158030760075,-0.039839971408166364,0.9001808637421662
2016-09-20 02:00:00,0.2434409297307332,0.7950941316494254,-0.5516532019186923,0.3061787529807498
2016-09-20 03:00:00,0.27567664146423343,0.6888758140232565,-0.41319917255902305,0.40018336520510583
2016-09-20 04:00:00,0.46923281558354696,0.9059741317721178,-0.43674131618857087,0.5179318030479643
2016-09-20 05:00:00,0.3241869083444277,0.5644638682159964,-0.24027695987156866,0.5743271210060431
2016-09-20 06:00:00,0.028633404617508247,0.5277844135457386,-0.49915100892823033,0.05425208453039478
2016-09-20 07:00:00,0.0797669036189715,0.4007174751545156,-0.3209505715355441,0.19906020716519435
2016-09-20 08:00:00,0.8277893164952597,0.5535863686620065,0.27420294783325316,1.495320989380554
2016-09-20 09:00:00,0.4381622372468313,0.5335046482465905,-0.09534241099975921,0.8212903836674894
2016-09-20 10:00:00,0.37129329903920494,0.20461092740172435,0.1666823716374806,1.8146308398779873
2016-09-20 11:00:00,0.22442628260453543,-0.019032615571086015,0.24345889817562144,-11.791667927422417
2016-09-20 12:00:00,0.0823196437060833,-0.06513517750996323,0.14745482121604653,-1.2638277326179312
2016-09-20 13:00:00,0.009606121758619943,-0.28103211100147546,0.2906382327600954,-0.03418158061862728
2016-09-20 14:00:00,0.11832950063546499,-0.2451808111182054,0.3635103117536704,-0.48262137683530437
2016-09-20 15:00:00,0.0,0.06218437619820046,-0.06218437619820046,0.0
2016-09-20 16:00:00,0.0,0.06218437619820046,-0.06218437619820046,0.0
2016-09-20 17:00:00,0.0,0.06218437619820046,-0.06218437619820046,0.0
2016-09-20 18:00:00,0.0,0.3138470209253642,-0.3138470209253642,0.0
2016-09-20 19:00:00,0.0,0.3943298076169278,-0.3943298076169278,0.0
2016-09-20 20:00:00,0.0335919863122205,0.41103704323700835,-0.37744505692478786,0.08172496096136765
2016-09-20 21:00:00,0.031340559899806976,0.3238975435057583,-0.2925569836059513,0.0967607211854319
2016-09-20 22:00:00,0.016642407208681105,0.3573087861235066,-0.3406663789148255,0.04657710041008767
2016-09-20 23:00:00,0.0,0.4151863451106127,-0.4151863451106127,0.0
2016-09-21 00:00:00,0.0,0.1606524033773973,-0.1606524033773973,0.0
2016-09-21 01:00:00,0.03761101629336675,0.1984361655061533,-0.16082514921278657,0.18953710477841537
2016-09-21 02:00:00,0.2447945965329806,0.1984361655061533,0.046358431026827296,1.2336188613027284
2016-09-21 03:00:00,0.02706426920493444,0.14997735907782112,-0.12291308987288668,0.1804556992558535
2016-09-21 04:00:00,0.0,0.0947227972708464,-0.0947227972708464,0.0
2016-09-21 05:00:00,0.014587048391501108,0.07177395697770877,-0.05718690858620767,0.20323595083424878
2016-09-21 06:00:00,0.0007837141851584116,0.06498613779685561,-0.0642024236116972,0.012059713220814488
2016-09-21 07:00:00,0.0006219908793767294,0.2026975434285241,-0.20207555254914739,0.0030685664406981724
2016-09-21 08:00:00,0.022472913990418116,0.1526286385728612,-0.1301557245824431,0.1472391695329844
2016-09-21 09:00:00,0.0,0.38141347880015897,-0.38141347880015897,0.0
2016-09-21 10:00:00,0.09409831532835962,0.5688597662402642,-0.47476145091190464,0.16541566289751655
2016-09-21 11:00:00,0.5830894760886828,0.9693132958153499,-0.3862238197266671,0.6015490333269491
2016-09-21 12:00:00,0.7293415400187175,1.1669124830256474,-0.4375709430069299,0.6250182002746537
2016-09-21 13:00:00,1.1973000793457031,1.4698962841278884,-0.27259620478218527,0.8145473202934718
2016-09-21 14:00:00,1.8336809387207031,1.7022641410727033,0.13141679764799985,1.0772011784053594
2016-09-21 15:00:00,1.9116133626302083,2.1584701964424258,-0.24685683381221746,0.8856334295376953
2016-09-21 16:00:00,1.5325837707519532,2.3095420044786885,-0.7769582337267353,0.6635877450074302
2016-09-21 17:00:00,1.81579420598348,1.5620918203685947,0.25370238561488523,1.162411954474623
2016-09-21 18:00:00,1.917121566772461,1.571002881859857,0.3461186849126041,1.2203170273646131
2016-09-21 19:00:00,2.9661924616495767,1.7320924453671167,1.23410001628246,1.7124908486168546
2016-09-21 20:00:00,2.7803296712239587,2.06425454061306,0.7160751306108986,1.3468928451034108
2016-09-21 21:00:00,1.964276273091634,2.445085174041749,-0.4808089009501151,0.8033569930182296
2016-09-21 22:00:00,2.2859335746765135,2.7283664564541787,-0.44243288177766527,0.8378396418373151
2016-09-21 23:00:00,1.8790815378824868,2.827320596387604,-0.9482390585051172,0.6646156577656392
2016-09-22 00:00:00,1.0759373855590821,1.8052239848024547,-0.7292865992433726,0.596013234156548
2016-09-22 01:00:00,1.5410785694122315,1.8681533986299175,-0.32707482921768594,0.8249207857033802
2016-09-22 02:00:00,2.142380869547526,1.8681533986299175,0.2742274709176087,1.1467906602952005
2016-09-22 03:00:00,1.3501276842753094,1.9086762538353235,-0.5585485695600141,0.7073633789713378
2016-09-22 04:00:00,1.1848128573099772,1.979184816203497,-0.7943719588935199,0.5986367961243274
2016-09-22 05:00:00,1.8121985982259117,2.1688948771917578,-0.3566962789658461,0.8355400795507022
2016-09-22 06:00:00,2.022179504394531,2.2935251469983227,-0.2713456426037917,0.8816905744596181
2016-09-22 07:00:00,1.4939613990783691,1.4652362694388357,0.028725129639533442,1.0196044352973428
2016-09-22 08:00:00,0.9233617486953736,2.80686279159598,-1.8835010429006065,0.32896575901750824
2016-09-22 09:00:00,0.5302958555221559,1.5504294793171352,-1.0201336237949792,0.3420315871159243
2016-09-22 10:00:00,0.12644957741101584,1.5504294793171352,-1.4239799019061192,0.08155777421537984
2016-09-22 11:00:00,0.13101135369079805,1.4889175267091401,-1.3579061730183422,0.08799100778964174
2016-09-22 12:00:00,0.4428873418569565,1.4018997976811034,-0.9590124558241468,0.31591939922492385
2016-09-22 13:00:00,1.208636033376058,0.9866320903351784,0.22200394304087956,1.2250118815469102
2016-09-22 14:00:00,1.1513373635609945,0.9866320903351784,0.16470527322581607,1.166936870226735
2016-09-22 15:00:00,0.35224691267808284,1.3656731232246508,-1.0134262105465681,0.25792915353445
2016-09-22 16:00:00,0.2055848500902454,1.283914340981181,-1.0783294908909355,0.1601234938564011
2016-09-22 17:00:00,0.08028408594926198,0.813789453798097,-0.733505367848835,0.09865461585249377
2016-09-22 18:00:00,1.310337579349677,0.779894821259254,0.530442758090423,1.680146532110504
2016-09-22 19:00:00,2.619899943033854,1.2569848038036653,1.3629151392301886,2.084273362021542
2016-09-22 20:00:00,2.8469136377970377,1.3672974002972818,1.479616237499756,2.0821466033490985
2016-09-22 21:00:00,3.9236884918212893,2.1152341148462837,1.8084543769750057,1.8549665326792575
2016-09-22 22:00:00,2.6261590741475422,2.736196809732568,-0.11003773558502594,0.9597844222339471
2016-09-22 23:00:00,1.5312114677429198,2.2538029345400754,-0.7225914667971556,0.6793901295790921
2016-09-23 00:00:00,2.461962568918864,1.5774019260923766,0.8845606428264872,1.5607706115953386
2016-09-23 01:00:00,2.78537496693929,1.8014606542199427,0.9839143127193473,1.5461758548067739
2016-09-23 02:00:00,2.847560607910156,1.7468281186103007,1.1007324892998553,1.630132110636935
2016-09-23 03:00:00,1.9901267115275063,1.9054890041437949,0.08463770738371146,1.0444178408795082
2016-09-23 04:00:00,3.037627418518067,2.119927851497499,0.9176995670205681,1.4328918865669475
2016-09-23 05:00:00,3.158177392323812,1.7571301793195877,1.4010472130042242,1.7973496952552206
2016-09-23 06:00:00,2.837689664204915,1.646402535322022,1.1912871288828932,1.72356978522867
2016-09-23 07:00:00,1.938390199025472,1.6809893695054323,0.2574008295200396,1.1531246028020807
2016-09-23 08:00:00,0.968263007481893,1.5497719529769391,-0.5815089454950462,0.6247777330219247
2016-09-23 09:00:00,1.2466985670725503,1.2328678647472122,0.013830702325338118,1.0112183168373636
2016-09-23 10:00:00,1.8813761545817056,1.5803327825193998,0.3010433720623058,1.190493657660114
2016-09-23 11:00:00,1.4651413345336912,2.434664415705112,-0.9695230811714206,0.601783689399907
2016-09-23 12:00:00,1.2427314211527505,3.156967788565359,-1.9142363674126086,0.3936471653762083
2016-09-23 13:00:00,1.4340418179829915,2.7527291587780507,-1.3186873407950592,0.5209527473525835
2016-09-23 14:00:00,2.184678451538086,3.0502291112327318,-0.8655506596946458,0.7162342145030415
2016-09-23 15:00:00,2.235404453277588,3.2819852335365653,-1.0465807802589775,0.6811135011929306
2016-09-23 16:00:00,1.7076311683654786,3.1730038345971487,-1.4653726662316702,0.5381749463225225
2016-09-23 17:00:00,1.6071574109395346,1.6180029345254434,-0.010845523585908845,0.9932969691497563
2016-09-23 18:00:00,2.262147445678711,1.4776124837857159,0.7845349618929951,1.5309477082130343
2016-09-23 19:00:00,2.1917217178344726,1.9316383875226564,0.2600833303118162,1.1346439022913473
2016-09-23 20:00:00,2.9916758168538413,2.6906962598652635,0.3009795569885778,1.1118593582925074
2016-09-23 21:00:00,3.8264166005452473,3.2360265900097285,0.5903900105355189,1.1824428799065412
2016-09-23 22:00:00,4.506394119262695,4.0855924937741035,0.42080162548859157,1.1029964750840513
2016-09-23 23:00:00,5.022781361897787,3.791037739404301,1.2317436224934855,1.3249093538929089
2016-09-24 00:00:00,4.781165481567383,3.321856747461369,1.4593087341060138,1.4393051371710257
2016-09-24 01:00:00,5.110303604125977,3.663211772278148,1.4470918318478287,1.3950336267203802
2016-09-24 02:00:00,4.43185358174642,3.9005516932500517,0.5313018884963685,1.1362119849394106
2016-09-24 03:00:00,4.344465632120769,3.9229243505412956,0.421541281579473,1.1074558782968393
2016-09-24 04:00:00,5.686863464355468,4.105219878871316,1.5816435854841515,1.3852762171460122
2016-09-24 05:00:00,8.430608383178711,5.006960333354923,3.4236480498237887,1.683777745754532
2016-09-24 06:00:00,5.440166600545249,4.912688267576553,0.5274783329686956,1.1073706093769518
2016-09-24 07:00:00,5.100426162719726,5.439781478627272,-0.33935531590754575,0.9376160021793408
2016-09-24 08:00:00,6.063131739298503,5.1529533852439195,0.9101783540545831,1.1766323671122243
2016-09-24 09:00:00,9.033058268229167,7.385545768512508,1.647512499716659,1.223072546207845
2016-09-24 10:00:00,9.936747212727864,7.730079478723217,2.2066677340046468,1.2854650770510736
2016-09-24 11:00:00,10.058828308105468,8.239177031684436,1.8196512764210322,1.2208535232855675
2016-09-24 12:00:00,9.912557912190756,8.955668366759532,0.9568895454312241,1.106847362613703
2016-09-24 13:00:00,9.718560038248699,9.082821027572615,0.6357390106760832,1.0699935635356215
2016-09-24 14:00:00,9.57761728922526,9.159762373265998,0.4178549159592624,1.0456185323299247
2016-09-24 15:00:00,7.887144002278646,8.982688796220724,-1.0955447939420786,0.8780382111864984
2016-09-24 16:00:00,7.724897186279296,7.889557364713096,-0.16466017843379976,0.9791293515184691
2016-09-24 17:00:00,5.382912811279296,7.488204545723666,-2.1052917344443696,0.7188522667096946
2016-09-24 18:00:00,7.276087107340494,7.479861684529581,-0.20377457718908687,0.9727569057044799
2016-09-24 19:00:00,7.190485310872396,7.325121458120072,-0.1346361472476758,0.9816199433664777
2016-09-24 20:00:00,6.967286407470704,6.179946821876061,0.7873395855946432,1.1274023237234958
2016-09-24 21:00:00,4.840655136108398,5.265676343286182,-0.42502120717778347,0.9192845933799764
2016-09-24 22:00:00,3.901894025166829,5.706951719858214,-1.805057694691385,0.6837089600021654
2016-09-24 23:00:00,5.573227238972982,5.708407908339573,-0.13518066936659068,0.9763190242293125
2016-09-25 00:00:00,7.311873112996419,6.0597260471773735,1.2521470658190452,1.206634269613937
2016-09-25 01:00:00,9.396538757324219,5.680619583610286,3.7159191737139325,1.6541397675061882
2016-09-25 02:00:00,7.367347971598308,5.639547427254802,1.7278005443435065,1.3063721985905097
2016-09-25 03:00:00,7.376138326009115,7.259521819558862,0.1166165064502529,1.0160639377287992
2016-09-25 04:00:00,1.3948759068151315,6.253415042545297,-4.858539135730165,0.22305826453626562
2016-09-25 05:00:00,2.236740179359913,4.586340539549363,-2.3496003601894504,0.4876960531107197
2016-09-25 06:00:00,2.3082587509155275,2.832148987615266,-0.5238902366997387,0.8150202411699865
2016-09-25 07:00:00,1.6577946853637695,2.1706526553005783,-0.5128579699368088,0.7637309826220025
2016-09-25 08:00:00,2.964738751729329,2.964707927537971,3.082419135802539e-05,1.0000103970415
2016-09-25 09:00:00,4.068177408854167,5.115459098161097,-1.0472816893069297,0.7952712221502453
2016-09-25 10:00:00,3.7643885370890304,4.323791900981235,-0.5594033638922049,0.8706220427108773
2016-09-25 11:00:00,6.022904424031576,4.717547579088065,1.3053568449435105,1.276702422828737
2016-09-25 12:00:00,8.934568522135416,6.888956631649098,2.0456118904863185,1.2969407415178682
2016-09-25 13:00:00,7.242333028157551,7.655546375446367,-0.4132133472888153,0.9460243166164972
2016-09-25 14:00:00,6.561803904215495,6.156453078517776,0.4053508256977185,1.0658416170038139
2016-09-25 15:00:00,3.447137145996094,5.98835545573378,-2.541218309737686,0.5756400353114478
2016-09-25 16:00:00,4.958263720194498,5.931234700302349,-0.972970980107851,0.8359581049695685
2016-09-25 17:00:00,3.4764201532999675,4.214963155620081,-0.7385430023201138,0.824780674218856
2016-09-25 18:00:00,3.3841063257853192,3.1028735661258025,0.2812327596595168,1.090636229181152
2016-09-25 19:00:00,3.0937196222941084,2.7575358909780805,0.33618373131602786,1.1219145442189642
2016-09-25 20:00:00,2.866338973999023,3.208313525140562,-0.3419745511415391,0.893409871428773
2016-09-25 21:00:00,3.879599049886068,3.0783462604671814,0.8012527894188866,1.260286764912952
2016-09-25 22:00:00,3.221217597961426,3.816930386263244,-0.5957127883018183,0.8439288307573725
2016-09-25 23:00:00,3.104852022806803,3.427018043625369,-0.32216602081856616,0.9059923184770414
2016-09-26 00:00:00,2.553097929636637,2.8121909194609085,-0.2590929898242713,0.9078679231800026
2016-09-26 01:00:00,2.442407994588216,2.968237161501896,-0.5258291669136801,0.8228479941785999
2016-09-26 02:00:00,3.1175855356852216,2.5256827034307543,0.5919028322544673,1.2343535993062222
2016-09-26 03:00:00,3.154626257578532,2.4827331145363893,0.6718931430421429,1.270626407288086
2016-09-26 04:00:00,1.9200833473205567,2.125698030471128,-0.2056146831505714,0.9032719228210415
2016-09-26 05:00:00,1.851151522318522,1.9550141333511932,-0.10386261103267125,0.9468737288079678
2016-09-26 06:00:00,2.5708110351562503,1.9645881874016164,0.6062228477546339,1.308575024344634
2016-09-26 07:00:00,2.2057858810424804,1.6774460864308838,0.5283397946115966,1.3149667812786459
2016-09-26 08:00:00,1.3727623036702474,1.6421736492424226,-0.26941134557217516,0.835942230776592
2016-09-26 09:00:00,1.0932432727813721,2.0284467061454485,-0.9352034333640764,0.5389558766662425
2016-09-26 10:00:00,1.5600620930989582,1.6189666279808346,-0.058904534881876414,0.9636159672078344
2016-09-26 11:00:00,1.450421839396159,2.5892992262411108,-1.1388773868449518,0.5601599941393172
2016-09-26 12:00:00,1.667487185796102,1.9901248746685036,-0.32263768887240163,0.8378806812682327
2016-09-26 13:00:00,2.6756630859375004,2.631989536313604,0.043673549623896246,1.0165933598980283
2016-09-26 14:00:00,2.5275768127441407,2.60765292261706,-0.08007610987291924,0.969291883448755
2016-09-26 15:00:00,2.5403743235270184,2.9476513834828926,-0.40727705995587415,0.8618299768289956
2016-09-26 16:00:00,2.780367485046386,3.089819803690457,-0.30945231864407097,0.8998477780890447
2016-09-26 17:00:00,1.9821476236979167,2.7765621953653463,-0.7944145716674296,0.7138855477491298
2016-09-26 18:00:00,2.7021988258361813,2.442758641755853,0.25944018408032843,1.106207866649422
2016-09-26 19:00:00,3.957391825358073,2.702023772555711,1.2553680528023619,1.46460288971291
2016-09-26 20:00:00,4.49278881072998,2.9117271081106977,1.5810617026192824,1.542997899155862
2016-09-26 21:00:00,3.8015803731282554,3.071425562005243,0.7301548111230125,1.2377250551520174
2016-09-26 22:00:00,3.2410123570760088,3.726871426379871,-0.48585906930386225,0.8696335307237025
2016-09-26 23:00:00,2.4511690114339193,3.036135545018724,-0.5849665335848049,0.8073318780037545
2016-09-27 00:00:00,3.0520910415649416,2.3072519975846717,0.7448390439802699,1.3228251811072214
2016-09-27 01:00:00,3.506025230407715,3.2928728868064994,0.2131523436012155,1.0647314217488473
2016-09-27 02:00:00,3.9501190592447912,3.2928728868064994,0.6572461724382919,1.1995965817786862
2016-09-27 03:00:00,5.304296457926432,3.728006662041702,1.5762897958847297,1.422823760465452
2016-09-27 04:00:00,6.294648610432943,4.137402394160811,2.1572462162721315,1.5214011137318166
2016-09-27 05:00:00,5.940559041341146,5.376506117964159,0.5640529233769866,1.1049106819561414
2016-09-27 06:00:00,4.7327096557617185,6.13819290525693,-1.4054832494952114,0.7710265429599786
2016-09-27 07:00:00,6.328746643066406,6.450540713368474,-0.12179407030206768,0.9811187812442367
2016-09-27 08:00:00,9.537937540690104,7.520467014218774,2.01747052647133,1.2682639951291514
2016-09-27 09:00:00,9.027180470784504,7.759822858033188,1.267357612751316,1.163323008261627
2016-09-27 10:00:00,7.975265716552735,6.024445500009578,1.950820216543157,1.3238173897564607
2016-09-27 11:00:00,7.527612091064453,7.761314401788498,-0.2337023107240448,0.9698888231263778
2016-09-27 12:00:00,4.6648153228759766,8.202941971213821,-3.538126648337845,0.5686758896071656
2016-09-27 13:00:00,4.328058385213216,6.088715623663957,-1.7606572384507402,0.7108327359537209
2016-09-27 14:00:00,3.5350496978759764,5.890130335701228,-2.3550806378252513,0.6001649363256618
2016-09-27 15:00:00,2.3099611307779946,3.6827126518173703,-1.3727515210393757,0.6272444660155766
2016-09-27 16:00:00,1.9061579602559409,3.266906772267047,-1.360748812011106,0.5834748565332264
2016-09-27 17:00:00,2.362907712300619,2.7435655322457237,-0.38065781994510495,0.8612543365663584
2016-09-27 18:00:00,2.687738886515299,2.4958542143817275,0.1918846721335714,1.076881362311903
2016-09-27 19:00:00,2.868747491200765,2.6716539542127338,0.19709353698803111,1.0737721053571512
2016-09-27 20:00:00,1.3566043930053713,2.3710528412415215,-1.0144484482361502,0.5721527455689395
2016-09-27 21:00:00,3.7425519256591797,2.5015871444030346,1.240964781256145,1.496070977991967
2016-09-27 22:00:00,4.40033977508545,3.6430751241557533,0.7572646509296965,1.2078641326687396
2016-09-27 23:00:00,4.639988688151042,3.990060099311353,0.6499285888396886,1.162886917154922
2016-09-28 00:00:00,5.475289321899414,4.3579107105471815,1.1173786113522324,1.2564023647037812
2016-09-28 01:00:00,6.7135943552652995,3.9568758163290316,2.756718538936268,1.696690689043104
2016-09-28 02:00:00,8.744464065551758,4.326325378497381,4.418138687054378,2.0212220072520033
2016-09-28 03:00:00,5.672605753580729,4.365240440380959,1.30736531319977,1.2994944565036777
2016-09-28 04:00:00,1.3853531097571055,4.166803927733895,-2.7814508179767894,0.3324737937718433
2016-09-28 05:00:00,3.11637673441569,4.206677077396929,-1.090300342981239,0.7408167247161478
2016-09-28 06:00:00,3.4323669306437172,4.762026575586514,-1.3296596449427969,0.7207786172887896
2016-09-28 07:00:00,4.056330955505371,4.37224399485942,-0.315913039354049,0.9277457891816016
2016-09-28 08:00:00,4.8011291809082035,4.3217674555693355,0.479361725338868,1.1109179821142687
2016-09-28 09:00:00,4.752711669921876,5.233643262579178,-0.4809315926573019,0.9081076855016107
2016-09-28 10:00:00,7.624077651977539,5.457346043648229,2.16673160832931,1.3970302764383349
2016-09-28 11:00:00,8.683977762858072,8.006674176898924,0.6773035859591481,1.0845923751853577
2016-09-28 12:00:00,9.862849843343099,9.847374546941554,0.015475296401545435,1.0015715149584061
2016-09-28 13:00:00,9.849422037760416,10.177069643994004,-0.32764760623358846,0.9678053096131705
2016-09-28 14:00:00,10.024204040527344,9.939408959996866,0.08479508053047802,1.008531199477932
2016-09-28 15:00:00,9.526777893066406,9.594905828890269,-0.06812793582386334,0.9928995722273032
2016-09-28 16:00:00,8.291725941975912,7.988887471345814,0.30283847063009794,1.0379074648023652
2016-09-28 17:00:00,7.37891157023112,8.27356934564245,-0.8946577754113303,0.8918655615206112
2016-09-28 18:00:00,8.860347412109375,8.343311451802935,0.5170359603064405,1.0619701138203
2016-09-28 19:00:00,9.993272054036458,8.958815662882378,1.0344563911540803,1.1154679848408955
2016-09-28 20:00:00,9.843789571126303,9.555140356442312,0.28864921468399096,1.0302087885594875
2016-09-28 21:00:00,9.439984436035157,7.730923499456961,1.7090609365781964,1.221068147511516
2016-09-28 22:00:00,9.974390869140624,8.487128648176347,1.4872622209642774,1.1752373838805719
2016-09-28 23:00:00,10.070615458170572,7.917076123174635,2.153539334995937,1.2720119525808473
2016-09-29 00:00:00,10.076697326660156,8.647503983986212,1.429193342673944,1.1652723543487902
2016-09-29 01:00:00,10.03111808268229,8.685543982642093,1.3455741000401975,1.1549211083070103
2016-09-29 02:00:00,10.056730814615886,8.624598523763227,1.4321322908526586,1.1660520529630134
2016-09-29 03:00:00,10.063420959472657,8.132682461786349,1.930738497686308,1.2374048792336865
2016-09-29 04:00:00,9.683740234375,7.722206190348258,1.9615340440267417,1.2540121301705724
2016-09-29 05:00:00,9.85977947998047,7.426142770856366,2.4336367091241033,1.3277120820616086
2016-09-29 06:00:00,8.122805300394694,7.305364642429668,0.817440657965026,1.111895941951661
2016-09-29 07:00:00,6.975094559987386,6.604388048710485,0.370706511276901,1.0561303346415694
2016-09-29 08:00:00,9.049312662760418,6.192866782756944,2.8564458800034735,1.4612477516804971
2016-09-29 09:00:00,8.24987417602539,6.674739337206369,1.5751348388190207,1.2359844720885047
2016-09-29 10:00:00,7.5599355977376295,7.4184053817833995,0.14153021595423,1.0190782531649956
2016-09-29 11:00:00,9.233927174886068,7.0603887156564875,2.1735384592295803,1.3078496874272285
2016-09-29 12:00:00,9.248478006998699,8.301538695050448,0.9469393119482508,1.1140679272521896
2016-09-29 13:00:00,8.803173767089845,7.906652163782251,0.896521603307594,1.1133882691101882
2016-09-29 14:00:00,8.260522786458333,7.24533940104903,1.015183385409303,1.1401153664743873
2016-09-29 15:00:00,9.630088989257812,7.125765952072191,2.504323037185621,1.351446153863271
2016-09-29 16:00:00,9.085477478027343,5.3380050521894145,3.7474724258379286,1.702036133199402
2016-09-29 17:00:00,6.7382392476399735,4.033453365268476,2.704785882371498,1.6705881133179932
2016-09-29 18:00:00,6.058235087076822,3.2033449037893353,2.8548901832874867,1.8912216039897387
2016-09-29 19:00:00,6.716075012207031,3.391207543024762,3.324867469182269,1.9804376249460327
2016-09-29 20:00:00,6.299798278808593,3.473132618320916,2.826665660487677,1.8138663192925317
2016-09-29 21:00:00,2.834491637547811,3.6439543963741943,-0.8094627588263834,0.7778614464462523
2016-09-29 22:00:00,6.275824910481771,4.2411442581116265,2.0346806523701444,1.4797480416938442
2016-09-29 23:00:00,6.026153569539388,3.8871565022958836,2.1389970672435044,1.5502729478425017
2016-09-30 00:00:00,2.504767632802327,3.5511067971491745,-1.0463391643468474,0.7053484380737725
2016-09-30 01:00:00,2.202941365559896,3.114684068614178,-0.9117427030542817,0.7072760244797652
2016-09-30 02:00:00,2.1688644765218097,3.134280232746634,-0.9654157562248242,0.691981672175238
2016-09-30 03:00:00,1.9096273854573569,2.9138864871661654,-1.0042591017088085,0.6553540756882819
2016-09-30 04:00:00,2.6306003774007163,2.869930247655523,-0.23932987025480656,0.9166077745442358
2016-09-30 05:00:00,2.5536956621805826,2.6324557140658285,-0.07876005188524582,0.9700811483876396
2016-09-30 06:00:00,2.6774719746907554,2.983685392424896,-0.3062134177341407,0.8973707420656454
2016-09-30 07:00:00,1.7316660919189453,2.9709547983663183,-1.239288706447373,0.5828651761619401
2016-09-30 08:00:00,2.8331887181599935,3.0027408314946973,-0.16955211333470377,0.9435342166209181
2016-09-30 09:00:00,2.610987889607747,5.9075707997808635,-3.2965829101731163,0.44197318628912574
2016-09-30 10:00:00,6.185333262125651,3.8697362979173793,2.3155969642082717,1.5983862428699556
2016-09-30 11:00:00,4.405445409138998,4.494203898418338,-0.08875848927934005,0.9802504534094287
2016-09-30 12:00:00,4.927091321309407,6.000599257385469,-1.0735079360760613,0.8210998785238324
2016-09-30 13:00:00,4.50951444498698,5.674166133520723,-1.164651688533743,0.794744873320955
2016-09-30 14:00:00,5.615878677368164,5.2677425781483525,0.34813609921981126,1.0660882900132496
2016-09-30 15:00:00,2.194877286275228,4.305548749885648,-2.11067146361042,0.5097787561535617
2016-09-30 16:00:00,2.8452383651733397,2.796268135418787,0.048970229754552896,1.017512708861598
2016-09-30 17:00:00,2.0004644711812336,1.6108762710231825,0.38958820015805107,1.2418486181502915
2016-09-30 18:00:00,1.7996706695556641,0.9467712002744401,0.8528994692812241,1.9008506691310367
2016-09-30 19:00:00,1.4165618295669555,0.876621954318408,0.5399398752485476,1.6159324125852657
2016-09-30 20:00:00,0.9152366530299187,0.881645705195249,0.03359094783466976,1.0381002795530327
2016-09-30 21:00:00,1.3545388221740722,0.8329845780037977,0.5215542441702745,1.6261271312131023
2016-09-30 22:00:00,1.9427129211425782,1.3235091668314933,0.6192037543110849,1.467849992904447
2016-09-30 23:00:00,1.5000661354064941,0.9586767803783844,0.5413893550281097,1.5647256365324989
2016-10-01 00:00:00,0.6207528474529584,0.6755810906042943,-0.05482824315133583,0.9188428392773796
2016-10-01 01:00:00,0.3914405177434286,0.5614067498376962,-0.16996623209426764,0.6972493969062445
2016-10-01 02:00:00,0.25889935553073884,0.689906897649442,-0.4310075421187032,0.37526709243352385
2016-10-01 03:00:00,0.08628842069705325,0.7046438314314221,-0.6183554107343688,0.12245678859029518
2016-10-01 04:00:00,0.026715126077334082,0.3603148731504635,-0.33359974707312945,0.07414383381886692
2016-10-01 05:00:00,0.07390469709038736,0.3055893567312679,-0.23168465964088056,0.24184316456864816
2016-10-01 06:00:00,0.28010437271992367,0.15383424467320464,0.12627012804671903,1.8208193716227423
2016-10-01 07:00:00,0.6039898010889689,0.466979211244894,0.13701058984407494,1.293397621446201
2016-10-01 08:00:00,0.4314783699711163,0.3895396952483442,0.04193867472277213,1.107662133626805
2016-10-01 09:00:00,0.06490017409498493,0.4454979400239568,-0.3805977659289719,0.14568007675073627
2016-10-01 10:00:00,0.14681266727360587,0.6163020530874148,-0.46948938581380895,0.23821544409617976
2016-10-01 11:00:00,0.09854751857804755,0.2327485380527341,-0.13420101947468654,0.42340768024811193
2016-10-01 12:00:00,0.0,0.2406101780601913,-0.2406101780601913,0.0
2016-10-01 13:00:00,0.04633978856168688,0.17976655262784966,-0.13342676406616277,0.25777758923607386
2016-10-01 14:00:00,0.15842994575140376,-0.09384903458515216,0.25227898033655594,-1.688136126830962
2016-10-01 15:00:00,0.19805251602331797,-0.21838439949045324,0.4164369155137712,-0.9068986451661623
2016-10-01 16:00:00,0.17909174704054992,0.3133342502923966,-0.13424250325184667,0.5715677327755438
2016-10-01 17:00:00,0.8760822286605837,1.1048631316881965,-0.22878090302761278,0.7929328108921123
2016-10-01 18:00:00,1.1488261210123698,1.4138819253439783,-0.26505580433160847,0.8125332818954284
2016-10-01 19:00:00,1.1090148487091065,1.47546792559467,-0.3664530768855636,0.7516360264233674
2016-10-01 20:00:00,1.3110916722615558,1.6295894201659464,-0.31849774790439067,0.8045533777017545
2016-10-01 21:00:00,1.684075395901998,2.1815243784683553,-0.4974489825663573,0.7719718434154674
2016-10-01 22:00:00,3.915867754618327,3.223825312000838,0.6920424426174887,1.214664994421791
2016-10-01 23:00:00,6.393791514078776,3.4332843896971204,2.960507124381656,1.862295920858111
2016-10-02 00:00:00,5.795241933186848,3.8208091772557102,1.9744327559311374,1.516757750605402
2016-10-02 01:00:00,5.9336401570638015,3.946084737885008,1.9875554191787934,1.5036778354243017
2016-10-02 02:00:00,5.947083404541016,3.610175394977716,2.3369080095633,1.6473114887476887
2016-10-02 03:00:00,5.37668212890625,3.47942135713283,1.89726077177342,1.545280544388229
2016-10-02 04:00:00,5.60094056447347,3.508361955502109,2.0925786089713614,1.5964545949113385
2016-10-02 05:00:00,5.195513710021973,3.1544344051095212,2.0410793049124516,1.6470507998537969
2016-10-02 06:00:00,4.338245305379232,3.0036170065840775,1.3346282987951543,1.444340372247721
2016-10-02 07:00:00,3.9671675135294597,2.413564876240072,1.5536026372893876,1.6436962406039148
2016-10-02 08:00:00,3.0139029922485356,1.9168425719752435,1.097060420273292,1.5723268234505077
2016-10-02 09:00:00,2.0634674479166666,3.638139098114731,-1.5746716501980642,0.5671766230669815
2016-10-02 10:00:00,2.016923820495605,2.889613599370758,-0.8726897788751531,0.6979908389602022
2016-10-02 11:00:00,1.5570060958862304,1.4084381270794761,0.14856796880675427,1.105484199802815
2016-10-02 12:00:00,0.7241038717428843,1.0491504038894157,-0.32504653214653145,0.690181187614743
2016-10-02 13:00:00,0.7043935359319051,0.5906701450936103,0.11372339083829486,1.1925328235783303
2016-10-02 14:00:00,0.49186705780029294,0.6112673174946442,-0.11940025969435131,0.8046676858436858
2016-10-02 15:00:00,0.55766068760554,0.9867913602580305,-0.4291306726524905,0.5651252230863882
2016-10-02 16:00:00,0.1986532890001933,0.6704063849036969,-0.47175309590350356,0.29631771634861387
2016-10-02 17:00:00,0.040921896981696286,-0.4446220882169001,0.4855439851985964,-0.09203748096683255
2016-10-02 18:00:00,0.15436365584749728,0.4905526912957172,-0.33618903544821993,0.31467293643781696
2016-10-02 19:00:00,0.018550150841474534,0.4268569855165971,-0.4083068346751226,0.043457531376754906
2016-10-02 20:00:00,0.04987835142016411,0.4264964547590469,-0.3766181033388828,0.11694904110830967
2016-10-02 21:00:00,0.3766146349310875,0.5783906014565882,-0.20177596652550067,0.6511423836809264
2016-10-02 22:00:00,0.497801557858785,1.036044441225186,-0.5382428833664009,0.4804828229859563
2016-10-02 23:00:00,0.15531126257777214,1.144847514422281,-0.9895362518445088,0.1356610907751729
2016-10-03 00:00:00,0.07414102653662363,0.6870424208106704,-0.6129013942740467,0.10791331698141944
2016-10-03 01:00:00,0.029115443297351398,0.26149327846154824,-0.23237783516419686,0.11134298926782063
2016-10-03 02:00:00,0.0,0.30137371076030317,-0.30137371076030317,0.0
2016-10-03 03:00:00,0.0,0.2537109873451466,-0.2537109873451466,0.0
2016-10-03 04:00:00,0.0,0.22014709922660394,-0.22014709922660394,0.0
2016-10-03 05:00:00,0.00038294504086176556,0.15864358722473687,-0.15826064218387512,0.002413870283450411
2016-10-03 06:00:00,0.0,0.1917112414718618,-0.1917112414718618,0.0
2016-10-03 07:00:00,0.0,0.038180898651435424,-0.038180898651435424,0.0
2016-10-03 08:00:00,0.0,0.031442473529731965,-0.031442473529731965,0.0
2016-10-03 09:00:00,0.0075723501741886134,0.06192960689267553,-0.054357256718486915,0.12227350622960602
2016-10-03 10:00:00,0.21192476097742718,0.24924395306671873,-0.03731919208929155,0.8502704212876058
2016-10-03 11:00:00,0.3147885775168737,0.6477768924572003,-0.33298831494032655,0.4859521560313644
2016-10-03 12:00:00,0.30659208848079045,0.8567410882888843,-0.5501489998080938,0.3578585090311564
2016-10-03 13:00:00,0.29776494807470594,0.6498780749233846,-0.3521131268486786,0.45818586526374205
2016-10-03 14:00:00,0.3450532218019168,0.4807931695594917,-0.13573994775757492,0.7176749663853556
2016-10-03 15:00:00,0.21031060842672986,1.1155176612252373,-0.9052070527985074,0.18853185004326475
2016-10-03 16:00:00,0.7241465835571289,0.8553309931551499,-0.13118440959802102,0.8466273166203095
2016-10-03 17:00:00,0.8223030192057291,0.5415631119680013,0.2807399072377278,1.5183881638790706
2016-10-03 18:00:00,1.5619321177800498,0.9974650827018766,0.5644670350781732,1.5659015487030152
2016-10-03 19:00:00,3.8787136840820313,1.6741949994224703,2.2045186846595612,2.316763391014805
2016-10-03 20:00:00,3.0543600680033363,2.17191820580457,0.8824418621987662,1.4062960841897232
2016-10-03 21:00:00,2.6886980056762697,2.224597558974646,0.46410044670162387,1.2086222044204415
2016-10-03 22:00:00,4.650274113972982,2.0007145525450674,2.6495595614279144,2.3243066373748644
2016-10-03 23:00:00,3.11023664855957,2.0007145525450674,1.1095220960145027,1.554562915835796
2016-10-04 00:00:00,3.0016359303792317,1.9029645946598486,1.0986713357193831,1.5773472290564443
2016-10-04 01:00:00,3.329493128458658,2.1561214340567054,1.1733716944019528,1.5442048281085328
2016-10-04 02:00:00,1.8565091832478842,2.1986918012799217,-0.34218261803203753,0.8443699031247385
2016-10-04 03:00:00,1.3911429684956869,2.541226783265949,-1.1500838147702621,0.5474296814658193
2016-10-04 04:00:00,2.4056583455403646,2.7137023969147185,-0.30804405137435387,0.8864856913843694
2016-10-04 05:00:00,3.4170631306966146,2.653234052300014,0.7638290783966006,1.2878860527718836
2016-10-04 06:00:00,3.555316452026367,2.3912665064884133,1.1640499455379536,1.4867922259519983
2016-10-04 07:00:00,3.153671641031901,2.018588374970003,1.1350832660618981,1.562315368569764
2016-10-04 08:00:00,2.2082320175170898,2.915499370306626,-0.7072673527895361,0.7574112483121023
2016-10-04 09:00:00,2.1761445795694985,4.696675010593043,-2.5205304310235443,0.4633372704437388
2016-10-04 10:00:00,5.122558883666993,6.438808452815675,-1.316249569148682,0.7955755977531698
2016-10-04 11:00:00,7.248079162597656,6.479408551209342,0.7686706113883144,1.1186328359005617
2016-10-04 12:00:00,6.822679443359375,6.507726805260899,0.3149526380984762,1.0483967209323948
2016-10-04 13:00:00,7.825853017171223,6.557555321933845,1.2682976952373783,1.1934101403605624
2016-10-04 14:00:00,8.102324025472004,6.6010366267463505,1.5012873987256539,1.2274320661458953
2016-10-04 15:00:00,8.560283935546874,6.966248745513941,1.5940351900329333,1.2288226057186724
2016-10-04 16:00:00,8.34997846476237,6.019569501122951,2.3304089636394183,1.3871388083823404
2016-10-04 17:00:00,4.8425728302001945,5.277427583388557,-0.43485475318836286,0.9176010004273428
2016-10-04 18:00:00,3.5857296905517577,5.14825128162522,-1.5625215910734624,0.6964946919645695
2016-10-04 19:00:00,2.9762707926432292,5.354427266643632,-2.3781564740004026,0.5558523151830718
2016-10-04 20:00:00,3.3125222930908205,5.3205337879037415,-2.008011494812921,0.6225920979248089
2016-10-04 21:00:00,4.156332494099935,4.822397837971727,-0.6660653438717921,0.8618808803730023
2016-10-04 22:00:00,3.189143193562825,4.355886452365903,-1.166743258803078,0.7321456214338736
2016-10-04 23:00:00,2.6723858388264974,3.9502742066098957,-1.2778883677833983,0.6765064142521703
2016-10-05 00:00:00,3.3396386362711583,3.869599440830083,-0.5299608045589248,0.8630450482892253
2016-10-05 01:00:00,4.739213033040365,3.8814140793239633,0.8577989537164012,1.221001659752264
2016-10-05 02:00:00,4.133529271443685,4.208212462703037,-0.07468319125935263,0.9822529893817714
2016-10-05 03:00:00,2.8777138926188153,4.2489693333118,-1.3712554406929849,0.6772733966464807
2016-10-05 04:00:00,3.627711176554362,4.42073007676697,-0.7930189002126085,0.8206135895108597
2016-10-05 05:00:00,3.7881664683024088,4.329843490910856,-0.5416770226084475,0.8748968585710943
2016-10-05 06:00:00,4.529927958170573,3.8677457810917915,0.6621821770787815,1.17120623085312
2016-10-05 07:00:00,3.7874627787272135,3.408743683670019,0.37871909505719437,1.111102250624326
2016-10-05 08:00:00,5.329478403727213,3.8006636729193684,1.528814730807845,1.4022494128330831
2016-10-05 09:00:00,9.15078510538737,10.617605507085662,-1.4668204016982909,0.8618501694455113
2016-10-05 10:00:00,9.308518290201821,6.901533633514165,2.406984656687656,1.3487608384604877
2016-10-05 11:00:00,9.112445739746093,8.44711268099828,0.6653330587478123,1.0787645535076706
2016-10-05 12:00:00,9.20774100748698,9.083588091459319,0.12415291602766132,1.0136678276004605
2016-10-05 13:00:00,9.775227579752602,9.15901122819664,0.6162163515559627,1.067279789947074
2016-10-05 14:00:00,9.392384775797526,9.364257360180963,0.028127415616562956,1.0030036995497547
2016-10-05 15:00:00,9.201078979492188,9.215740291953068,-0.014661312460880538,0.998409100951588
2016-10-05 16:00:00,9.264884297688802,8.698931710551507,0.5659525871372946,1.0650600103517094
2016-10-05 17:00:00,7.181395721435547,6.713627511645101,0.46776820979044587,1.0696744359110004
2016-10-05 18:00:00,7.007607706705729,5.6606904464296965,1.3469172602760322,1.2379422215404057
2016-10-05 19:00:00,5.913767730712891,6.53477261730208,-0.6210048865891888,0.9049691668008527
2016-10-05 20:00:00,4.053945505777994,5.672811947568193,-1.6188664417901988,0.7146271625513392
2016-10-05 21:00:00,3.9841299692789716,4.7954947886376385,-0.8113648193586669,0.830806860372135
2016-10-05 22:00:00,5.06365404256185,4.475896606178754,0.5877574363830957,1.131316133525454
2016-10-05 23:00:00,3.297619171142578,4.085143017984308,-0.7875238468417298,0.8072224538101215
2016-10-06 00:00:00,2.8530535430908204,4.029771481179664,-1.176717938088844,0.7079938791605188
2016-10-06 01:00:00,3.5582468668619796,3.793413931216756,-0.2351670643547763,0.9380064847604581
2016-10-06 02:00:00,2.4544716771443684,3.146500177531728,-0.6920285003873596,0.7800640516949784
2016-10-06 03:00:00,3.0854646860758463,2.5238062097524714,0.561658476323375,1.222544216807542
2016-10-06 04:00:00,4.5845549723307295,3.100006027727157,1.4845489446035725,1.4788858251646706
2016-10-06 05:00:00,2.7732217941284176,2.6338442252775818,0.13937756885083585,1.0529179241176068
2016-10-06 06:00:00,0.9681597261428834,1.7819880136689747,-0.8138282875260914,0.543303164059739
2016-10-06 07:00:00,1.0386423965195815,1.3171518135869489,-0.2785094170673674,0.7885517719412211
2016-10-06 08:00:00,0.873194135348002,0.9752427661807982,-0.10204863083279614,0.8953607918237277
2016-10-06 09:00:00,2.437040719350179,2.146420878245595,0.29061984110458416,1.1353974162523643
2016-10-06 10:00:00,5.835136357625325,2.73451657889157,3.1006197787337553,2.133882238150695
2016-10-06 11:00:00,5.5666838582356775,6.378144136519547,-0.8114602782838691,0.8727748603802061
2016-10-06 12:00:00,4.52321880086263,6.964956044784902,-2.4417372439222715,0.6494253189507846
2016-10-06 13:00:00,6.014369455973307,6.574958165465654,-0.5605887094923467,0.9147388172845288
2016-10-06 14:00:00,7.480489929199219,6.547167400319559,0.9333225288796605,1.1425536375981629
2016-10-06 15:00:00,8.64958669535319,7.889440325322838,0.7601463700303519,1.0963498472243336
2016-10-06 16:00:00,8.370387552897135,7.273974993019481,1.0964125598776544,1.1507308673634202
2016-10-06 17:00:00,4.160857276916504,6.008833827328429,-1.847976550411925,0.6924567056577184
2016-10-06 18:00:00,2.8982577006022137,3.7102624201752796,-0.812004719573066,0.7811462835734662
2016-10-06 19:00:00,2.7526371765136717,3.6238061269833413,-0.8711689504696696,0.7595983559984543
2016-10-06 20:00:00,2.941313969930013,2.9593814905636786,-0.01806752063366579,0.9938948321832531
2016-10-06 21:00:00,1.35376456451416,2.1235008085302947,-0.7697362440161346,0.6375154457563498
2016-10-06 22:00:00,1.04528493754069,2.073632433487817,-1.028347495947127,0.5040840028637753
2016-10-06 23:00:00,1.325291259765625,1.5487305327285814,-0.2234392729629564,0.8557274695364228
2016-10-07 00:00:00,1.3833119468688964,1.1583860156895387,0.22492593117935766,1.194171828848839
2016-10-07 01:00:00,1.9501119054158529,1.1583860156895387,0.7917258897263142,1.6834732800663454
2016-10-07 02:00:00,0.790109385172526,1.4848883837559643,-0.6947789985834383,0.5321001859910687
2016-10-07 03:00:00,1.0559563166300456,1.5949872539347507,-0.5390309373047051,0.6620468684154411
2016-10-07 04:00:00,0.485626497666041,2.145672153525141,-1.6600456558591,0.22632837773851033
2016-10-07 05:00:00,0.9772360604604085,2.161958615607818,-1.1847225551474094,0.4520142307098076
2016-10-07 06:00:00,0.6631919403076171,1.4326646561241907,-0.7694727158165736,0.46290800674999566
2016-10-07 07:00:00,0.45399005858103436,0.8090794162448354,-0.355089357663801,0.5611192788566166
2016-10-07 08:00:00,0.1787945039172967,0.8021960506923665,-0.6234015467750699,0.2228813065870633
2016-10-07 09:00:00,0.17179924422502518,2.4068230689747745,-2.2350238247497494,0.07138008873174291
2016-10-07 10:00:00,1.196502068837484,2.0104018682033025,-0.8138997993658186,0.5951556690040278
2016-10-07 11:00:00,1.688712346394857,1.5135486358549735,0.17516371053988355,1.115730480270254
2016-10-07 12:00:00,1.7892179412841795,1.8867026002432927,-0.09748465895911318,0.948330670161507
2016-10-07 13:00:00,2.041551717122396,1.968948116293197,0.07260360082919881,1.0368743087887378
2016-10-07 14:00:00,1.3344549986521401,1.7003274719550177,-0.36587247330287753,0.7848223478491462
2016-10-07 15:00:00,0.7355582528909048,1.1757356156140175,-0.4401773627231127,0.6256153535901573
2016-10-07 16:00:00,1.5578368460337322,1.0161866150557533,0.5416502309779789,1.533022402532099
2016-10-07 17:00:00,1.3104520797729493,0.6730950833476229,0.6373569964253264,1.9469048462743868
2016-10-07 18:00:00,1.000461895942688,0.7488147251554365,0.25164717078725163,1.3360606600451341
2016-10-07 19:00:00,0.825067279179891,0.9672237777617315,-0.14215649858184054,0.8530262573664109
2016-10-07 20:00:00,1.096480655034383,1.033181939077776,0.06329871595660719,1.061265797980468
2016-10-07 21:00:00,1.0205947850545247,1.0604981574823553,-0.0399033724278306,0.9623729922147511
2016-10-07 22:00:00,0.44644754904508593,1.122211379992856,-0.67576383094777,0.39782839223028377
2016-10-07 23:00:00,0.5285399200717608,1.3520460426968635,-0.8235061226251027,0.3909185807145345
2016-10-08 00:00:00,0.4909812237421671,1.5010324479178865,-1.0100512241757194,0.3270956763281283
2016-10-08 01:00:00,0.6447404847542445,1.5377791834022474,-0.8930386986480029,0.4192672730344766
2016-10-08 02:00:00,2.093062110900879,1.7893104672321611,0.30375164366871776,1.1697590492155245
2016-10-08 03:00:00,1.8355236206054686,2.0480894265813503,-0.2125658059758817,0.8962126344596708
2016-10-08 04:00:00,2.2129421132405596,2.153786409928564,0.05915570331199538,1.0274659098224868
2016-10-08 05:00:00,2.035548886617025,2.0964185504353523,-0.06086966381832726,0.9709649278739273
2016-10-08 06:00:00,2.537092348734538,2.425689029128355,0.111403319606183,1.0459264638906391
2016-10-08 07:00:00,1.7699212570190432,1.888928026575367,-0.11900676955632372,0.9369977215214053
2016-10-08 08:00:00,2.1053860003153484,2.497773016185866,-0.3923870158705176,0.8429052546697385
2016-10-08 09:00:00,1.7556301422119143,3.8119548584647935,-2.0563247162528793,0.46055900644084946
2016-10-08 10:00:00,1.7830228805541992,2.2463024335132924,-0.4632795529590932,0.7937590477367251
2016-10-08 11:00:00,1.6666299069722494,1.6821072516668387,-0.015477344694589279,0.9907988359961872
2016-10-08 12:00:00,1.6874875284830728,1.750845410596102,-0.06335788211302917,0.963812977588091
2016-10-08 13:00:00,1.6619339141845704,1.7665569152507627,-0.10462300106619238,0.9407757541446995
2016-10-08 14:00:00,1.8342013397216796,2.58984009031147,-0.7556387505897904,0.7082295723907368
2016-10-08 15:00:00,1.6043552894592286,2.448636994942962,-0.8442817054837333,0.6552034020447364
2016-10-08 16:00:00,1.6932021636962893,1.407300464306898,0.28590169938939125,1.2031561181429717
2016-10-08 17:00:00,1.7341676788330078,1.1734334824386576,0.5607341963943502,1.477857675604261
2016-10-08 18:00:00,1.6216437428792319,1.3702754461543944,0.2513682967248374,1.1834436261923027
2016-10-08 19:00:00,1.4698908405303956,1.6287231290717956,-0.15883228854139997,0.902480485660004
2016-10-08 20:00:00,1.1606266797383626,1.949032418267597,-0.7884057385292345,0.5954886480390044
2016-10-08 21:00:00,0.648816070397695,1.7665892556396572,-1.1177731852419623,0.36727047236725535
2016-10-08 22:00:00,0.8847690642674764,1.6624835550138908,-0.7777144907464144,0.532197182702408
2016-10-08 23:00:00,1.3369153423309328,1.7211456948012915,-0.38423035247035875,0.7767589614110393
2016-10-09 00:00:00,2.3905684229532875,2.0150393139806577,0.3755291089726298,1.1863631673918966
2016-10-09 01:00:00,1.7395180969238282,2.0449248311513273,-0.3054067342274991,0.8506513640134391
2016-10-09 02:00:00,2.800874501546224,2.048900182035802,0.7519743195104218,1.3670136427843227
2016-10-09 03:00:00,3.177741734822591,1.9936901431453133,1.1840515916772776,1.5938995062739676
2016-10-09 04:00:00,3.3596165326436362,2.4229638070423727,0.9366527256012636,1.3865731394248941
2016-10-09 05:00:00,3.3885886052449545,2.9508455529049185,0.4377430523400361,1.148344955536255
2016-10-09 06:00:00,4.742878829956055,2.852062881411082,1.8908159485449731,1.6629643269328886
2016-10-09 07:00:00,2.694709228515625,2.2056218135753416,0.4890874149402835,1.2217458187663943
2016-10-09 08:00:00,1.416885367075602,2.248788230978877,-0.8319028639032751,0.6300661607691022
2016-10-09 09:00:00,2.5531392974853517,2.7452856563558306,-0.19214635887047882,0.9300086100600768
2016-10-09 10:00:00,2.5016405118306477,2.807024522566463,-0.30538401073581545,0.8912072166521001
2016-10-09 11:00:00,2.6287770563761397,2.505235245683065,0.1235418106930748,1.0493134570519707
2016-10-09 12:00:00,2.148066134134928,2.031309654979613,0.11675647915531506,1.0574784247537516
2016-10-09 13:00:00,1.8063053614298503,2.058756345171664,-0.25245098374181363,0.8773769492762565
2016-10-09 14:00:00,3.436228621164958,2.6727580153809676,0.7634706057839904,1.2856489818346564
2016-10-09 15:00:00,0.9236161866188048,2.9611624319782663,-2.0375462453594615,0.3119100042079636
2016-10-09 16:00:00,1.9844606068929034,2.3179414036663455,-0.3334807967734421,0.8561306182089128
2016-10-09 17:00:00,1.9055223604838054,1.7098510011585992,0.19567135932520618,1.1144376669035014
2016-10-09 18:00:00,1.5860332438151041,1.908543669880731,-0.32251042606562685,0.8310175286239161
2016-10-09 19:00:00,2.082031297047933,1.6911196293385906,0.3909116677093425,1.2311555379806165
2016-10-09 20:00:00,1.4394791905085242,1.732983300141673,-0.29350410963314877,0.830636504339566
2016-10-09 21:00:00,1.3261443780263265,1.44497095521555,-0.11882657718922363,0.9177654216783215
2016-10-09 22:00:00,1.1869412886301678,1.4785915022780642,-0.29165021364789645,0.8027513257052057
2016-10-09 23:00:00,0.5217769044240316,0.9911608038414047,-0.46938389941737313,0.5264301235498825
2016-10-10 00:00:00,0.6612124525705974,1.5394445385338378,-0.8782320859632404,0.4295136563999467
2016-10-10 01:00:00,1.4270527776082356,1.4779668093905858,-0.05091403178235021,0.9655513023304334
2016-10-10 02:00:00,2.8226012039184574,1.3863116085880178,1.4362895953304395,2.0360510482872787
2016-10-10 03:00:00,1.632006894747416,1.312503113469791,0.3195037812776249,1.2434308749431997
2016-10-10 04:00:00,0.5238220912416776,1.4197047283615378,-0.8958826371198603,0.36896551851751147
2016-10-10 05:00:00,1.8738308143615725,1.4025013554591108,0.4713294589024617,1.3360634605220552
2016-10-10 06:00:00,2.5566735916137695,1.5121788855465423,1.0444947060672272,1.6907216573717192
2016-10-10 07:00:00,1.562298367102941,1.0307672254049745,0.5315311416979664,1.515665543681926
2016-10-10 08:00:00,2.274779490152995,1.6290429224957161,0.645736567657279,1.3963901495413036
2016-10-10 09:00:00,2.4446727956136067,1.9813050954720164,0.46336770014159034,1.2338699381536693
2016-10-10 10:00:00,1.2699855529069901,2.29878479611709,-1.0287992432100999,0.5524595234195653
2016-10-10 11:00:00,1.6909234988093373,2.6929404968799244,-1.002016998070587,0.6279097145920837
2016-10-10 12:00:00,1.695586180528005,2.5065047188545506,-0.8109185383265456,0.6764743619963629
2016-10-10 13:00:00,2.2844450006683665,2.432218275162918,-0.14777327449455147,0.9392434157725202
2016-10-10 14:00:00,0.6419925123850505,2.4566044373890326,-1.814611925003982,0.26133328696067293
2016-10-10 15:00:00,1.9328067098061243,2.4293535990613475,-0.49654688925522317,0.7956053456165958
2016-10-10 16:00:00,2.6755563076337174,2.9440987567535695,-0.26854244911985203,0.9087861952647365
2016-10-10 17:00:00,1.3038146362304688,1.9373608863078298,-0.633546250077361,0.672984907171964
2016-10-10 18:00:00,2.4747063954671225,1.8831028829529046,0.5916035125142178,1.314164200941863
2016-10-10 19:00:00,2.491224459330241,1.826400395335509,0.6648240639947318,1.364007840609673
2016-10-10 20:00:00,2.1989073842366538,1.821067520958647,0.37783986327800667,1.2074826215554622
2016-10-10 21:00:00,1.458012722015381,1.821067520958647,-0.3630547989432662,0.8006362780265573
2016-10-10 22:00:00,1.6358357938130696,1.8678473857324616,-0.2320115919193919,0.8757866441918056
2016-10-10 23:00:00,1.5461193199157715,1.9013514742983963,-0.3552321543826249,0.8131686018158707
2016-10-11 00:00:00,1.8196849276224771,1.9338503300032845,-0.11416540238080741,0.9409647165504201
2016-10-11 01:00:00,1.6478735504150388,1.6923262104161012,-0.044452660001062405,0.9737328065195346
2016-10-11 02:00:00,1.2046349271138508,1.6421233950968481,-0.43748846798299734,0.7335836823899611
2016-10-11 03:00:00,1.264632427215576,1.593565426202759,-0.328932998987183,0.7935867623766263
2016-10-11 04:00:00,2.1353409678141277,1.4007232601411803,0.7346177076729474,1.5244559925412422
2016-10-11 05:00:00,1.518693899790446,1.1430270226540953,0.3756668771363507,1.3286596639369528
2016-10-11 06:00:00,1.4839145558675129,1.0906110899569446,0.3933034659105683,1.3606266885898761
2016-10-11 07:00:00,1.3039538281758627,0.7563107081043335,0.5476431200715292,1.7240980647281559
2016-10-11 08:00:00,0.6448660333951315,0.977992128300419,-0.33312609490528755,0.659377529465188
2016-10-11 09:00:00,0.3172468479673068,0.5105295090119082,-0.1932826610446014,0.6214074649305079
2016-10-11 10:00:00,0.4534923583865166,1.1647876484074173,-0.7112952900209008,0.3893347933475809
2016-10-11 11:00:00,0.431163969039917,0.6955169011669864,-0.2643529321270694,0.6199187515306677
2016-10-11 12:00:00,0.18646758395433424,0.6341735775663224,-0.44770599361198815,0.2940324077674669
2016-10-11 13:00:00,0.06859376321732998,0.314358493646387,-0.24576473042905705,0.21820235369396176
2016-10-11 14:00:00,0.0,0.40870716933433165,-0.40870716933433165,0.0
2016-10-11 15:00:00,0.4907796003917853,1.2147106974001325,-0.7239310970083472,0.40403003072436083
2016-10-11 16:00:00,0.6463703390757244,1.4557226900996432,-0.8093523510239188,0.4440202405799423
2016-10-11 17:00:00,1.2221522884368898,1.4130496573624278,-0.190897368925538,0.8649039912143899
2016-10-11 18:00:00,2.0478681081136068,1.3798127359379808,0.6680553721756259,1.4841637961266458
2016-10-11 19:00:00,2.315227595011393,1.4575102293686018,0.8577173656427914,1.5884811978399338
2016-10-11 20:00:00,1.32914857228597,1.5500805041844066,-0.22093193189843663,0.8574706724573105
2016-10-11 21:00:00,1.67527330271403,1.4259142045726487,0.24935909814138135,1.1748766491993219
2016-10-11 22:00:00,1.2802934277852376,1.2342823543346297,0.04601107345060784,1.0372775915405605
2016-10-11 23:00:00,1.4150056432088216,1.7244525949430793,-0.30944695173425774,0.8205535178863691
2016-10-12 00:00:00,1.354087724049886,1.7647425697194115,-0.41065484566952537,0.7673004251635307
2016-10-12 01:00:00,1.6625093510945639,1.3820068360598292,0.28050251503473467,1.2029675307789804
2016-10-12 02:00:00,1.9623335571289062,2.38572110185226,-0.42338754472335394,0.8225326739179034
2016-10-12 03:00:00,1.4801331583658852,2.3594787485779753,-0.8793455902120901,0.6273136213911401
2016-10-12 04:00:00,1.8736668446858726,2.2572975342461676,-0.383630689560295,0.8300486826658366
2016-10-12 05:00:00,1.7084311803181969,2.0322542497595344,-0.32382306944133754,0.8406581905390756
2016-10-12 06:00:00,1.267379809697469,1.942651788338016,-0.675271978640547,0.6523967997279337
2016-10-12 07:00:00,0.744246605873108,1.4557616357509895,-0.7115150298778815,0.5112420794693978
2016-10-12 08:00:00,0.813518810749054,1.6693864465694213,-0.8558676358203673,0.4873160510083391
2016-10-12 09:00:00,2.9757074495951334,1.6262462592660223,1.3494611903291112,1.8298012571221327
2016-10-12 10:00:00,3.0742032114664712,1.6626590606063074,1.4115441508601638,1.848967887827483
2016-10-12 11:00:00,2.5353002548217773,2.073303738683882,0.46199651613789516,1.2228310823532142
2016-10-12 12:00:00,2.0960239588419594,2.7200636923856654,-0.624039733543706,0.7705789995687989
2016-10-12 13:00:00,2.6126701024373373,2.6273959510744405,-0.014725848637103134,0.9943952685810141
2016-10-12 14:00:00,3.1292582906087243,2.6026303979649055,0.5266278926438188,1.2023444792835776
2016-10-12 15:00:00,1.2288265577952067,3.0681673284515463,-1.8393407706563396,0.4005083250838784
2016-10-12 16:00:00,2.760163986206055,2.895703626527001,-0.13553964032094612,0.953192847817956
2016-10-12 17:00:00,3.6955994695027674,2.5798526517418217,1.1157468177609458,1.432484706833018
2016-10-12 18:00:00,3.098746541341146,2.81818439472561,0.2805621466155359,1.0995542190711949
2016-10-12 19:00:00,2.7707174453735353,3.341711263777293,-0.5709938184037577,0.8291313122731206
2016-10-12 20:00:00,1.7806717306772868,3.153038016001726,-1.3723662853244394,0.5647479420293523
2016-10-12 21:00:00,2.8211277338663736,2.843221388811567,-0.022093654945193553,0.9922293582089193
2016-10-12 22:00:00,2.4953209152221683,2.9025270096058136,-0.4072060943836453,0.859706354829426
2016-10-12 23:00:00,2.0033038864135744,2.4480213710757646,-0.4447174846621902,0.8183359467704473
2016-10-13 00:00:00,1.9489780375162762,2.002180293241567,-0.053202255725290915,0.9734278396881254
2016-10-13 01:00:00,1.470646379470825,1.7028009389802372,-0.2321545595094121,0.863663124564376
2016-10-13 02:00:00,2.58548976389567,1.4257621544622734,1.1597276094333968,1.813408888574959
2016-10-13 03:00:00,2.2061713689168294,1.4375200094689327,0.7686513594478968,1.5347065462635625
2016-10-13 04:00:00,1.434928182601929,1.4730273460625922,-0.03809916346066333,0.9741354676391429
2016-10-13 05:00:00,2.3531764043172196,1.6055275279966592,0.7476488763205604,1.4656717890433555
2016-10-13 06:00:00,2.1936625518798825,1.4918125774991675,0.701849974380715,1.4704679293945064
2016-10-13 07:00:00,2.2174041773478192,1.4202537240954123,0.797150453252407,1.5612732709151163
2016-10-13 08:00:00,1.868992862701416,1.8946205981375932,-0.025627735436177135,0.9864734208730924
2016-10-13 09:00:00,1.7683998311360678,2.4007352847067667,-0.6323354535706989,0.7366075895169198
2016-10-13 10:00:00,0.96812327003479,1.5118945858790915,-0.5437713158443015,0.640337811297786
2016-10-13 11:00:00,1.9822580540974934,1.0707878992240234,0.91147015487347,1.8512144707032947
2016-10-13 12:00:00,2.628786554972331,1.5709703623236588,1.0578161926486722,1.6733521000892924
2016-10-13 13:00:00,5.169841478983561,2.5854849905126596,2.5843564884709016,1.9995635240405962
2016-10-13 14:00:00,5.253719017028809,3.2506471332378157,2.003071883790993,1.6162071125191089
2016-10-13 15:00:00,5.483921127319336,4.756868535704873,0.7270525916144628,1.1528426918165247
2016-10-13 16:00:00,3.3167244415283204,3.0813786909955456,0.23534575053277473,1.07637676966499
2016-10-13 17:00:00,3.6982605438232428,2.2015513860420852,1.4967091577811575,1.6798429358816458
2016-10-13 18:00:00,2.202383855183919,2.2475346877717155,-0.04515083258779651,0.9799109518382737
2016-10-13 19:00:00,1.8158864288330077,1.7560853645840335,0.059801064248974134,1.0340536203165382
2016-10-13 20:00:00,1.6091978403727214,1.3027979485753658,0.3063998917973556,1.2351860410376065
2016-10-13 21:00:00,1.1027090314229329,0.9334288434763114,0.16928018794662147,1.1813530716665896
2016-10-13 22:00:00,0.9767440656026203,1.6543246227181205,-0.6775805571155002,0.5904186229168199
2016-10-13 23:00:00,0.8652636133829752,1.6178511717236248,-0.7525875583406496,0.5348227503900383
2016-10-14 00:00:00,0.8810895544687907,0.7813191286709432,0.09977042579784745,1.1276948459812588
2016-10-14 01:00:00,2.1761707814534503,1.367939368304052,0.8082314131493984,1.5908386233166387
2016-10-14 02:00:00,1.3860969746907554,1.859465269208161,-0.4733682945174056,0.7454277300274686
2016-10-14 03:00:00,1.2426731402079265,2.2293062180941505,-0.986633077886224,0.557425951680293
2016-10-14 04:00:00,1.849352195739746,2.2110315392511444,-0.3616793435113983,0.8364205407789453
2016-10-14 05:00:00,1.653865872701009,1.7177198607383632,-0.06385398803735431,0.962826308586834
2016-10-14 06:00:00,1.078745360056559,1.3336574470980769,-0.2549120870415178,0.8088623974648179
2016-10-14 07:00:00,1.5869814809163412,0.882905152716844,0.7040763281994972,1.7974540934923064
2016-10-14 08:00:00,0.9777373218536377,1.136073579950282,-0.1583362580966442,0.8606285183539137
2016-10-14 09:00:00,0.9878933486938477,1.2878946581524437,-0.30000130945859604,0.7670606772381799
2016-10-14 10:00:00,1.2068608283996582,1.2267145281511533,-0.01985369975149509,0.9838155501578533
2016-10-14 11:00:00,1.3780145339965821,1.62896104252471,-0.25094650852812794,0.8459468937702841
2016-10-14 12:00:00,1.7540368499755858,2.040916204460153,-0.28687935448456714,0.8594359955310119
2016-10-14 13:00:00,1.522672940572103,1.3364836197442618,0.18618932082784112,1.1393128341247225
2016-10-14 14:00:00,1.122884733835856,1.3831074985241216,-0.26022276468826555,0.8118564428535435
2016-10-14 15:00:00,1.73206130472819,2.2280563401543234,-0.4959950354261333,0.7773866726405227
2016-10-14 16:00:00,1.683560317993164,1.9206567032615371,-0.23709638526837318,0.8765545217603171
2016-10-14 17:00:00,1.8276071192423502,2.3436914029146614,-0.5160842836723112,0.7797985336164571
2016-10-14 18:00:00,2.182663754781087,1.892140581149844,0.29052317363124325,1.1535420658092401
2016-10-14 19:00:00,1.08759525235494,1.8987187469941929,-0.8111234946392529,0.572804821186224
2016-10-14 20:00:00,1.0000947984059652,1.3989446766197131,-0.39884987821374795,0.7148923149859695
2016-10-14 21:00:00,0.8700272324879965,0.8879033135662777,-0.017876081078281203,0.9798670859707893
2016-10-14 22:00:00,0.7775324398676553,0.9245094102978373,-0.14697697043018199,0.8410216610095593
2016-10-14 23:00:00,0.322322478055954,0.7888333128449345,-0.46651083478898053,0.4086065748079211
2016-10-15 00:00:00,0.23227395282189053,0.4751918109289099,-0.24291785810701935,0.4888004117070936
2016-10-15 01:00:00,0.19560457124312722,0.5298470793516753,-0.33424250810854805,0.3691717457091023
2016-10-15 02:00:00,0.19497129545609157,0.39795537899568506,-0.2029840835395935,0.4899325546199128
2016-10-15 03:00:00,0.16243118888388078,0.46561963486690416,-0.3031884459830234,0.34884952592325963
2016-10-15 04:00:00,0.031872159407784546,0.4837631940816014,-0.45189103467381686,0.0658838038894053
2016-10-15 05:00:00,0.04131783689558506,-0.08381966064398039,0.12513749753956543,-0.4929372963114275
2016-10-15 06:00:00,0.07071414073805014,0.08293306614988023,-0.01221892541183009,0.8526652157084423
2016-10-15 07:00:00,0.48483339528242747,0.1724878441158045,0.312345551166623,2.810826454279996
2016-10-15 08:00:00,0.5010556281407674,0.7274841257225683,-0.22642849758180084,0.6887512873811474
2016-10-15 09:00:00,0.46624299081166587,1.297265069233544,-0.831022078421878,0.35940456724633285
2016-10-15 10:00:00,0.5629798625285426,1.7042772337979866,-1.1412973712694439,0.33033349936497153
2016-10-15 11:00:00,0.917492712656657,1.4671263908685035,-0.5496336782118465,0.625367192879356
2016-10-15 12:00:00,0.9062004998524983,1.2902170698433453,-0.384016569990847,0.7023628202055385
2016-10-15 13:00:00,0.5480640584627787,1.1122000315327731,-0.5641359730699944,0.49277471940678413
2016-10-15 14:00:00,0.2861515460262696,1.0090318460848537,-0.7228803000585842,0.28359020296194487
2016-10-15 15:00:00,0.3487627192437649,1.2707532282989247,-0.9219905090551598,0.2744535378522162
2016-10-15 16:00:00,0.3759405822753906,0.5607429369552472,-0.18480235467985662,0.6704330228690769
2016-10-15 17:00:00,0.9924055074850717,0.4527137682422057,0.539691739242866,2.192125747220761
2016-10-15 18:00:00,0.9338884280522664,0.8043617346657959,0.1295266933864705,1.161030401875454
2016-10-15 19:00:00,1.0085923835436503,1.0694411963282313,-0.060848812784580986,0.9431022360149427
2016-10-15 20:00:00,0.5640043994585673,1.5556446647647617,-0.9916402653061944,0.3625534881025377
2016-10-15 21:00:00,1.0684258963267008,2.222970150963214,-1.1545442546365132,0.48062988873861007
2016-10-15 22:00:00,1.6309455401102702,2.262031555780533,-0.6310860156702629,0.7210091901425746
2016-10-15 23:00:00,2.1575172742207847,2.711295618962077,-0.5537783447412923,0.7957513961707774
2016-10-16 00:00:00,3.183580446879069,2.090380571797894,1.0931998750811749,1.5229669132166377
2016-10-16 01:00:00,2.639952911376953,1.9026430258838147,0.7373098854931384,1.387518770185828
2016-10-16 02:00:00,2.4217671178181965,2.3030341726034638,0.11873294521473277,1.051555008009504
2016-10-16 03:00:00,2.3821513875325517,2.3597438875328556,0.022407499999696157,1.0094957338879362
2016-10-16 04:00:00,1.9596728337605793,2.820298306153715,-0.8606254723931357,0.694845942177356
2016-10-16 05:00:00,4.110669512430827,3.3740717242641622,0.736597788166665,1.2183112418356508
2016-10-16 06:00:00,3.427664245605469,4.714742135172345,-1.2870778895668757,0.7270099079300277
2016-10-16 07:00:00,5.731182011922201,4.708482092565582,1.0226999193566186,1.2172037398148763
2016-10-16 08:00:00,6.174091751098633,6.078411919134442,0.0956798319641905,1.0157409259584722
2016-10-16 09:00:00,4.022936925252279,5.560420728814531,-1.5374838035622522,0.7234950593585676
2016-10-16 10:00:00,2.753419797261556,3.164565852305234,-0.41114605504367807,0.8700782115991746
2016-10-16 11:00:00,6.392943227132161,2.5672602772452153,3.8256829498869456,2.4901811802237965
2016-10-16 12:00:00,5.373393254597982,3.7238706196716858,1.6495226349262961,1.4429591689390449
2016-10-16 13:00:00,4.344853190104167,3.882368400637846,0.46248478946632066,1.1191243956627963
2016-10-16 14:00:00,3.0529029388427733,3.9185761889272084,-0.8656732500844351,0.7790847470235277
2016-10-16 15:00:00,4.195244140625,3.187578746161195,1.0076653944638054,1.316122510126954
2016-10-16 16:00:00,4.896044057210286,3.8259967935695993,1.0700472636406868,1.2796780346076422
2016-10-16 17:00:00,3.8410289891560874,3.1256080318946364,0.7154209572614509,1.228890171115854
2016-10-16 18:00:00,3.503031364440918,3.331091189192851,0.17194017524806693,1.0516167722474536
2016-10-16 19:00:00,3.4239522221883134,3.8627620274279724,-0.43880980523965896,0.8863999899233137
2016-10-16 20:00:00,2.872143985748291,4.083164015778974,-1.2110200300306828,0.7034113679120362
2016-10-16 21:00:00,3.0171482899983726,4.036892472345917,-1.0197441823475444,0.7473937714880597
2016-10-16 22:00:00,3.570166310628255,4.411552913332613,-0.8413866027043575,0.8092765474575822
2016-10-16 23:00:00,2.8876363474527995,3.5292096474473147,-0.6415732999945152,0.8182104878755031
2016-10-17 00:00:00,3.005180943806966,3.697515439253902,-0.6923344954469357,0.8127568344686513
2016-10-17 01:00:00,4.29873317972819,3.7141669919735163,0.5845661877546737,1.157388235105731
2016-10-17 02:00:00,4.050931406656901,4.1658425950409805,-0.11491118838407921,0.9724158592739751
2016-10-17 03:00:00,3.3517678578694663,4.195492356276838,-0.8437244984073717,0.7988973815802374
2016-10-17 04:00:00,3.5791512908935545,4.0973616045972605,-0.518210313703706,0.8735258530459524
2016-10-17 05:00:00,4.857680180867513,4.172299078215571,0.6853811026519425,1.1642694087368899
2016-10-17 06:00:00,3.2287342376708983,4.000519137039066,-0.7717848993681677,0.8070788132913683
2016-10-17 07:00:00,2.2090851338704427,3.7284450685145853,-1.5193599346441427,0.5924950195794473
2016-10-17 08:00:00,3.310655520121256,4.469134069492602,-1.1584785493713463,0.7407823235200297
2016-10-17 09:00:00,3.6259596201578774,6.434688819935254,-2.808729199777377,0.5635019379529781
2016-10-17 10:00:00,4.783200205485025,5.2828731872257135,-0.4996729817406882,0.9054164345741015
2016-10-17 11:00:00,6.145368174235026,5.314893641259309,0.8304745329757166,1.1562542148593107
2016-10-17 12:00:00,4.711133842468262,6.043396203630454,-1.3322623611621927,0.7795507168035977
2016-10-17 13:00:00,3.7824715220133465,5.979254802721711,-2.196783280708365,0.6325991527057174
2016-10-17 14:00:00,8.420821736653647,5.808221658695603,2.612600077958044,1.4498106703704514
2016-10-17 15:00:00,6.557014251708985,4.377009217243302,2.180005034465683,1.498058131995134
2016-10-17 16:00:00,4.304484837849935,3.2242282650297343,1.0802565728202005,1.3350434535100257
2016-10-17 17:00:00,4.322382932027181,2.6937867247180667,1.6285962073091143,1.60457503645897
2016-10-17 18:00:00,3.1728060989379885,2.6912370764855145,0.481569022452474,1.1789396507131042
2016-10-17 19:00:00,3.4339260508219396,2.966412105711252,0.4675139451106878,1.157602493669231
2016-10-17 20:00:00,2.420900563557943,3.090948699012027,-0.6700481354540839,0.7832224987531322
2016-10-17 21:00:00,3.498933588663737,3.1423596289792717,0.35657395968446526,1.1134733136195143
2016-10-17 22:00:00,3.513029856363932,3.834787866520095,-0.321758010156163,0.9160949650004644
2016-10-17 23:00:00,4.176784047444662,3.789325213384392,0.3874588340602698,1.1022500873484584
2016-10-18 00:00:00,5.0100798848470065,3.4448549603084238,1.5652249245385828,1.4543659871237207
2016-10-18 01:00:00,4.559677576700847,3.5345513708007057,1.0251262059001411,1.2900300769056052
2016-10-18 02:00:00,4.674366165161133,3.6421705284668033,1.0321956366943295,1.2834012379779591
2016-10-18 03:00:00,4.58973317972819,3.731386402717736,0.8583467770104543,1.2300342779791666
2016-10-18 04:00:00,3.613629608154297,4.007109420886584,-0.39347981273228694,0.90180457496835
2016-10-18 05:00:00,4.935255477905273,4.808065340056698,0.1271901378485749,1.0264534961263807
2016-10-18 06:00:00,5.321968882242838,5.4101273864089,-0.08815850416606175,0.9837049115724096
2016-10-18 07:00:00,5.644386728922526,6.012348012717502,-0.36796128379497617,0.9387990710090878
2016-10-18 08:00:00,4.695190205891927,5.45248094135742,-0.7572907354654932,0.8611107964227084
2016-10-18 09:00:00,4.285781117757161,5.427235887571233,-1.1414547698140716,0.789680273078219
2016-10-18 10:00:00,8.545046539306641,4.267396015313598,4.277650523993043,2.0024029897020683
2016-10-18 11:00:00,7.997374704996744,5.929849414673268,2.067525290323476,1.3486640462078912
2016-10-18 12:00:00,8.284667460123698,7.603674426299403,0.6809930338242953,1.0895610458371143
2016-10-18 13:00:00,8.465272054036458,6.49513526665398,1.9701367873824776,1.3033249819287303
2016-10-18 14:00:00,9.531942016601562,8.185918445613945,1.346023570987617,1.1644315882121723
2016-10-18 15:00:00,9.8775771484375,7.920071899836717,1.957505248600782,1.2471575098505279
2016-10-18 16:00:00,9.728676920572916,7.860102399737418,1.868574520835498,1.2377290302093165
2016-10-18 17:00:00,9.827344848632812,8.700653793770707,1.1266910548621052,1.1294949875684936
2016-10-18 18:00:00,9.155711334228515,7.98280009158084,1.1729112426476753,1.1469298027248234
2016-10-18 19:00:00,8.711560536702473,7.642128858307514,1.0694316783949587,1.1399389748881836
2016-10-18 20:00:00,9.222273844401041,7.633777111367863,1.5884967330331783,1.2080879111164595
2016-10-18 21:00:00,8.770383880615235,6.147674788646858,2.6227090919683764,1.4266180600203238
2016-10-18 22:00:00,7.045262217203776,6.332901967902466,0.7123602493013097,1.1124855955313724
2016-10-18 23:00:00,7.34357773844401,5.196983837581054,2.146593900862956,1.4130460990354152
2016-10-19 00:00:00,7.674521240234375,5.529462948820718,2.1450582914136573,1.3879324830038222
2016-10-19 01:00:00,8.977587280273438,5.352339839166205,3.6252474411072333,1.677320116069457
2016-10-19 02:00:00,7.950290781656901,4.975456573691698,2.974834207965203,1.5979017531164843
2016-10-19 03:00:00,8.977295104980469,4.828533936484027,4.148761168496441,1.8592175643933502
2016-10-19 04:00:00,6.538177612304688,4.058760494345765,2.4794171179589233,1.610880371338241
2016-10-19 05:00:00,5.094675445556642,3.873751234697697,1.2209242108589446,1.3151787858556756
2016-10-19 06:00:00,4.729687980651855,3.578525713694722,1.151162266957133,1.321686180024285
2016-10-19 07:00:00,4.617746742248535,2.7621879552435025,1.8555587870050325,1.671771370041129
2016-10-19 08:00:00,5.760859873453775,3.0429549901319093,2.7179048833218657,1.8931794561982815
2016-10-19 09:00:00,4.053594785054525,2.8505737459360843,1.2030210391184406,1.4220276850699005
2016-10-19 10:00:00,2.860747980753581,3.192730266721266,-0.3319822859676851,0.8960193131790585
2016-10-19 11:00:00,4.073867477416992,3.2238958324206886,0.8499716449963035,1.2636473661613612
2016-10-19 12:00:00,3.291476628621419,3.0184728070379503,0.2730038215834689,1.0904443534978767
2016-10-19 13:00:00,2.9527739028930666,2.8331062349659284,0.11966766792713823,1.0422390330620896
2016-10-19 14:00:00,1.6447021427154542,2.3763092339002236,-0.7316070911847694,0.6921246272380188
2016-10-19 15:00:00,1.9337326749165853,2.515269078458817,-0.5815364035422319,0.7687975379959916
2016-10-19 16:00:00,2.8082881139119467,2.4576527628705263,0.3506353510414204,1.142670826545846
2016-10-19 17:00:00,4.073367273966471,2.3422420306898846,1.7311252432765865,1.739088967149437
2016-10-19 18:00:00,2.578333689371745,2.8980785798475233,-0.3197448904757785,0.8896700411440875
2016-10-19 19:00:00,4.488262256622315,3.283199412910082,1.2050628437122333,1.3670391871336622
2016-10-19 20:00:00,3.1215778579711912,3.3803863488701063,-0.258808490898915,0.9234381919139445
2016-10-19 21:00:00,3.9687017110188805,3.395278277834875,0.5734234331840056,1.1688884934491055
2016-10-19 22:00:00,3.3756619059244795,3.381557158067944,-0.0058952521434645355,0.9982566457203306
2016-10-19 23:00:00,3.0110474421183273,3.441696241627446,-0.4306487995091186,0.8748730947547302
2016-10-20 00:00:00,3.5721850916544597,3.340293092526655,0.23189199912780456,1.06942265025983
2016-10-20 01:00:00,2.928377731323242,3.6825824479260496,-0.7542047166028074,0.7951967872362072
2016-10-20 02:00:00,2.9319258015950522,3.8341936946923654,-0.9022678930973131,0.7646785830495957
2016-10-20 03:00:00,2.362659632364909,3.7574660878366477,-1.3948064554717385,0.628790673590671
2016-10-20 04:00:00,2.523507090250651,3.2074578784587486,-0.6839507882080977,0.7867623475895027
2016-10-20 05:00:00,3.2623904724121093,3.129351798115598,0.1330386742965115,1.042513172976149
2016-10-20 06:00:00,2.6814921747843425,3.085223616019309,-0.4037314412349664,0.8691402985706824
2016-10-20 07:00:00,2.8742797520955405,2.7986009878830846,0.0756787642124559,1.0270416413558479
2016-10-20 08:00:00,2.74703252919515,3.2367590432997906,-0.48972651410464074,0.8486984951448912
2016-10-20 09:00:00,3.8344244079589846,3.8305877488401574,0.003836659118827246,1.0010015849708673
2016-10-20 10:00:00,5.019882837931315,2.3750279022489797,2.6448549356823357,2.113610047771586
2016-10-20 11:00:00,7.305078999837239,2.720919953207745,4.584159046629494,2.6847827666613786
2016-10-20 12:00:00,5.254931060791015,2.837903850090675,2.41702721070034,1.8516945387783708
2016-10-20 13:00:00,3.5214532674153642,2.672710914590798,0.8487423528245661,1.3175586062043345
2016-10-20 14:00:00,2.6250173924764,2.4932188267761406,0.13179856570025938,1.0528628150424653
2016-10-20 15:00:00,2.9781848653157548,3.4693063052309467,-0.49112143991519197,0.8584381439094353
2016-10-20 16:00:00,1.78157625579834,2.592484374166956,-0.810908118368616,0.6872080979739037
2016-10-20 17:00:00,2.3837964884440104,2.359701574383732,0.024094914060278416,1.0102110005442408
2016-10-20 18:00:00,4.515699890136719,2.7804257944203825,1.7352740957163362,1.624103725119583
2016-10-20 19:00:00,4.592566975911458,3.153669559350892,1.438897416560566,1.4562613138380702
2016-10-20 20:00:00,5.3013029683431,3.5204864050693794,1.7808165632737203,1.5058438972266461
2016-10-20 21:00:00,4.49845529683431,3.002752701906109,1.495702594928201,1.4981104817518767
2016-10-20 22:00:00,4.090383463541667,2.668661030991266,1.4217224325504012,1.532747477495224
2016-10-20 23:00:00,4.519164316813151,3.5194155398921203,0.9997487769210305,1.2840667052779098
2016-10-21 00:00:00,3.745625259399414,3.077554811849503,0.6680704475499111,1.2170783262665674
2016-10-21 01:00:00,2.231044977823893,2.789621072943786,-0.5585760951198928,0.7997663193264999
2016-10-21 02:00:00,1.3053536300659179,2.2846078556597536,-0.9792542255938357,0.5713687917303232
2016-10-21 03:00:00,1.5204947255452472,2.2004413256829722,-0.679946600137725,0.6909953507046213
2016-10-21 04:00:00,1.5288993727366131,1.8003022132451039,-0.27140284050849073,0.8492459552003337
2016-10-21 05:00:00,1.2035666987101237,1.603287142870264,-0.3997204441601403,0.7506869272059739
2016-10-21 06:00:00,1.7072992045084634,1.756764932649998,-0.04946572814153449,0.9718427165625866
2016-10-21 07:00:00,1.5606840273539226,1.3107546662251157,0.24992936112880693,1.1906759270585596
2016-10-21 08:00:00,0.8389361991882325,1.3820531178859181,-0.5431169186976856,0.6070216754559521
2016-10-21 09:00:00,0.48733516331513727,1.7880351407794366,-1.3006999774642993,0.27255345949336274
2016-10-21 10:00:00,1.2521419397989908,1.7189529513555561,-0.46681101155656535,0.7284329328569226
2016-10-21 11:00:00,1.7446995162963868,1.4545441958557273,0.2901553204406595,1.1994819554245015
2016-10-21 12:00:00,1.1756424814860025,1.480044289203557,-0.30440180771755454,0.7943292576187977
2016-10-21 13:00:00,1.47641578801473,1.510636606049987,-0.034220818035257006,0.9773467570571207
2016-10-21 14:00:00,1.2082885678609214,1.2926249072118345,-0.08433633935091311,0.9347557525153798
2016-10-21 15:00:00,1.267763042449951,1.2283030350174153,0.03946000743253575,1.0321256288615914
2016-10-21 16:00:00,0.758714396158854,0.7717087787626828,-0.012994382603828791,0.9831615462186872
2016-10-21 17:00:00,1.3973791338602704,0.6015735166507007,0.7958056172095697,2.3228734230859573
2016-10-21 18:00:00,1.210626987616221,1.0100455420330259,0.20058144558319513,1.1985865361867383
2016-10-21 19:00:00,2.3513586947123213,1.3619995912521385,0.9893591034601827,1.7264019092330467
2016-10-21 20:00:00,1.6551481552124025,1.495022494046535,0.16012566116586746,1.1071058541282948
2016-10-21 21:00:00,1.6327032788594564,1.508706328105771,0.12399695075368533,1.082187599033516
2016-10-21 22:00:00,1.92359326171875,1.5640155730374379,0.359577688681312,1.2299067188845088
2016-10-21 23:00:00,1.1996169668833414,1.317747396308547,-0.11813042942520569,0.9103542683854822
2016-10-22 00:00:00,1.2684748560587564,1.1650581522182204,0.10341670384053603,1.0887652720541332
2016-10-22 01:00:00,1.4872635383605957,1.3029760193408857,0.18428751901970997,1.1414358486144145
2016-10-22 02:00:00,0.9499999554951986,1.1650581522182204,-0.21505819672302184,0.8154099035197854
2016-10-22 03:00:00,0.796428855895996,1.094273280256679,-0.29784442436068304,0.7278153184085616
2016-10-22 04:00:00,0.6179232260783513,1.075998601413672,-0.4580753753353207,0.5742788375993327
2016-10-22 05:00:00,0.38667368427912396,1.0594662796259189,-0.6727925953467949,0.36497026070112626
2016-10-22 06:00:00,0.7432382240295411,0.98241372762573,-0.2391755035961889,0.7565429952060813
2016-10-22 07:00:00,1.034559305826823,0.602115266981325,0.432444038845498,1.7182080617446136
2016-10-22 08:00:00,0.6443388760884604,1.1500177329944292,-0.5056788569059688,0.5602860352515813
2016-10-22 09:00:00,0.7916639143625894,1.6401512222892138,-0.8484873079266244,0.48267739194050513
2016-10-22 10:00:00,1.5857700297037762,1.1342293868274786,0.4515406428762976,1.398103459600257
2016-10-22 11:00:00,2.2424856669108073,1.56891137608761,0.6735742908231972,1.4293259014431317
2016-10-22 12:00:00,1.375394957224528,1.5935072762621454,-0.2181123190376173,0.8631243658019319
2016-10-22 13:00:00,2.2611655794779457,1.5632582547491232,0.6979073247288226,1.4464440361076647
2016-10-22 14:00:00,1.0126919275919597,1.9047983653447391,-0.8921064377527794,0.5316530851855693
2016-10-22 15:00:00,2.4001168073018393,1.910469023595682,0.48964778370615725,1.2562971593146244
2016-10-22 16:00:00,1.3957641270955403,1.4248718564551126,-0.029107729359572287,0.9795716862343058
2016-10-22 17:00:00,1.4128769124348959,1.0814092749407305,0.3314676374941654,1.3065145132145572
2016-10-22 18:00:00,1.4175211029052734,1.3023628445439002,0.11515825836137328,1.088422561226939
2016-10-22 19:00:00,2.0924972356160483,1.6192662867299144,0.47323094888613393,1.2922502325678733
2016-10-22 20:00:00,2.208155756632487,1.6673918740349338,0.5407638825975531,1.3243172112197925
2016-10-22 21:00:00,1.8114229838053384,1.4464601031059379,0.3649628806994005,1.2523145159107585
2016-10-22 22:00:00,0.9382946170171103,1.1070023876314956,-0.16870777061438536,0.8475994519078258
2016-10-22 23:00:00,0.8875052671432495,1.1777550101442686,-0.29024974300101913,0.753556774965054
2016-10-23 00:00:00,1.2043972212473553,1.2668582602918035,-0.06246103904444822,0.9506961109997727
2016-10-23 01:00:00,1.1675162525177,1.1961729857815846,-0.028656733263884515,0.9760429857516302
2016-10-23 02:00:00,0.9938993536631268,1.1996356399697732,-0.20573628630664642,0.828501021933768
2016-10-23 03:00:00,0.7339921951293945,1.254227839375385,-0.5202356442459904,0.5852144021096902
2016-10-23 04:00:00,0.861116575241089,1.4832411040675084,-0.6221245288264194,0.5805641260073224
2016-10-23 05:00:00,1.73889803314209,1.5816199506056314,0.15727808253645859,1.0994411346899322
2016-10-23 06:00:00,1.4156812438964845,1.7747217512403617,-0.35904050734387716,0.7976919440509804
2016-10-23 07:00:00,1.6453117039998373,1.35059385651273,0.2947178474871073,1.2182135258989528
2016-10-23 08:00:00,1.4188382479349773,1.9921363027541985,-0.5732980548192212,0.7122194630826131
2016-10-23 09:00:00,1.6457990366617836,2.410780451142147,-0.7649814144803635,0.6826830854224237
2016-10-23 10:00:00,1.591757932027181,2.6468527526570607,-1.0550948206298796,0.6013775909631861
2016-10-23 11:00:00,3.608742930094401,2.6180742734833813,0.9906686566110197,1.3783959327070283
2016-10-23 12:00:00,3.7217233784993495,2.6064565825856687,1.1152667959136808,1.427886197439479
2016-10-23 13:00:00,4.669753855387371,5.090476345853665,-0.42072249046629384,0.9173510567809663
2016-10-23 14:00:00,3.7839026133219402,4.982310678459324,-1.198408065137384,0.7594674153262625
2016-10-23 15:00:00,4.569642590840658,3.3491460124291628,1.2204965784114954,1.3644202354516815
2016-10-23 16:00:00,3.4067481384277345,3.0228257165980286,0.38392242182970593,1.127007792649648
2016-10-23 17:00:00,2.8274231770833333,2.875562172018253,-0.04813899493491958,0.9832592752111728
2016-10-23 18:00:00,3.525078033447265,2.7211711409734476,0.8039068924738175,1.2954268036909413
2016-10-23 19:00:00,2.180216677347819,2.653550186761033,-0.47333350941321406,0.8216225523923583
2016-10-23 20:00:00,1.565667485555013,2.681347823740338,-1.1156803381853249,0.5839106257281422
2016-10-23 21:00:00,1.4104266827901204,2.551445818408451,-1.1410191356183306,0.5527950750958611
2016-10-23 22:00:00,1.9324683481852212,2.429947487190573,-0.4974791390053519,0.795271650260837
2016-10-23 23:00:00,0.8811048409144084,2.121508954444142,-1.2404041135297335,0.4153198783670783
2016-10-24 00:00:00,1.8583264071146648,2.2456728328765543,-0.3873464257618895,0.8275143110380309
2016-10-24 01:00:00,1.6212251892089844,2.276189808371217,-0.6549646191622327,0.71225395318376
2016-10-24 02:00:00,2.1929262593587238,1.6178641523286568,0.575062107030067,1.3554452369825718
2016-10-24 03:00:00,2.2317178700764972,2.88407849065587,-0.6523606205793726,0.7738062182797879
2016-10-24 04:00:00,1.1719630490938824,1.957744191137235,-0.7857811420433527,0.5986293073422938
2016-10-24 05:00:00,1.5703947315216062,1.5698260201664964,0.00056871135510983,1.0003622766776725
2016-10-24 06:00:00,0.7992929019927978,1.3818692316510326,-0.5825763296582348,0.578414283844946
2016-10-24 07:00:00,0.9480307973225912,0.9561188798645699,-0.00808808254197868,0.9915407145363301
2016-10-24 08:00:00,0.6140553080240886,1.1546940648927209,-0.5406387568686323,0.5317904774033273
2016-10-24 09:00:00,0.39061818460623426,1.222579757041449,-0.8319615724352147,0.3195032326982911
2016-10-24 10:00:00,0.679692504564921,1.994399181414048,-1.3147066768491271,0.34080063354368834
2016-10-24 11:00:00,1.677441431681315,1.9809249252483851,-0.30348349356707005,0.8467970745892772
2016-10-24 12:00:00,1.6284122155507406,2.000998886283274,-0.3725866707325334,0.8137996611159595
2016-10-24 13:00:00,1.1449158770243328,1.9746463049986172,-0.8297304279742843,0.5798080770850427
2016-10-24 14:00:00,1.0884699643452964,1.530974129311993,-0.44250416496669653,0.7109656156204585
2016-10-24 15:00:00,0.9728331031799317,1.5366461468471455,-0.5638130436672139,0.6330885644531552
2016-10-24 16:00:00,1.5236940943400066,0.8139243173163738,0.7097697770236328,1.8720341215063414
2016-10-24 17:00:00,1.4762250493367512,0.7463660829995756,0.7298589663371756,1.977883351027877
2016-10-24 18:00:00,0.6078118637402853,1.2558694696155672,-0.6480576058752819,0.4839769406340787
2016-10-24 19:00:00,0.4225417307217916,0.9875567258509431,-0.5650149951291515,0.42786578194554054
2016-10-24 20:00:00,0.7571913286844889,0.9045664122534136,-0.1473750835689247,0.8370765467603526
2016-10-24 21:00:00,0.3877974345286687,0.7967110994697456,-0.4089136649410769,0.48674787484041443
2016-10-24 22:00:00,0.37151963774363195,0.5766330209462639,-0.20511338320263195,0.6442912983615859
2016-10-24 23:00:00,0.3679009862343471,0.6781084914343496,-0.3102075052000025,0.5425400078034048
2016-10-25 00:00:00,0.1723210714658101,0.22101814455999652,-0.048697073094186416,0.7796693425730603
2016-10-25 01:00:00,0.05764945375919342,0.5957164921794703,-0.5380670384202769,0.09677330494624864
2016-10-25 02:00:00,0.04280403927961985,0.2407505005002771,-0.19794646122065726,0.17779418605848582
2016-10-25 03:00:00,0.0643320885002613,0.188901335360885,-0.12456924686062369,0.3405592045040793
2016-10-25 04:00:00,0.5121120813687642,0.38546467970625736,0.12664740166250682,1.3285577338992984
2016-10-25 05:00:00,0.47670017107327783,0.6756202739576054,-0.19892010288432754,0.7055741064146787
2016-10-25 06:00:00,0.5316405315486094,0.23094387757984963,0.3006966539687597,2.3020334512431178
2016-10-25 07:00:00,0.37580764865875244,-0.07742287508248856,0.453230523741241,-4.853961419778795
2016-10-25 08:00:00,0.19047410910328227,0.1485077939530154,0.041966315150266886,1.2825866173969571
2016-10-25 09:00:00,0.0,0.03439026044706235,-0.03439026044706235,0.0
2016-10-25 10:00:00,0.0,0.019384357211993202,-0.019384357211993202,0.0
2016-10-25 11:00:00,0.0,0.30199280404777284,-0.30199280404777284,0.0
2016-10-25 12:00:00,0.002304222573836645,0.6147228027743868,-0.6124185802005502,0.003748392874702473
2016-10-25 13:00:00,0.0,0.41537335481078747,-0.41537335481078747,0.0
2016-10-25 14:00:00,0.1274399446087579,0.6484590961620518,-0.5210191515532938,0.19652734515256196
2016-10-25 15:00:00,0.03987273526191711,1.2227637261641344,-1.1828909909022174,0.03260869979108695
2016-10-25 16:00:00,0.06027228710055351,0.34970044129782607,-0.2894281541972726,0.1723540493025057
2016-10-25 17:00:00,0.19107312711079916,0.42510297342066333,-0.23402984630986418,0.44947492503591957
2016-10-25 18:00:00,0.24149618887901309,0.5637994975912186,-0.3223033087122055,0.42833700617113585
2016-10-25 19:00:00,0.21631104616324107,0.6832784548885558,-0.4669674087253147,0.3165781748504303
2016-10-25 20:00:00,0.11065626828869185,0.4577942102644366,-0.34713794197574477,0.24171618121769875
2016-10-25 21:00:00,0.7701565841039021,0.6562455158567703,0.11391106824713182,1.1735799567306966
2016-10-25 22:00:00,1.129192782084147,1.7037230022559793,-0.5745302201718323,0.6627795601684839
2016-10-25 23:00:00,1.8768228594462077,1.488175748189298,0.38864711125690965,1.261156729458726
2016-10-26 00:00:00,2.081444268544515,1.3685164800760559,0.7129277884684591,1.5209493629399609
2016-10-26 01:00:00,2.7069056053161624,1.4732220787985368,1.2336835265176256,1.837404994312695
2016-10-26 02:00:00,2.599853904724121,1.5474052771572329,1.052448627566888,1.6801376750506893
2016-10-26 03:00:00,3.2205672543843584,1.7516233650308943,1.468943889353464,1.838618574448826
2016-10-26 04:00:00,2.7299381866455072,1.8046818996026024,0.9252562870429049,1.5126977154514873
2016-10-26 05:00:00,1.6748940353393555,1.8854254475649668,-0.21053141222561123,0.8883374505751404
2016-10-26 06:00:00,1.6955734329223633,2.2660795331914,-0.5705061002690366,0.7482409192118811
2016-10-26 07:00:00,1.7600393346150716,2.2352066158099486,-0.47516728119487706,0.787416841989484
2016-10-26 08:00:00,2.1579712422688804,2.875201324687413,-0.7172300824185327,0.7505461352357617
2016-10-26 09:00:00,1.6211542661190035,3.047866188841094,-1.4267119227220904,0.5318981102432924
2016-10-26 10:00:00,2.0904384502569835,3.6067781956923937,-1.5163397454354102,0.5795860839886445
2016-10-26 11:00:00,1.8178562849164008,3.61003940699004,-1.792183122073639,0.503555800913565
2016-10-26 12:00:00,3.1487877118388816,4.322747360538614,-1.1739596486997321,0.7284227943977145
2016-10-26 13:00:00,2.671654728492101,2.7410737558988023,-0.06941902740670125,0.9746745131329242
2016-10-26 14:00:00,3.360581201950709,3.4663917520483825,-0.1058105500976736,0.9694753052550545
2016-10-26 15:00:00,1.946132006406784,3.28513852386536,-1.339006517458576,0.5924048536367124
2016-10-26 16:00:00,1.301795608520508,2.183652609038239,-0.8818570005177309,0.5961550858100395
2016-10-26 17:00:00,2.419981726328532,2.09232349537003,0.3276582309585021,1.1566001775937402
2016-10-26 18:00:00,3.4314164428710936,1.9737301793720903,1.4576862634990033,1.7385438388355303
2016-10-26 19:00:00,2.7448185780843097,2.224534245779806,0.5202843323045037,1.2338846135057449
2016-10-26 20:00:00,2.6040743052164714,2.236819042815122,0.36725526240134965,1.1641863983503757
2016-10-26 21:00:00,2.9715845336914066,2.7106067108526664,0.26097782283874027,1.096280224568855
2016-10-26 22:00:00,3.471315175374349,3.3141964016368974,0.15711877373745153,1.0474078040938823
2016-10-26 23:00:00,4.137713447570801,3.3604698676251092,0.7772435799456914,1.2312901500571942
2016-10-27 00:00:00,3.238844899495443,3.0379071284328116,0.20093777106263122,1.066143487133621
2016-10-27 01:00:00,3.2067561289469406,2.6689853766668032,0.5377707522801374,1.201488834289433
2016-10-27 02:00:00,4.133722854614257,2.5917489447335775,1.5419739098806797,1.5949549677695303
2016-10-27 03:00:00,4.245638160705566,3.0053750380651216,1.2402631226404441,1.4126816476917745
2016-10-27 04:00:00,5.169048700273037,2.917379792662647,2.25166890761039,1.7718120600113318
2016-10-27 05:00:00,5.103822906494141,3.062198705835041,2.0416242006591,1.6667183931495924
2016-10-27 06:00:00,3.4080369040171306,2.9826107812716995,0.425426122745431,1.142635480773003
2016-10-27 07:00:00,1.859753240744273,2.517194698599164,-0.6574414578548908,0.7388197829032607
2016-10-27 08:00:00,2.209896518707276,2.8658361260299214,-0.6559396073226456,0.7711175452898883
2016-10-27 09:00:00,4.555990422566732,3.445265394351439,1.1107250282152932,1.3223917176413587
2016-10-27 10:00:00,3.7677697931925453,6.098217248797251,-2.330447455604706,0.6178477478701929
2016-10-27 11:00:00,3.2791230901082358,7.649948621192549,-4.370825531084313,0.42864642005883874
2016-10-27 12:00:00,4.582885884602864,5.019078819075304,-0.43619293447244,0.9130930295785228
2016-10-27 13:00:00,5.751780598958333,3.1438132909346375,2.6079673080236954,1.8295554050693519
2016-10-27 14:00:00,6.340975402832031,3.0991069907762583,3.241868412055773,2.0460653413078056
2016-10-27 15:00:00,4.88333603922526,5.818141637998695,-0.9348055987734352,0.8393291781231049
2016-10-27 16:00:00,4.984893417358399,5.46695539188814,-0.4820619745297412,0.9118225886304059
2016-10-27 17:00:00,4.966810001512369,5.46695539188814,-0.5001453903757715,0.9085148214090266
2016-10-27 18:00:00,8.034601221720377,6.505204152172998,1.5293970695473798,1.2351036237712079
2016-10-27 19:00:00,8.13428518676758,6.572166394033067,1.5621187927345126,1.2376870424572293
2016-10-27 20:00:00,8.580854512532554,6.601528411159404,1.9793261013731493,1.2998284606375763
2016-10-27 21:00:00,9.671182708740236,6.20351862362654,3.4676640851136966,1.5589834246498193
2016-10-27 22:00:00,9.414163350423177,7.112408226095006,2.301755124328171,1.323625282908139
2016-10-27 23:00:00,10.048559753417969,7.6333495839662024,2.4152101694517665,1.3164024053771752
2016-10-28 00:00:00,10.031754353841146,6.444453943002824,3.5873004108383224,1.5566492432975327
2016-10-28 01:00:00,6.091662475585937,5.568085072094822,0.5235774034911156,1.0940318613512374
2016-10-28 02:00:00,4.830304651896159,4.693532630646971,0.13677202124918786,1.0291405284702015
2016-10-28 03:00:00,2.325115245819092,4.581523293009138,-2.2564080471900456,0.5074982919691673
2016-10-28 04:00:00,4.409949315388998,4.4404942121976525,-0.030544896808654798,0.9931212844001124
2016-10-28 05:00:00,3.651482165018718,4.34687197775621,-0.6953898127374925,0.8400252373900272
2016-10-28 06:00:00,3.1069419555664064,3.880550413372305,-0.7736084578058988,0.8006446572269598
2016-10-28 07:00:00,2.7376026077270508,2.9585696578501803,-0.22096705012312956,0.9253128789660834
2016-10-28 08:00:00,2.9031511001586914,2.6254332179406896,0.27771788221800175,1.1057798310466398
2016-10-28 09:00:00,2.7906650390625005,2.245809470124989,0.5448555689375114,1.2426098812857833
2016-10-28 10:00:00,2.174269017537435,1.3670627669813011,0.8072062505561337,1.590467584995075
2016-10-28 11:00:00,1.120075723807017,1.838924254582268,-0.718848530775251,0.6090929090831175
2016-10-28 12:00:00,0.34250709757208825,1.383998407382911,-1.0414913098108227,0.2474765113492842
2016-10-28 13:00:00,0.5097772436638673,1.295274123779441,-0.7854968801155736,0.3935670714832192
2016-10-28 14:00:00,0.7166965244611105,1.152452365725069,-0.4357558412639584,0.6218881975310092
2016-10-28 15:00:00,0.4014502097169559,1.1847124140893723,-0.7832622043724164,0.3388587854256006
2016-10-28 16:00:00,0.27423496156930927,0.5374950064253445,-0.26326004485603527,0.5102093196979295
2016-10-28 17:00:00,0.5114036088784536,0.05074104637619132,0.4606625625022623,10.078696546518483
2016-10-28 18:00:00,0.37175013272960983,0.42899446620065906,-0.057244333471049236,0.8665616039805194
2016-10-28 19:00:00,0.6113187571366628,0.8296377717356929,-0.21831901459903003,0.7368501989220153
2016-10-28 20:00:00,0.6077747135162355,0.8064999623868672,-0.1987252488706317,0.7535954641801882
2016-10-28 21:00:00,0.7776510225931804,1.007213469932616,-0.22956244733943565,0.7720816349340586
2016-10-28 22:00:00,0.41747703482707343,0.9744981589747257,-0.5570211241476523,0.42840207647626866
2016-10-28 23:00:00,0.3103441345691681,0.7150898711164337,-0.40474573654726564,0.43399319037290157
2016-10-29 00:00:00,0.3586177005767822,0.5922078755145205,-0.23359017493773826,0.6055605057011593
2016-10-29 01:00:00,0.10339665934443475,0.515794080988477,-0.41239742164404225,0.20046112034919739
2016-10-29 02:00:00,0.010345688690741858,0.48526627591404714,-0.47492058722330527,0.02131961194141243
2016-10-29 03:00:00,0.0,0.5309214872551827,-0.5309214872551827,0.0
2016-10-29 04:00:00,0.0,0.4458740038140849,-0.4458740038140849,0.0
2016-10-29 05:00:00,0.0,0.3210292464314857,-0.3210292464314857,0.0
2016-10-29 06:00:00,0.0,0.3039004868418342,-0.3039004868418342,0.0
2016-10-29 07:00:00,0.0,0.11199624528444814,-0.11199624528444814,0.0
2016-10-29 08:00:00,0.0,0.052506730254178756,-0.052506730254178756,0.0
2016-10-29 09:00:00,0.0,0.05769382092873818,-0.05769382092873818,0.0
2016-10-29 10:00:00,0.0,0.11805582885070988,-0.11805582885070988,0.0
2016-10-29 11:00:00,0.0,0.10467412852727934,-0.10467412852727934,0.0
2016-10-29 12:00:00,0.005879849746823311,0.1509352197555396,-0.1450553700087163,0.03895611479114376
2016-10-29 13:00:00,0.008512286325295767,0.2961548879987619,-0.2876426016734661,0.028742683880103148
2016-10-29 14:00:00,0.056860503961642585,0.28528667168972455,-0.22842616772808197,0.1993100610864976
2016-10-29 15:00:00,0.10664674574136734,0.63085459927611,-0.5242078535347426,0.16905122965536248
2016-10-29 16:00:00,0.09506585487971704,0.2938884548816644,-0.19882260000194735,0.3234759763461813
2016-10-29 17:00:00,0.11112018042554458,0.17181039661428144,-0.06069021618873685,0.646760514004354
2016-10-29 18:00:00,0.18941732144355772,0.32721450878666625,-0.13779718734310853,0.5788781253799842
2016-10-29 19:00:00,0.29785692288478216,0.4467865904069659,-0.14892966752218373,0.6666648670307502
2016-10-29 20:00:00,0.08869985579450926,0.5269337151643326,-0.4382338593698234,0.16833209423095427
2016-10-29 21:00:00,0.1442663483222326,0.6468878566495432,-0.5026215083273106,0.2230160094045328
2016-10-29 22:00:00,0.3002954516212145,0.6629986317111908,-0.36270318008997626,0.4529352509312966
2016-10-29 23:00:00,0.04153078609518707,0.6191820755434113,-0.5776512894482242,0.06707362460184026
2016-10-30 00:00:00,0.075980639676253,0.5857181678144716,-0.5097375281382186,0.12972218355419043
2016-10-30 01:00:00,0.04463413057724634,0.46816808564576706,-0.4235339550685207,0.09533783259847863
2016-10-30 02:00:00,0.0,0.48382430446510166,-0.48382430446510166,0.0
2016-10-30 03:00:00,0.0,0.4604687551601828,-0.4604687551601828,0.0
2016-10-30 04:00:00,0.0026491192082564036,0.48358364825345485,-0.48093452904519846,0.0054780992240414895
2016-10-30 05:00:00,0.07173648114005725,0.3455452154535469,-0.2738087343134896,0.20760374599862197
2016-10-30 06:00:00,0.02034656177957853,0.4613016805675793,-0.44095511878800076,0.044106845122576614
2016-10-30 07:00:00,0.021297681411107383,0.19813259075344342,-0.17683490934233603,0.10749206544020948
2016-10-30 08:00:00,0.0,0.18028525154483105,-0.18028525154483105,0.0
2016-10-30 09:00:00,0.009219889188806216,0.11370178833521571,-0.1044818991464095,0.08108833927593231
2016-10-30 10:00:00,0.00033370765050252276,0.11982902687553605,-0.11949531922503352,0.0027848648962920984
2016-10-30 11:00:00,0.03083959959509472,0.13764568966155513,-0.10680609006646041,0.22405060173641103
2016-10-30 12:00:00,0.0025069186091423038,0.1915499353479819,-0.18904301673883958,0.013087546099078941
2016-10-30 13:00:00,0.0,0.14114252833975555,-0.14114252833975555,0.0
2016-10-30 14:00:00,0.004193730364243189,0.094342700006514,-0.09014896964227082,0.04445209183067294
2016-10-30 15:00:00,0.0,0.364590921187683,-0.364590921187683,0.0
2016-10-30 16:00:00,0.0,0.2835609762491369,-0.2835609762491369,0.0
2016-10-30 17:00:00,0.0,0.28094296854098955,-0.28094296854098955,0.0
2016-10-30 18:00:00,0.05214680151144664,0.37618460852331,-0.32403780701186335,0.13862024210970716
2016-10-30 19:00:00,0.33691484546661377,0.5363317752980992,-0.1994169298314854,0.6281836374124071
2016-10-30 20:00:00,0.7244811377624671,0.5318825583823001,0.192598579380167,1.3621073418273915
2016-10-30 21:00:00,0.6048960346182188,0.43917631103670285,0.165719723581516,1.3773421275622184
2016-10-30 22:00:00,0.5912758436401685,0.4567073728931707,0.1345684707469978,1.294649219027333
2016-10-30 23:00:00,1.5585114699999492,0.43716119494424044,1.1213502750557087,3.565072764975711
2016-10-31 00:00:00,0.5678663272062938,0.28144490722350296,0.28642141998279086,2.017682013891749
2016-10-31 01:00:00,0.04150825742880503,0.3581378437118263,-0.31662958628302124,0.11590022712652627
2016-10-31 02:00:00,0.13100641019145648,0.3028139828887848,-0.17180757269732833,0.43262998934752467
2016-10-31 03:00:00,0.44021091196934387,0.5261978639035612,-0.08598695193421729,0.836588177503555
2016-10-31 04:00:00,0.29036100254456204,0.732848552756647,-0.4424875502120849,0.39620874115443694
2016-10-31 05:00:00,0.0626337010115385,0.6178620887777492,-0.5552283877662106,0.10137165258907549
2016-10-31 06:00:00,0.001945551594098409,0.4652496930102288,-0.46330414141613036,0.004181736438148783
2016-10-31 07:00:00,0.005524132440487544,0.19286132706556375,-0.1873371946250762,0.028643028255268616
2016-10-31 08:00:00,0.0,0.2568843968208659,-0.2568843968208659,0.0
2016-11-01 15:00:00,0.0,1.9278513337145167,-1.9278513337145167,0.0
2016-11-01 16:00:00,0.0,1.5983827029967967,-1.5983827029967967,0.0
2016-11-01 17:00:00,0.0,1.3916361171506797,-1.3916361171506797,0.0
2016-11-01 18:00:00,0.0,1.458660983643324,-1.458660983643324,0.0
2016-11-01 19:00:00,0.0,0.7374715052664806,-0.7374715052664806,0.0
2016-11-01 20:00:00,0.0,0.8410733996296064,-0.8410733996296064,0.0
2016-11-01 21:00:00,0.0,0.5791730980762254,-0.5791730980762254,0.0
2016-11-01 22:00:00,0.0,0.5657785995623069,-0.5657785995623069,0.0
2016-11-01 23:00:00,0.0,0.663452064764163,-0.663452064764163,0.0
2016-11-02 00:00:00,0.0,1.2706743390745587,-1.2706743390745587,0.0
2016-11-02 01:00:00,0.0,2.5722578812614683,-2.5722578812614683,0.0
2016-11-02 02:00:00,0.0,3.1797897400708597,-3.1797897400708597,0.0
2016-11-02 03:00:00,0.0,3.280581422084376,-3.280581422084376,0.0
2016-11-02 04:00:00,0.0,3.057290248000515,-3.057290248000515,0.0
2016-11-02 05:00:00,0.0,2.8033689538016797,-2.8033689538016797,0.0
2016-11-02 06:00:00,0.0,2.243094267956369,-2.243094267956369,0.0
2016-11-02 07:00:00,0.0,1.7745656110857704,-1.7745656110857704,0.0
2016-11-02 08:00:00,0.0,1.6664673725227304,-1.6664673725227304,0.0
2016-11-02 09:00:00,0.0,1.396431896260878,-1.396431896260878,0.0
2016-11-02 10:00:00,0.0,1.2449375227286223,-1.2449375227286223,0.0
2016-11-02 11:00:00,0.0,1.434223160084253,-1.434223160084253,0.0
2016-11-02 12:00:00,0.004119869478046894,1.3135347906885515,-1.3094149212105046,0.0031364753391018053
2016-11-02 13:00:00,0.3992660168409347,1.0311961243637744,-0.6319301075228396,0.3871872744743617
2016-11-02 14:00:00,0.35396690787871676,0.6759527494109021,-0.32198584153218535,0.5236562883828811
2016-11-02 15:00:00,0.36226897436380384,1.3165552819666226,-0.9542863076028187,0.27516427097740975
2016-11-02 16:00:00,0.7134857472181321,0.42265701788340165,0.2908287293347304,1.6880962980128755
2016-11-02 17:00:00,2.2477178586324054,0.413697093410292,1.8340207652221134,5.433245469779475
2016-11-02 18:00:00,2.7816090710957844,0.6872451069168474,2.094363964178937,4.0474774474201425
2016-11-02 19:00:00,1.6574924538930258,0.6718068667857147,0.9856855871073111,2.467215707132261
2016-11-02 20:00:00,1.0650566965738932,0.7542066778085651,0.31085001876532814,1.4121549542209555
2016-11-02 21:00:00,0.9929360364278159,0.6342795992745826,0.35865643715323337,1.5654547892812951
2016-11-02 22:00:00,0.3405525911649068,0.648651441292181,-0.30809885012727417,0.5250163176797861
2016-11-02 23:00:00,0.1193614818652471,1.1630524094355066,-1.0436909275702595,0.10262777575361355
2016-11-03 00:00:00,0.19974968341986338,0.9253142999348274,-0.7255646165149641,0.215872253821142
2016-11-03 01:00:00,0.22955067640542984,1.0010853399177495,-0.7715346635123197,0.22930180600216363
2016-11-03 02:00:00,0.3285673855940501,0.8044254814273334,-0.4758580958332833,0.4084497485224562
2016-11-03 03:00:00,0.2516994046581288,0.6849414229247561,-0.43324201826662734,0.36747581068079027
2016-11-03 04:00:00,1.1500395744244256,0.7963237599386945,0.3537158144857311,1.444185935771855
2016-11-03 05:00:00,0.7979241731117169,0.8279763024931229,-0.030052129381406,0.9637041189573712
2016-11-03 06:00:00,0.47559578287601467,1.0563330207106145,-0.5807372378345999,0.4502328087368439
2016-11-03 07:00:00,0.6376828781763713,1.1118921392807364,-0.4742092611043651,0.5735114546172412
2016-11-03 08:00:00,2.1333324381510415,1.521785570346284,0.6115468678047575,1.4018613921182073
2016-11-03 09:00:00,3.36344780476888,1.8838783748187116,1.4795694299501683,1.7853847943302334
2016-11-03 10:00:00,1.9744744529724123,1.989332844713363,-0.014858391740950605,0.9925309674645766
2016-11-03 11:00:00,1.9201504592895506,2.1660427812126044,-0.24589232192305377,0.886478547858876
2016-11-03 12:00:00,3.035887575785319,2.2782571166913126,0.7576304590940066,1.3325482683861007
2016-11-03 13:00:00,3.620525334676107,2.242537074098932,1.3779882605771752,1.6144773598139335
2016-11-03 14:00:00,2.682689114888509,2.297742002673204,0.384947112215305,1.1675327829527666
2016-11-03 15:00:00,1.9538250656127931,2.7266732372630043,-0.7728481716502111,0.7165600332711722
2016-11-03 16:00:00,1.2859695714314778,2.5113511739935146,-1.2253816025620368,0.5120628228932824
2016-11-03 17:00:00,1.413224951426188,2.713416212130967,-1.300191260704779,0.5208286679750909
2016-11-03 18:00:00,3.0433553975423178,3.3205400808813366,-0.2771846833390188,0.9165242169685094
2016-11-03 19:00:00,4.02073208618164,3.775984731944424,0.24474735423721627,1.0648168283538544
2016-11-03 20:00:00,3.6312301381429037,3.716781992021103,-0.08555185387819941,0.9769822782014508
2016-11-03 21:00:00,3.727115030924479,3.6767398583643653,0.05037517256011359,1.013701043451718
2016-11-03 22:00:00,3.1299183807373048,3.8760588409535934,-0.7461404602162887,0.8075002235949746
2016-11-03 23:00:00,2.5133463503519695,3.807069217807636,-1.2937228674556667,0.6601787901821553
2016-11-04 00:00:00,2.272071599324544,3.1647302145553358,-0.8926586152307916,0.7179353200076122
2016-11-04 01:00:00,2.8437421951293946,3.1199908314403912,-0.2762486363109966,0.9114585102214989
2016-11-04 02:00:00,3.0205506083170572,3.0706493010315805,-0.050098692714523274,0.9836846582585342
2016-11-04 03:00:00,3.348331949869792,3.0444069477572957,0.3039250021124964,1.0998306098126556
2016-11-04 04:00:00,2.9839162826538086,3.1094267804402747,-0.12551049778646606,0.9596354869727164
2016-11-04 05:00:00,4.066654108683268,2.699755951201083,1.3668981574821855,1.5063043409068408
2016-11-04 06:00:00,3.5534695078531904,1.9530645790015657,1.6004049288516247,1.8194326731734465
2016-11-04 07:00:00,2.8808330307006838,1.5389901854349546,1.3418428452657292,1.8718982472825147
2016-11-04 08:00:00,2.3042331492106123,1.0434115614613482,1.2608215877492641,2.2083645939128975
2016-11-04 09:00:00,1.5582306276957194,0.9802037712789492,0.5780268564167702,1.5897007064791977
2016-11-05 00:00:00,5.415068044026693,2.6542040308961328,2.7608640131305604,2.0401852988665743
2016-11-05 01:00:00,5.223012674967448,2.7867642219648743,2.4362484530025736,1.8742212325680134
2016-11-05 02:00:00,3.7434617487589517,3.2615407883220477,0.4819209604369039,1.147758679628482
2016-11-05 03:00:00,2.8035694351196287,3.4155416021765026,-0.6119721670568739,0.8208271957024609
2016-11-05 04:00:00,2.2436700770060223,3.4439675059583523,-1.20029742895233,0.651478294474116
2016-11-05 05:00:00,4.022076499938965,3.881073698861567,0.14100280107739804,1.0363308743966284
2016-11-05 06:00:00,4.691897092183431,4.085505268846549,0.6063918233368817,1.1484251722695937
2016-11-05 07:00:00,6.389347620646158,4.268639149504398,2.1207084711417608,1.4968113716962892
2016-11-05 08:00:00,7.113558547973633,5.509398151513257,1.604160396460376,1.2911679919193648
2016-11-05 09:00:00,5.841867085774739,5.168319144567913,0.6735479412068264,1.130322436050558
2016-11-05 10:00:00,6.901850718180339,4.097952890271934,2.803897827908405,1.6842191462387315
2016-11-05 11:00:00,8.731736409505208,6.714313843470379,2.0174225660348295,1.3004659318981282
2016-11-05 12:00:00,8.121927439371746,7.838529045259343,0.2833983941124023,1.0361545377297285
2016-11-05 13:00:00,7.38907861328125,8.230772170796257,-0.8416935575150069,0.8977382024372593
2016-11-05 14:00:00,8.759985422770182,6.9439713242328684,1.8160140985373134,1.2615238476287827
2016-11-05 15:00:00,5.909497820536295,7.13165630296421,-1.2221584824279148,0.8286290827111319
2016-11-05 16:00:00,5.268433329264323,6.376128699548753,-1.1076953702844294,0.8262746217210417
2016-11-05 17:00:00,5.790462287902832,5.350081508384457,0.4403807795183754,1.0823129103413147
2016-11-05 18:00:00,4.717993193308512,4.94866018367645,-0.23066699036793814,0.9533879915358077
2016-11-05 19:00:00,5.41054801940918,4.8261742111231705,0.5843738082860099,1.1210842756026438
2016-11-05 20:00:00,5.804275833129882,4.73382996398512,1.0704458691447618,1.2261268100647238
2016-11-05 21:00:00,8.070909647623699,4.992340061188457,3.0785695864352416,1.616658630762899
2016-11-05 22:00:00,8.21834743754069,5.505525996496615,2.712821441044075,1.4927451877932012
2016-11-05 23:00:00,5.674968744913736,5.245504174101294,0.42946457081244205,1.0818728870587586
2016-11-06 00:00:00,4.969301780700684,4.98949628284768,-0.02019450214699603,0.9959525970153704
2016-11-06 01:00:00,6.779488459269206,4.751703969694056,2.0277844895751507,1.4267489099717026
2016-11-06 02:00:00,7.588426289876302,4.55034629258927,3.0380799972870314,1.6676590751422309
2016-11-06 03:00:00,5.612201110839844,5.040028777839574,0.5721723330002702,1.1135256083290725
2016-11-06 04:00:00,5.662318166097006,5.619612975553386,0.04270519054362065,1.0075993116838113
2016-11-06 05:00:00,5.679067245483399,5.309716475547388,0.3693507699360108,1.069561297978332
2016-11-06 06:00:00,7.657056671142579,5.460062822274043,2.1969938488685354,1.4023751961069042
2016-11-06 07:00:00,8.605969014485677,4.796144649505366,3.8098243649803107,1.7943514308671287
2016-11-06 08:00:00,7.6745078125,5.318086552941352,2.3564212595586476,1.4430956954349206
2016-11-06 09:00:00,6.6882509562174475,4.906532500529741,1.7817184556877068,1.3631318972197455
2016-11-06 10:00:00,6.689032368977864,5.837738727814671,0.8512936411631937,1.14582592350478
2016-11-06 11:00:00,8.30678411356608,6.265990683932237,2.040793429633843,1.3256936584452657
2016-11-06 12:00:00,6.672593699137369,6.979389571342869,-0.3067958722055,0.9560425923973075
2016-11-06 13:00:00,5.1917391103108725,4.743957067836795,0.4477820424740777,1.094389986264834
2016-11-06 14:00:00,4.116275290171306,5.032205470784833,-0.9159301806135272,0.8179863310568126
2016-11-06 15:00:00,4.693719395955403,8.009924937099559,-3.3162055411441553,0.5859879378164344
2016-11-06 16:00:00,9.28851303100586,7.45420435009952,1.8343086809063394,1.2460770586309255
2016-11-06 17:00:00,10.047827087402343,7.719011000018565,2.328816087383778,1.301698765214634
2016-11-06 18:00:00,10.026460001627605,8.15139323664326,1.8750667649843447,1.2300302182153706
2016-11-06 19:00:00,10.042749145507813,8.266846786217542,1.7759023592902707,1.2148222176139818
2016-11-06 20:00:00,10.046058837890625,8.679830697316829,1.3662281405737957,1.1574026254908558
2016-11-06 21:00:00,10.04894014485677,7.643119636516348,2.4058205083404225,1.3147694426823038
2016-11-06 22:00:00,10.055764424641927,8.401161709000402,1.6546027156415253,1.196949275939886
2016-11-06 23:00:00,10.066037109375,8.867776450302541,1.1982606590724583,1.1351252668341203
2016-11-07 00:00:00,10.023853637695312,8.5551428651483,1.4687107725470128,1.1716757739406323
2016-11-07 01:00:00,10.030761637369793,8.659346026786377,1.3714156105834157,1.1583740396031235
2016-11-07 02:00:00,10.026705546061198,8.591956035420496,1.4347495106407013,1.166987529350234
2016-11-07 03:00:00,10.04966249593099,8.256894788036837,1.7927677078941535,1.2171237194994466
2016-11-07 04:00:00,10.017469156901042,7.649137997860004,2.3683311590410376,1.3096206604853546
2016-11-07 05:00:00,10.045694580078125,7.65472364299361,2.390970937084515,1.312352352429206
2016-11-07 06:00:00,9.100613505045573,7.228571661938721,1.8720418431068513,1.2589781122270516
2016-11-07 07:00:00,8.52683958943685,6.70475270089144,1.8220868885454102,1.2717604913754914
2016-11-07 08:00:00,7.93640098063151,5.869059958776176,2.0673410218553343,1.3522439771234538
2016-11-07 09:00:00,6.582653289794922,3.8560756230611237,2.726577666733798,1.7070861500816004
2016-11-07 10:00:00,6.269362813313801,4.357245644106274,1.9121171692075274,1.4388362110807105
2016-11-07 11:00:00,7.1087370910644525,6.70475270089144,0.40398439017301246,1.0602534363600464
2016-11-07 12:00:00,6.514542643229166,5.6425056926808965,0.8720369505482699,1.154547819363199
2016-11-07 13:00:00,4.952404795328776,4.413477787769256,0.5389270075595194,1.1221093734861447
2016-11-07 14:00:00,3.3195602111816407,3.094932663237362,0.22462754794427875,1.0725791389946797
2016-11-07 15:00:00,2.3553456738789875,3.2130861678957965,-0.857740494016809,0.7330477773714575
2016-11-07 16:00:00,2.0322319800059003,2.128485229725983,-0.09625324972008276,0.9547785211868846
2016-11-07 17:00:00,2.7027686106363937,1.9844328768781028,0.718335733758291,1.3619854025440115
2016-11-07 18:00:00,3.435291910807292,2.5288721017551277,0.9064198090521645,1.3584284900857884
2016-11-07 19:00:00,3.7279856287638347,2.807342543687083,0.9206430850767515,1.3279411296448367
2016-11-07 20:00:00,4.662221538543701,2.9514408569847665,1.7107806815589344,1.57964254222146
2016-11-07 21:00:00,4.448915428161621,3.13810317505935,1.310812253102271,1.4177084627172847
2016-11-07 22:00:00,4.198863684336344,3.003268528547647,1.1955951557886975,1.3980979870510868
2016-11-07 23:00:00,5.011134914398194,2.7428309479028807,2.268303966495313,1.826993719109673
2016-11-08 00:00:00,4.132292411804199,2.797796947183045,1.3344954646211544,1.4769808137666274
2016-11-08 01:00:00,4.037784547170003,2.3541133957176252,1.6836711514523777,1.7152039296472077
2016-11-08 02:00:00,3.181180675506592,2.210529854066456,0.9706508214401359,1.4391032401822315
2016-11-08 03:00:00,2.1383055152893067,2.185729781540798,-0.04742426625149143,0.9783027771081289
2016-11-08 04:00:00,2.1409643020629883,1.9933189439492283,0.14764535811376,1.0740701123430052
2016-11-08 05:00:00,1.5213074595133464,1.5896683307627921,-0.06836087124944568,0.9569967710077969
2016-11-08 06:00:00,2.330475268046061,1.5097511052896373,0.8207241627564239,1.5436155402575265
2016-11-08 07:00:00,2.171298708597819,0.5987362992803117,1.572562409317507,3.6264691337534507
2016-11-08 08:00:00,1.2670643157958985,0.9258559331254829,0.34120838267041564,1.3685329115066232
2016-11-08 09:00:00,0.704437807281812,1.0552219418017355,-0.3507841345199234,0.6675731231280331
2016-11-08 10:00:00,0.7870762621959051,0.9403823540640849,-0.15330609186817978,0.836974725008789
2016-11-08 11:00:00,0.3062211869458357,0.9991418969875021,-0.6929207100416663,0.30648418194564625
2016-11-08 12:00:00,0.03919888196388881,1.4919258144433054,-1.4527269324794165,0.026274015493535387
2016-11-08 13:00:00,0.5478444032271703,0.9870568320888463,-0.439212428861676,0.5550282267615753
2016-11-08 14:00:00,0.17048458273212116,0.6999599028865235,-0.5294753201544024,0.24356335559947048
2016-11-08 15:00:00,0.36778800392150884,0.8014982070025308,-0.433710203081022,0.4588756415276017
2016-11-08 16:00:00,0.49899211819966627,0.22307311178505448,0.27591900641461176,2.2368994371696296
2016-11-08 17:00:00,0.8866641426086427,0.6934504556633244,0.19321368694531826,1.278626519555025
2016-11-08 18:00:00,1.06136825243632,1.231245566978653,-0.16987731454233312,0.8620280802641229
2016-11-08 19:00:00,1.4367591463724771,1.695857144442363,-0.25909799806988576,0.8472170849301796
2016-11-08 20:00:00,1.4777789026896158,1.799441877860432,-0.3216629751708162,0.8212429203030002
2016-11-08 21:00:00,0.96910613377889,1.9540660308820001,-0.9849598971031102,0.4959433910948587
2016-11-08 22:00:00,1.3991480153401694,2.0203761976984658,-0.6212281823582964,0.6925185601246068
2016-11-08 23:00:00,2.1444689165751143,2.353998235929424,-0.20952931935430952,0.9109900270288089
2016-11-09 00:00:00,2.107659507751465,2.9411551783528767,-0.8334956706014118,0.7166094204290876
2016-11-09 01:00:00,2.2356186854044595,3.01534893103776,-0.7797302456333006,0.7414129298246922
2016-11-09 02:00:00,2.4552044041951495,3.5883864605479223,-1.1331820563527728,0.6842084683989852
2016-11-09 03:00:00,2.210844746907552,3.5234533456890103,-1.3126085987814582,0.6274653103077266
2016-11-09 04:00:00,1.0388166364034017,2.811374023648329,-1.7725573872449272,0.3695049565320114
2016-11-09 05:00:00,0.5217353868484497,2.270081448979042,-1.7483460621305924,0.22983113098567348
2016-11-09 06:00:00,0.4081558925310771,1.646931460963943,-1.2387755684328658,0.24782809862177566
2016-11-09 07:00:00,0.018013504654169083,-0.1676698853005621,0.1856833899547312,-0.10743434709147913
2016-11-09 08:00:00,0.0,-0.3508576813124859,0.3508576813124859,-0.0
2016-11-09 09:00:00,0.0,0.2794006163645586,-0.2794006163645586,0.0
2016-11-09 10:00:00,0.25899868226051337,0.37196784185320697,-0.1129691595926936,0.6962932090315602
2016-11-09 11:00:00,4.240245147705078,1.194879212436127,3.0453659352689515,3.5486809909932577
2016-11-09 12:00:00,4.544215799878041,3.088707290376236,1.4555085095018048,1.4712354951978985
2016-11-09 13:00:00,4.735368626224995,4.660297204791851,0.07507142143314383,1.0161087197091108
2016-11-09 14:00:00,5.997841792494058,4.706336891661297,1.291504900832761,1.2744182855080037
2016-11-09 15:00:00,4.179934067537387,4.071828983571329,0.10810508396605734,1.0265495148254582
2016-11-09 16:00:00,2.7358811492919917,3.1853549884706864,-0.44947383917869477,0.8588936426848642
2016-11-09 17:00:00,1.906216281890869,2.3211207963919454,-0.41490451450107635,0.8212482025295613
2016-11-09 18:00:00,0.9085903099775314,1.985371776208453,-1.0767814662309216,0.45764240273058787
2016-11-09 19:00:00,0.8612659612496694,1.6725882177018494,-0.81132225645218,0.5149300659507552
2016-11-09 20:00:00,2.246773452123006,1.7903343095962605,0.45643914252674533,1.2549463192880872
2016-11-09 21:00:00,1.3471497189203898,1.7995102531649392,-0.45236053424454936,0.7486201962734319
2016-11-09 22:00:00,0.5844311857024829,1.062427819259275,-0.4779966335567922,0.5500902509404813
2016-11-09 23:00:00,0.07168849741294982,1.3362162576097854,-1.2645277601968354,0.05365037059284529
2016-11-10 00:00:00,0.26825452560186386,1.6213054247472694,-1.3530508991454056,0.16545588604545602
2016-11-10 01:00:00,0.888993283589681,2.1780898762097403,-1.2890965926200593,0.40815270907768314
2016-11-10 02:00:00,4.608051818847657,2.2101034825890626,2.3979483362585943,2.0849936915394918
2016-11-10 03:00:00,6.652622365315755,2.3651453514809386,4.287477013834816,2.812775274530255
2016-11-10 04:00:00,3.7680731124877926,2.407373083550348,1.3607000289374445,1.5652219168832402
2016-11-10 05:00:00,3.0557136510213216,2.353526041384864,0.7021876096364577,1.298355572570285
2016-11-10 06:00:00,3.7467069346110025,2.7250204617803786,1.0216864728306239,1.374928000416962
2016-11-10 07:00:00,3.5117975260416667,2.4044507781622144,1.1073467478794523,1.4605404102827286
2016-11-10 08:00:00,3.4373087641398112,2.7309035013981124,0.7064052627416988,1.2586708986165376
2016-11-10 09:00:00,4.891081405639649,2.9925260835813,1.8985553220583489,1.6344323387772302
2016-11-10 10:00:00,5.977925125122071,3.063007176467691,2.91491794865438,1.9516523405654929
2016-11-10 11:00:00,4.934612655639648,4.135589973279869,0.7990226823597792,1.1932064560370543
2016-11-10 12:00:00,7.450296465555827,4.888871503541328,2.561424962014499,1.523929696282484
2016-11-10 13:00:00,6.637950271606446,4.770686549255418,1.8672637223510282,1.391403564889934
2016-11-10 14:00:00,6.846391220092775,4.143799086919817,2.702592133172958,1.6522015369190735
2016-11-10 15:00:00,7.76957090250651,4.059634771356325,3.7099361311501857,1.9138595809964194
2016-11-10 16:00:00,8.640841501871744,4.710324838813613,3.930516663058131,1.8344470493139298
2016-11-10 17:00:00,9.28583773803711,5.00176782224994,4.284069915787169,1.8565111512633288
2016-11-10 18:00:00,8.447197041829426,5.621758862847046,2.82543817898238,1.5025897139870357
2016-11-10 19:00:00,6.160857279459636,5.422032632445328,0.7388246470143081,1.1362634084113026
2016-11-10 20:00:00,3.602148818969726,4.427732331924041,-0.825583512954315,0.8135425877030007
2016-11-10 21:00:00,4.913266240437825,3.7955891312717767,1.1176771091660487,1.2944673594824927
2016-11-10 22:00:00,4.29752151743571,3.42857494147481,0.8689465759609001,1.2534424916455582
2016-11-10 23:00:00,3.7217345987955732,3.3160837504760963,0.40565084831947695,1.1223282880781393
2016-11-11 00:00:00,2.723771514892578,2.9265576406922036,-0.20278612579962552,0.9307083096604715
2016-11-11 01:00:00,2.9314645487467446,3.649581892878835,-0.7181173441320903,0.8032329825141612
2016-11-11 02:00:00,3.382177037556966,3.343868476597786,0.03830856095917978,1.011456359969683
2016-11-11 03:00:00,3.0648379783630366,2.832821656298498,0.23201632206453882,1.0819029046705688
2016-11-11 04:00:00,2.3766476974487305,2.248911271590622,0.1277364258581084,1.0567992287965022
2016-11-11 05:00:00,1.0101876813570658,1.4469232917667196,-0.4367356104096538,0.6981625681922697
2016-11-11 06:00:00,0.4734780711332957,0.5876241034752493,-0.11414603234195358,0.8057499144999565
2016-11-11 07:00:00,0.0464133344690005,0.4363438128485851,-0.3899304783795846,0.10636872370436545
2016-11-11 08:00:00,0.0,0.17442710602709113,-0.17442710602709113,0.0
2016-11-11 09:00:00,0.0,-0.1891296710989128,0.1891296710989128,-0.0
2016-11-11 10:00:00,0.0,0.07626102993807393,-0.07626102993807393,0.0
2016-11-11 11:00:00,0.0005012331505616503,0.17217397585931782,-0.17167274270875615,0.002911201580029751
2016-11-11 12:00:00,0.13674657315015792,0.4008589742333105,-0.2641124010831526,0.3411338698645868
2016-11-11 13:00:00,0.33220013451576236,0.912217890394311,-0.5800177558785486,0.36416752840943195
2016-11-11 14:00:00,0.603178387105465,1.2309303842432235,-0.6277519971377585,0.49001827790309954
2016-11-11 15:00:00,1.0516129448811213,1.2334445407969428,-0.18183159591582143,0.8525822686779756
2016-11-11 16:00:00,1.8936460062662763,1.0110586046909185,0.8825874015753579,1.872933969881168
2016-11-11 17:00:00,2.4528635501861573,1.4739198978366312,0.9789436523495261,1.6641769703946503
2016-11-11 18:00:00,3.405565046946208,2.5377377405983803,0.8678273063478277,1.3419688695425243
2016-11-11 19:00:00,5.0152668762207036,3.4169351629187523,1.5983317133019512,1.4677676447148775
2016-11-11 20:00:00,4.923092727661133,4.103834800574589,0.8192579270865439,1.1996322870920237
2016-11-11 21:00:00,4.459431254069011,4.343411307704535,0.11601994636447532,1.026711710714266
2016-11-11 22:00:00,5.928539774576823,4.2660238568137405,1.6625159177630824,1.3897108815056656
2016-11-11 23:00:00,5.244191569010416,4.050969189681867,1.1932223793285495,1.2945523215451205
2016-11-12 00:00:00,6.507783864339193,5.284290510544103,1.2234933537950896,1.2315340822677652
2016-11-12 01:00:00,7.521306035359701,5.340887814687062,2.180418220672639,1.4082501442319466
2016-11-12 02:00:00,7.07835927327474,5.998101617357505,1.0802576559172348,1.180099925748365
2016-11-12 03:00:00,7.654233215332031,6.54991599668379,1.1043172186482408,1.1686002109351257
2016-11-12 04:00:00,7.57401932779948,6.643861853720846,0.9301574740786336,1.1400025308409605
2016-11-12 05:00:00,9.25917524210612,6.455759707868731,2.8034155342373897,1.4342502913824984
2016-11-12 06:00:00,9.950554117838543,5.910659012097569,4.039895105740974,1.6834931768982728
2016-11-12 07:00:00,8.510936940511067,5.948686865344898,2.562250075166169,1.4307253236160402
2016-11-12 08:00:00,7.4582952270507805,5.948686865344898,1.5096083617058822,1.2537716971623378
2016-11-12 09:00:00,6.241812825520833,5.430951598839968,0.8108612266808652,1.1493037107629651
2016-11-12 10:00:00,4.514639673868815,3.113549652422493,1.401090021446322,1.449997648297083
2016-11-12 11:00:00,4.3719788106282556,2.9588048902891084,1.4131739203391471,1.4776164609492262
2016-11-12 12:00:00,3.090344757080078,2.8006761115882832,0.28966864549179494,1.103428113052145
2016-11-12 13:00:00,1.470316904067993,1.5426551664093295,-0.07233826234133645,0.9531079505540371
2016-11-12 14:00:00,0.3708501294950644,0.588923797740936,-0.21807366824587154,0.6297081743302199
2016-11-12 15:00:00,0.7876286058425904,0.5748314051130172,0.2127972007295732,1.370190631264719
2016-11-12 16:00:00,0.9946865762074788,0.475263569369442,0.5194230068380368,2.0929156794558934
2016-11-12 17:00:00,1.4542804756164551,0.8740766929217711,0.580203782694684,1.6637904744436556
2016-11-12 18:00:00,2.116443562825521,1.378774211892307,0.7376693509332142,1.5350182390783154
2016-11-12 19:00:00,3.1087195479075116,1.9726296199589517,1.13608992794856,1.575926629334604
2016-11-12 20:00:00,3.773997873942058,2.178114830905323,1.5958830430367348,1.7326900402094105
2016-11-12 21:00:00,5.085537122090657,3.361515246840015,1.7240218752506422,1.512870461281205
2016-11-12 22:00:00,4.2836824315388995,3.079904803373117,1.2037776281657826,1.3908489726199988
2016-11-12 23:00:00,5.210173489888509,3.2719749006027663,1.9381985892857423,1.5923635260553757
2016-11-13 00:00:00,4.461232365926107,3.121176767401569,1.340055598524538,1.4293430646160281
2016-11-13 01:00:00,5.441342257181804,3.2356813147266346,2.20566094245517,1.681668164419188
2016-11-13 02:00:00,3.824592071533203,2.923091665030868,0.9015004065023349,1.3084064784170273
2016-11-13 03:00:00,2.5162815640767415,3.0533800820424615,-0.53709851796572,0.8240970650445703
2016-11-13 04:00:00,3.414283000946045,3.0646645311053646,0.34961846984068057,1.1140805025451122
2016-11-13 05:00:00,5.014123261769614,3.5000678340036764,1.5140554277659373,1.432578881202434
2016-11-13 06:00:00,4.439748664855957,3.3564126345785184,1.0833360302774384,1.3227660446503706
2016-11-13 07:00:00,3.6771336619059243,1.394530858422509,2.2826028034834156,2.63682487891698
2016-11-13 08:00:00,2.792756374359131,1.2154758114718605,1.5772805628872706,2.2976651184668895
2016-11-13 09:00:00,2.1893952509562173,1.5814494621981223,0.607945788758095,1.3844231531199775
2016-11-13 10:00:00,1.231353151957194,0.7635119512483372,0.46784120070885693,1.6127490210781108
2016-11-13 11:00:00,1.6468815027872723,1.091143824164235,0.5557376786230372,1.5093166146531656
2016-11-13 12:00:00,1.2863791484832765,1.622000401373269,-0.33562125288999245,0.7930818928245404
2016-11-13 13:00:00,0.9325457464853922,1.2326282460760662,-0.300082499590674,0.7565506870818894
2016-11-13 14:00:00,0.5681319460074107,0.8380119128795314,-0.2698799668721207,0.6779521117488967
2016-11-13 15:00:00,0.13034912041823069,0.222262182733106,-0.09191306231487531,0.5864655822927594
2016-11-13 16:00:00,0.5037909071644147,0.32426403769418854,0.1795268694702261,1.5536440943214826
2016-11-13 17:00:00,0.967138236363729,0.03621945276496241,0.9309187835987666,26.702176938998615
2016-11-13 18:00:00,1.2026849219004314,0.4008591470859195,0.8018257748145119,3.0002681257081303
2016-11-13 19:00:00,0.9271033220291138,0.5705700428386341,0.3565332791904797,1.6248720620113468
2016-11-13 20:00:00,0.7237207943598429,0.6147659063170728,0.10895488804277009,1.1772298803873085
2016-11-13 21:00:00,0.6609922078152498,0.582789031750649,0.07820317606460081,1.1341877966194476
2016-11-13 22:00:00,0.52081905250748,0.9716948314045316,-0.45087577889705166,0.5359903497219025
2016-11-13 23:00:00,0.7954114654541017,1.6053004203794925,-0.8098889549253908,0.4954907227060133
2016-11-14 00:00:00,2.280361535644531,2.315507376042059,-0.035145840397527994,0.9848215381383914
2016-11-14 01:00:00,2.0140966046651205,2.262489612177112,-0.24839300751199156,0.8902125312862886
2016-11-14 02:00:00,1.836441645304362,2.5431748097962084,-0.7067331644918464,0.7221059434178342
2016-11-14 03:00:00,2.5794343083699545,2.6004586255485536,-0.021024317178599095,0.9919151502846295
2016-11-14 04:00:00,3.850158358256022,2.99141297862824,0.858745379627782,1.287070152387175
2016-11-14 05:00:00,3.103173793792725,3.1095441336733782,-0.006370339880653386,0.997951358910887
2016-11-14 06:00:00,3.360349721272786,3.264808884472602,0.09554083680018399,1.0292638375417855
2016-11-14 07:00:00,4.110136637369791,2.5853138019366524,1.524822835433139,1.5898018392548317
2016-11-14 08:00:00,4.176143847147624,2.526909667770217,1.6492341793774066,1.652668435446177
2016-11-14 09:00:00,2.8181640701293946,2.587871557979414,0.2302925121499806,1.0889891584610911
2016-11-14 10:00:00,2.564454620361328,3.1738163534292165,-0.6093617330678884,0.8080034679985529
2016-11-14 11:00:00,4.177845804850261,3.29163648221071,0.8862093226395507,1.269230617484334
2016-11-14 12:00:00,3.7679212061564127,3.055132596730355,0.7127886094260578,1.233308567421556
2016-11-14 13:00:00,3.6832011998494467,2.962509663461885,0.7206915363875619,1.2432706111565512
2016-11-14 14:00:00,4.02878018951416,2.786782844181585,1.241997345332575,1.445674246892144
2016-11-14 15:00:00,3.3149387385050457,2.714607757202104,0.6003309813029416,1.2211483333863642
2016-11-14 16:00:00,3.8273426272074382,2.5318834252892715,1.2954592019181668,1.5116583129296952
2016-11-14 17:00:00,2.9629217236836753,2.4336339234167865,0.5292878002668888,1.2174886679438526
2016-11-14 18:00:00,6.159272669474284,3.0142972119177736,3.14497545755651,2.043352807122691
2016-11-14 19:00:00,8.948312805175782,3.725156540326337,5.223156264849445,2.4021306778135765
2016-11-14 20:00:00,8.752565877278645,3.7575059332871534,4.995059943991492,2.3293551714026695
2016-11-14 21:00:00,7.716323242187499,3.4073631747491984,4.308960067438301,2.2646025229627793
2016-11-14 22:00:00,5.5431345774332685,3.7019022776882977,1.8412322997449708,1.4973746365057354
2016-11-14 23:00:00,7.258698465983073,4.074610981465158,3.1840874845179155,1.7814457623075894
2016-11-15 00:00:00,6.029141525268554,4.096335966352409,1.9328055589161455,1.4718376556006016
2016-11-15 01:00:00,6.694723058064779,4.271757195669476,2.422965862395303,1.567205894766585
2016-11-15 02:00:00,6.422263921101889,4.4685260336235695,1.9537378874783196,1.4372219995536235
2016-11-15 03:00:00,8.208604797363282,4.632741223205521,3.5758635741577613,1.771867756447558
2016-11-15 04:00:00,8.169116109212238,5.082597283580871,3.0865188256313676,1.6072719622312484
2016-11-15 05:00:00,9.125089050292969,4.618390569963881,4.506698480329088,1.9758157981784406
2016-11-15 06:00:00,8.428628102620443,3.850205953956796,4.578422148663647,2.1891369457674013
2016-11-15 07:00:00,6.895268066406251,3.188501884385663,3.706766182020588,2.16254163128236
2016-11-15 08:00:00,6.049422248840332,2.873374104863745,3.1760481439765873,2.105337498030802
2016-11-15 09:00:00,2.4986370849609374,3.0811754065043018,-0.5825383215433644,0.8109363328314132
2016-11-15 10:00:00,1.7432114753723142,2.6432684134922217,-0.9000569381199075,0.6594909039408623
2016-11-15 11:00:00,0.8663765382766725,3.1325217468143447,-2.2661452085376723,0.2765747880785646
2016-11-15 12:00:00,0.20727346587181092,2.086177167181234,-1.878903701309423,0.0993556391722335
2016-11-15 13:00:00,0.3253544707099597,0.974507107820599,-0.6491526371106393,0.3338656722962102
2016-11-15 14:00:00,0.382131014406681,0.816400420395149,-0.434269405988468,0.4680681254692695
2016-11-15 15:00:00,0.8164238735834758,0.8327967425909957,-0.016372869007519886,0.9803398978764246
2016-11-15 16:00:00,1.8251743036905925,0.7864982084915408,1.0386760951990517,2.320633771297679
2016-11-15 17:00:00,2.0647308616638185,0.7939989442771704,1.270731917386648,2.6004201599329315
2016-11-15 18:00:00,1.8459545135498048,1.3131905255785519,0.5327639879712529,1.405701973623769
2016-11-15 19:00:00,2.4416027247111,1.4111664495396603,1.0304362751714398,1.7302017954774793
2016-11-15 20:00:00,2.366210235595703,1.6034349171833786,0.7627753184123245,1.4757133016363575
2016-11-15 21:00:00,2.1533520126342776,2.288101575401867,-0.13474956276758965,0.9411085748044542
2016-11-15 22:00:00,2.5436977767944335,2.657182867829232,-0.11348509103479865,0.9572912002373741
2016-11-15 23:00:00,4.079455080668131,3.2244459636645484,0.8550091170035827,1.2651646598015474
2016-11-16 00:00:00,5.014141927083333,3.248851489391199,1.7652904376921343,1.5433583047598558
2016-11-16 01:00:00,4.567995162963867,3.399354624428661,1.168640538535206,1.3437830610954933
2016-11-16 02:00:00,5.836283498128254,3.8924183414348756,1.9438651566933784,1.4993978000773691
2016-11-16 03:00:00,6.182219411214192,4.5218302770372025,1.6603891341769899,1.3671940414501607
2016-11-16 04:00:00,6.196589981079102,5.14875650440417,1.0478334766749322,1.2035119500754465
2016-11-16 05:00:00,8.506757263183594,5.33433908760381,3.172418175579784,1.5947162569683655
2016-11-16 06:00:00,9.296147918701172,5.861830571330487,3.4343173473706843,1.5858779617697447
2016-11-16 07:00:00,8.453253916422526,5.923711629860385,2.5295422865621404,1.4270198221350217
2016-11-16 08:00:00,9.368693450927735,6.320421904941719,3.0482715459860152,1.4822892509126135
2016-11-16 09:00:00,9.305071940104167,6.479900439649229,2.825171500454938,1.4359899549024353
2016-11-16 10:00:00,9.91056953938802,5.847202269660879,4.063367269727141,1.694925039759708
2016-11-16 11:00:00,10.0573369140625,6.719373655167933,3.3379632588945665,1.4967670247549498
2016-11-16 12:00:00,10.00009942626953,6.610527263134584,3.3895721631349467,1.5127536773107078
2016-11-16 13:00:00,9.505815582275389,5.7520404259789375,3.7537751562964514,1.6525988828838243
2016-11-16 14:00:00,6.202455123901367,5.544903725812739,0.6575513980886276,1.1185866212658628
2016-11-16 15:00:00,7.209809580485025,5.117853519519966,2.0919560609650594,1.408756532985195
2016-11-16 16:00:00,5.227957557678223,3.697810282434253,1.5301472752439698,1.4137982098520967
2016-11-16 17:00:00,2.382593906402588,3.1690457622401227,-0.7864518558375346,0.7518332284095479
2016-11-16 18:00:00,1.0406568053563436,2.9941619107763255,-1.953505105419982,0.34756196771153314
2016-11-16 19:00:00,2.4014371744791667,2.8352528880650345,-0.4338157135858678,0.8469922328932243
2016-11-16 20:00:00,4.872089246114095,3.30183076658137,1.570258479532725,1.475572066087
2016-11-16 21:00:00,2.9377012990315756,3.459610637342993,-0.5219093383114175,0.8491421743597575
2016-11-16 22:00:00,5.3018939743042,3.292729215461839,2.0091647588423607,1.6101822006522193
2016-11-16 23:00:00,5.479875849405924,3.9906876552850137,1.4891881941209104,1.3731658106964908
2016-11-17 00:00:00,4.832050992329915,3.7962743645884944,1.0357766277414204,1.272840297688467
2016-11-17 01:00:00,4.699243143717448,4.165572550219291,0.5336705934981572,1.128114583785142
2016-11-17 02:00:00,3.8790694885253902,4.166335026064816,-0.28726553753942596,0.9310507830641853
2016-11-17 03:00:00,3.2204123369852704,4.139480561661946,-0.9190682246766757,0.777974987202819
2016-11-17 04:00:00,2.838841990152995,4.73500296283255,-1.8961609726795552,0.5995438677518286
2016-11-17 05:00:00,5.740747266133627,4.636696327317168,1.1040509388164592,1.2381115477224434
2016-11-17 06:00:00,6.84863809967041,4.679587382637099,2.1690507170333113,1.4635132415907535
2016-11-17 07:00:00,6.56515928141276,4.935989378401464,1.629169903011296,1.3300594426195682
2016-11-17 08:00:00,4.891040410359701,5.069946444788142,-0.178906034428441,0.964712440974134
2016-11-17 09:00:00,5.653215087890625,6.305226397559931,-0.6520113096693061,0.8965919273062695
2016-11-17 10:00:00,5.037889511108399,4.772531261591368,0.265358249517031,1.0556011548111994
2016-11-17 11:00:00,8.546463155110677,9.060620204269227,-0.5141570491585501,0.9432536584067074
2016-11-17 12:00:00,10.045541442871095,8.725375147351887,1.3201662955192077,1.1513019524346608
2016-11-17 13:00:00,10.051404825846353,8.695612959228775,1.3557918666175777,1.1559167677971058
2016-11-17 14:00:00,10.070097412109375,8.58566786112539,1.4844295509839842,1.1728962236828724
2016-11-17 15:00:00,9.876171671549479,9.246827025265627,0.629344646283851,1.0680606054989736
2016-11-17 16:00:00,8.379343938191731,7.355815380154742,1.0235285580369888,1.13914549307455
2016-11-17 17:00:00,7.424032567342122,6.826303210026953,0.5977293573151687,1.0875626732251187
2016-11-17 18:00:00,4.584935913085937,6.816609378215171,-2.2316734651292336,0.6726123881674493
2016-11-17 19:00:00,6.98767264811198,6.065619336536441,0.9220533115755387,1.1520130526525993
2016-11-17 20:00:00,5.5392616221110025,5.254782811946583,0.2844788101644191,1.0541371204757817
2016-11-17 21:00:00,4.936594571431478,4.867297870395041,0.06929670103643648,1.01423720160172
2016-11-17 22:00:00,3.2418260879516603,4.32328728039935,-1.0814611924476893,0.7498521096780335
2016-11-17 23:00:00,3.946214474995931,5.454086443591167,-1.5078719685952358,0.7235335405497536
2016-11-18 00:00:00,5.544258453369141,6.436259022180321,-0.8920005688111807,0.8614100884167011
2016-11-18 01:00:00,7.161265965779623,6.059238966184634,1.1020269995949885,1.1818754806907559
2016-11-18 02:00:00,6.443176035563151,6.315068159222191,0.12810787634095977,1.020286063920605
2016-11-18 03:00:00,5.624694524129231,6.1119942671725855,-0.4872997430433541,0.9202715641176837
2016-11-18 04:00:00,6.416266459147136,5.978179918793413,0.43808654035372285,1.0732809226728899
2016-11-18 05:00:00,7.244209218343099,5.966438433508189,1.2777707848349102,1.2141597200867449
2016-11-18 06:00:00,5.666406107584635,5.88214587537133,-0.2157397677866948,0.9633229484005146
2016-11-18 07:00:00,6.710175842285157,5.703025196853094,1.0071506454320627,1.176599367996446
2016-11-18 08:00:00,8.037376998901367,6.304680448905766,1.7326965499956009,1.2748270216131772
2016-11-18 09:00:00,6.108696212768555,6.374736001114726,-0.2660397883461707,0.9582665402458
2016-11-18 10:00:00,5.622413762410481,4.967119926385676,0.6552938360248053,1.1319263166052909
2016-11-18 11:00:00,4.162833679199219,5.913193472294968,-1.7503597930957495,0.7039907790440657
2016-11-18 12:00:00,5.484012011210124,6.722791156057846,-1.2387791448477214,0.8157344001781955
2016-11-18 13:00:00,6.119233367919922,6.434407767606428,-0.31517439968650685,0.9510173412892434
2016-11-18 14:00:00,4.229841786702474,5.072890050304392,-0.8430482636019176,0.8338130227065869
2016-11-18 15:00:00,4.755177622477214,3.812620986216431,0.9425566362607833,1.2472201248611805
2016-11-18 16:00:00,7.6955902404785155,4.555614298992355,3.1399759414861608,1.6892541236822187
2016-11-18 17:00:00,7.418795481363932,5.958742520815082,1.4600529605488504,1.2450270263312424
2016-11-18 18:00:00,5.672245269775391,6.0701654648357275,-0.3979201950603368,0.9344465653588069
2016-11-18 19:00:00,5.310670786539713,5.532483868014477,-0.22181308147476386,0.9599071435603898
2016-11-18 20:00:00,5.187739751180013,4.789732853913003,0.39800689726700966,1.0830958446757328
2016-11-18 21:00:00,3.4014863001505535,4.6173046170160505,-1.215818316865497,0.7366822382944221
2016-11-18 22:00:00,4.304118886311849,4.838853889921974,-0.534735003610125,0.8894913928432859
2016-11-18 23:00:00,4.854959462483724,4.581586086351457,0.273373376132267,1.0596678466757716
2016-11-19 00:00:00,5.405429339090983,4.713046935515791,0.6923824035751913,1.1469075977914949
2016-11-19 01:00:00,7.517300979614258,5.013127228979368,2.50417375063489,1.4995232788346207
2016-11-19 02:00:00,7.808500274658203,4.322568711187016,3.485931563471187,1.8064490807166182
2016-11-19 03:00:00,6.615952356974283,5.007206676941196,1.6087456800330875,1.3212860550457324
2016-11-19 04:00:00,8.252074615478515,5.186094366415247,3.0659802490632675,1.5911925299543954
2016-11-19 05:00:00,7.113605163574219,4.444138316545657,2.669466847028562,1.6006714140939444
2016-11-19 06:00:00,5.426900527954102,3.7559842277648876,1.670916300189214,1.444867762712503
2016-11-19 07:00:00,4.862044171651204,2.6761567935488717,2.1858873781023327,1.8168009375876706
2016-11-19 08:00:00,6.216976071675619,2.8359865063875036,3.3809895652881155,2.192174066298658
2016-11-19 09:00:00,4.5785430119832355,3.256357686237867,1.3221853257453686,1.4060319698088557
2016-11-19 10:00:00,3.9805663197835286,3.409929192962813,0.5706371268207158,1.1673457407849872
2016-11-19 11:00:00,4.951980448404948,3.644367322256643,1.3076131261483046,1.3588038774693578
2016-11-19 12:00:00,3.3388855539957683,3.298154907528724,0.040730646467044274,1.012349524994738
2016-11-19 13:00:00,2.196085121154785,3.8057067721529343,-1.6096216509981494,0.5770505329585425
2016-11-19 14:00:00,3.155391802469889,3.774157399532998,-0.618765597063109,0.8360519894746115
2016-11-19 15:00:00,3.018219268798828,2.843460601838098,0.17475866696072995,1.0614598517200347
2016-11-19 16:00:00,2.007134169260661,1.85973710989466,0.14739705936600078,1.0792569329190564
2016-11-19 17:00:00,1.5186124324798582,1.5159402597494136,0.002672172730444622,1.0017627163822975
2016-11-19 18:00:00,1.5302840143839518,1.430891193670225,0.09939282071372668,1.0694621793420818
2016-11-19 19:00:00,1.3883190129597982,1.9229726618790521,-0.5346536489192539,0.7219650286672241
2016-11-19 20:00:00,2.071407885233561,1.7814614180734225,0.2899464671601384,1.1627576461766451
2016-11-19 21:00:00,1.5832000363667806,1.4117837864610503,0.17141624990573034,1.121418202666446
2016-11-19 22:00:00,1.4156592890421549,1.8441585748934275,-0.4284992858512726,0.767645097506848
2016-11-19 23:00:00,3.037389404296875,2.5715971688469996,0.4657922354498756,1.1811295490182538
2016-11-20 00:00:00,4.826933258056641,3.4847219013143538,1.3422113567422875,1.3851702932839598
2016-11-20 01:00:00,6.674770161946614,4.83735101109664,1.837419150849974,1.3798399468293756
2016-11-20 02:00:00,6.326634023030599,5.230658404087668,1.0959756189429308,1.2095291900703065
2016-11-20 03:00:00,9.185891387939453,7.406984668430308,1.7789067195091448,1.2401661133566422
2016-11-20 04:00:00,8.321337137858073,8.622753666487968,-0.3014165286298951,0.9650440520177052
2016-11-20 05:00:00,9.294142618815105,9.329694393757,-0.03555177494189543,0.9961893955534401
2016-11-20 06:00:00,10.058952189127606,9.412721930888475,0.6462302582391306,1.0686549823721534
2016-11-20 07:00:00,10.038899820963543,9.5646227893235,0.4742770316400424,1.0495865903012354
2016-11-20 08:00:00,10.035623596191407,9.498348919034877,0.53727467715653,1.0565650600684737
2016-11-20 09:00:00,8.823106791178386,8.468209460142178,0.3548973310362076,1.0419093708896343
2016-11-20 10:00:00,7.809741282145182,5.5536732952792365,2.2560679868659452,1.4062298710987664
2016-11-20 11:00:00,5.419437581380207,4.563561090689675,0.8558764906905321,1.187545750715739
2016-11-20 12:00:00,2.917843734741211,4.298051520935661,-1.38020778619445,0.6788759326240029
2016-11-20 13:00:00,2.054592577616374,3.929584502317178,-1.874991924700804,0.5228523718995817
2016-11-20 14:00:00,1.8027001342773437,2.694354759460096,-0.8916546251827522,0.6690656187526601
2016-11-20 15:00:00,1.8510410334269207,2.167861480693293,-0.31682044726637226,0.8538557698045119
2016-11-20 16:00:00,0.6997961223125458,1.2649342538767145,-0.5651381315641687,0.5532272686646296
2016-11-20 17:00:00,0.37372556294997533,0.6176025888366098,-0.24387702588663446,0.6051230511419481
2016-11-20 18:00:00,0.12188629758358001,0.4394271338229542,-0.3175408362393742,0.2773754468077253
2016-11-20 19:00:00,0.015173836906750997,0.6993812331230407,-0.6842073962162897,0.021696088182110964
2016-11-20 20:00:00,0.18251745700836183,-0.24114533052631074,0.42366278753467257,-0.7568774257830708
2016-11-20 21:00:00,0.6942292585372924,0.2813365858753534,0.4128926726619391,2.467611016097536
2016-11-20 22:00:00,1.147458334604899,1.0013566572758197,0.1461016773290793,1.1459037359641142
2016-11-20 23:00:00,1.4431956227620444,1.5626795715390962,-0.11948394877705182,0.9235390601162264
2016-11-21 00:00:00,1.1167265510559083,1.6587250458727094,-0.5419984948168011,0.6732439193792736
2016-11-21 01:00:00,1.2586022338867189,2.9529899787387666,-1.6943877448520477,0.42621283612492067
2016-11-21 02:00:00,2.3416146189371747,1.9338642658139154,0.40775035312325936,1.2108474520840518
2016-11-21 03:00:00,3.9006859944661456,3.4888293016185283,0.4118566928476173,1.1180501128721172
2016-11-21 04:00:00,6.209384877522787,4.9626315650553074,1.2467533124674794,1.251228263900664
2016-11-21 05:00:00,5.00899442545573,4.4617571082662835,0.5472373171894462,1.1226506293172216
2016-11-21 06:00:00,6.66525537109375,6.061669758600884,0.603585612492866,1.0995741497854514
2016-11-21 07:00:00,7.549384185791016,7.047850594438101,0.5015335913529153,1.0711612121500853
2016-11-21 08:00:00,9.777846761067709,7.688685207716176,2.0891615533515324,1.2717189606429589
2016-11-21 09:00:00,8.243487630208334,8.502006994697068,-0.258519364488734,0.96959313669702
2016-11-21 10:00:00,8.94980376180013,8.250628623845284,0.6991751379548461,1.084742044495149
2016-11-21 11:00:00,5.821756362915039,7.6427378070270935,-1.8209814441120544,0.7617370253840504
2016-11-21 12:00:00,5.343070887247721,6.877842162847065,-1.5347712755993443,0.776852792015217
2016-11-21 13:00:00,3.665594462076823,6.338341728606566,-2.672747266529743,0.5783207373520195
2016-11-21 14:00:00,5.7045904032389325,6.270304282684987,-0.5657138794460543,0.909778879310812
2016-11-21 15:00:00,9.58745965576172,7.515612760160591,2.0718468956011282,1.2756723851691445
2016-11-21 16:00:00,5.579775568644206,6.198619670131376,-0.61884410148717,0.9001642084173792
2016-11-21 17:00:00,3.982710108439128,7.790335318589306,-3.807625210150178,0.5112373146423597
2016-11-21 18:00:00,2.7023667627970376,5.656748735105552,-2.9543819723085143,0.4777243765533123
2016-11-21 19:00:00,3.9314224802653,4.0311102685820694,-0.0996877883167695,0.9752703891298329
2016-11-21 20:00:00,1.787445463180542,3.023526126716725,-1.236080663536183,0.5911791028978293
2016-11-21 21:00:00,2.762884634653727,3.0860308696177032,-0.3231462349639762,0.8952874262712714
2016-11-21 22:00:00,2.247585496266683,1.4169372079110965,0.8306482883555864,1.5862280161166493
2016-11-21 23:00:00,1.6052145843505863,2.2054958789881645,-0.6002812946375782,0.7278247942530843
2016-11-22 00:00:00,1.9685313784281413,2.4964661512863526,-0.5279347728582113,0.7885271656552673
2016-11-22 01:00:00,2.542006322224935,2.7000780423433683,-0.1580717201184334,0.9414566106462446
2016-11-22 02:00:00,3.667133850097656,2.485341955005852,1.1817918950918038,1.4755047460215676
2016-11-22 03:00:00,2.8429351844787596,2.212400979150611,0.6305342053281486,1.2849999666743162
2016-11-22 04:00:00,1.1724685974121094,1.947165295070199,-0.7746966976580896,0.6021412770557004
2016-11-22 05:00:00,0.2360886079420646,0.9216608669120235,-0.6855722589699589,0.25615561690610467
2016-11-22 06:00:00,1.009354474833856,0.6132808031365332,0.3960736716973229,1.6458276040464062
2016-11-22 07:00:00,2.6879616495768226,1.089388555611006,1.5985730939658167,2.467403972377169
2016-11-22 08:00:00,2.9074860744178297,2.2878547701085004,0.6196313043093293,1.270835068906032
2016-11-22 09:00:00,4.053398564656575,2.4990747490993277,1.5543238155572476,1.6219597137370259
2016-11-22 10:00:00,1.8727914759318034,1.7295582639899778,0.1432332119418256,1.0828149099825037
2016-11-22 11:00:00,1.4352365430196128,1.6990923895496282,-0.26385584653001537,0.8447077697758657
2016-11-22 12:00:00,1.2125198815663656,1.6939113803553085,-0.48139149878894294,0.7158106944839299
2016-11-22 13:00:00,0.5510983657141525,0.680510482165965,-0.1294121164518125,0.8098308257649276
2016-11-22 14:00:00,0.3568065879742304,0.3426945178137814,0.01411207016044902,1.0411797371328755
2016-11-22 15:00:00,0.09152438068638245,0.4929007534691654,-0.40137637278278293,0.185685211560765
2016-11-22 16:00:00,0.007132364153862,0.27770192070766014,-0.27056955655379816,0.025683524750879625
2016-11-22 17:00:00,0.14181577863295872,-0.04178314395582701,0.18359892258878574,-3.394090659690086
2016-11-22 18:00:00,0.013529679228862126,0.1813810063742738,-0.16785132714541168,0.07459259102876557
2016-11-22 19:00:00,0.10354688372711339,0.4187055124391802,-0.3151586287120668,0.2473024133928838
2016-11-22 20:00:00,0.0015830872555573782,0.3481124952590171,-0.3465294080034597,0.00454763123162087
2016-11-22 21:00:00,0.1689217480023702,0.36366784553303944,-0.19474609753066924,0.4644945932868392
2016-11-22 22:00:00,0.43177813482284544,0.5270789928401785,-0.09530085801733301,0.8191905590776785
2016-11-22 23:00:00,0.053541487038135535,0.36620520414657187,-0.3126637171084363,0.14620624292577178
2016-11-23 00:00:00,0.0,0.4245823612276245,-0.4245823612276245,0.0
2016-11-23 01:00:00,0.0,0.03104784766956071,-0.03104784766956071,0.0
2016-11-23 02:00:00,0.0,0.15560840240998583,-0.15560840240998583,0.0
2016-11-23 03:00:00,0.0,0.39011311376626046,-0.39011311376626046,0.0
2016-11-23 04:00:00,0.03165055687228839,0.6030935204300174,-0.5714429635577291,0.05248034641413645
2016-11-23 05:00:00,0.04365606127430995,0.7506124972162028,-0.7069564359418928,0.0581605841046042
2016-11-23 06:00:00,0.35914493806163467,0.780079841841968,-0.4209349037803333,0.46039510162652275
2016-11-23 07:00:00,0.5656375315984091,0.42278017339776414,0.142857358200645,1.337899852428133
2016-11-23 08:00:00,0.4192285049756368,0.6525179204101885,-0.23328941543455173,0.6424781478983744
2016-11-23 09:00:00,0.5512689655224483,0.8074661675020063,-0.256197201979558,0.6827146296765165
2016-11-23 10:00:00,0.984004348754883,1.1340737689983436,-0.1500694202434606,0.8676722587667225
2016-11-23 11:00:00,1.0817350571950275,1.5629878748718895,-0.481252817676862,0.6920943371257388
2016-11-23 12:00:00,1.7514650853474936,1.674980217072456,0.07648486827503764,1.0456631472392661
2016-11-23 13:00:00,0.9652690633138021,1.610361544337383,-0.645092481023581,0.5994113972157614
2016-11-23 14:00:00,2.0102736231486005,2.4658043194852093,-0.4555306963366088,0.8152608085171532
2016-11-23 15:00:00,2.359752644856771,2.8244211918938835,-0.4646685470371126,0.8354818508051434
2016-11-23 16:00:00,4.244385442097982,2.4189258625079844,1.8254595795899973,1.754657101271111
2016-11-23 17:00:00,4.736871302286784,3.012381502841294,1.72448979944549,1.5724672647933013
2016-11-23 18:00:00,5.973367919921875,3.6344046311603098,2.3389632887615655,1.6435616080576132
2016-11-23 19:00:00,8.671442860921225,4.603860051638711,4.067582809282514,1.8835157375895226
2016-11-23 20:00:00,8.640660715738932,5.995116772268175,2.6455439434707566,1.441283138254845
2016-11-23 21:00:00,8.442677897135416,6.895239964324191,1.547437932811225,1.2244211863281964
2016-11-23 22:00:00,7.758762868245443,6.225044760834017,1.533718107411426,1.2463786472767373
2016-11-23 23:00:00,9.320670928955078,6.205682573379602,3.114988355575476,1.5019574106058506
2016-11-24 00:00:00,8.32634189860026,7.467696238440449,0.8586456601598114,1.1149813319588278
2016-11-24 01:00:00,9.03423178100586,7.933007025849342,1.101224755156517,1.1388155527365886
2016-11-24 02:00:00,8.586791615804035,8.083160064579989,0.5036315512240463,1.0623062697262342
2016-11-24 03:00:00,7.885490549723307,8.396578861646255,-0.5110883119229479,0.9391313628628574
2016-11-24 04:00:00,8.077621602376302,8.028821712675843,0.048799889700459786,1.0060780885971619
2016-11-24 05:00:00,7.154159393310548,7.603946128015515,-0.44978673470496755,0.9408482481158302
2016-11-24 06:00:00,7.66923817952474,7.074529518498867,0.5947086610258729,1.084063351417334
2016-11-24 07:00:00,8.905004414876302,7.105993103507502,1.7990113113688002,1.2531681758149769
2016-11-24 08:00:00,9.829302266438804,7.4175420144294035,2.4117602520094,1.3251427827867754
2016-11-24 09:00:00,8.122735758463541,7.9643358684334,0.15839989003014132,1.0198886501833704
2016-11-24 10:00:00,5.90471458943685,4.057512692264924,1.8472018971719262,1.4552547428116138
2016-11-24 11:00:00,8.863068328857421,7.2824278385161145,1.580640490341307,1.2170485620168372
2016-11-24 12:00:00,9.33336122639974,8.52336731771438,0.8099939086853603,1.095032148503318
2016-11-24 13:00:00,9.769731709798176,9.230937691598898,0.5387940181992779,1.058368286754837
2016-11-24 14:00:00,9.508789245605469,8.115534584424516,1.3932546611809524,1.1716774966192507
2016-11-24 15:00:00,7.468419494628907,7.634210810848379,-0.1657913162194724,0.9782831100257436
2016-11-24 16:00:00,7.759731913248697,7.500623398415244,0.25910851483345265,1.0345449306104608
2016-11-24 17:00:00,7.646464314778646,6.912599081695833,0.7338652330828124,1.1061634306300283
2016-11-24 18:00:00,7.369708119710287,4.5909170597817965,2.7787910599284906,1.6052801703328017
2016-11-24 19:00:00,6.157934534708659,4.877671260118208,1.2802632745904505,1.2624742846157746
2016-11-24 20:00:00,6.056568918863933,6.040984659946111,0.015584258917821892,1.002579754757722
2016-11-24 21:00:00,7.225535059611003,6.61675691585457,0.6087781437564335,1.0920055174307108
2016-11-24 22:00:00,7.784288808186848,4.933965372264609,2.850323435922239,1.5776942521617228
2016-11-24 23:00:00,6.875056498209634,5.3065390876417515,1.5685174105678827,1.295581995093706
2016-11-25 00:00:00,6.962538263956707,4.889568429470699,2.072969834486008,1.423957628242133
2016-11-25 01:00:00,6.309916468302408,4.718194410628177,1.5917220576742306,1.3373583025931968
2016-11-25 02:00:00,4.676824300130209,4.781101906165493,-0.1042776060352848,0.9781896290683926
2016-11-25 03:00:00,5.302538197835286,4.790009856912511,0.512528340922775,1.10699943345276
2016-11-25 04:00:00,4.43307807413737,4.026335206843615,0.4067428672937554,1.1010206171116625
2016-11-25 05:00:00,3.9385584360758465,4.617444522386696,-0.678886086310849,0.8529736344379636
2016-11-25 06:00:00,3.683568957010905,4.553846009770681,-0.8702770527597763,0.8088918573679217
2016-11-25 07:00:00,3.302974713643392,3.369670024498804,-0.06669531085541225,0.9802071685445425
2016-11-25 08:00:00,3.258476768493652,3.6245075086972944,-0.36603074020364224,0.899012282544505
2016-11-25 09:00:00,2.440462370554606,3.6631720350841985,-1.2227096645295927,0.666215604176098
2016-11-25 10:00:00,3.98191460164388,2.512471008954546,1.4694435926893337,1.584859919757155
2016-11-25 11:00:00,7.044798573811848,3.2543078239079763,3.7904907499038716,2.164760973764311
2016-11-25 12:00:00,7.786841715494791,5.211726253980348,2.575115461514443,1.494100291539248
2016-11-25 13:00:00,9.165848663330078,6.191585134868099,2.9742635284619787,1.4803719021341277
2016-11-25 14:00:00,9.204309102376302,6.238182289265427,2.9661268131108747,1.4754793424704729
2016-11-25 15:00:00,7.044258951822917,6.262469015672962,0.7817899361499547,1.1248373339961257
2016-11-25 16:00:00,6.328444620768229,4.499153980239282,1.8292906405289466,1.406585471082645
2016-11-25 17:00:00,4.541607447306315,4.45889351741133,0.08271392989498416,1.0185503263471078
2016-11-25 18:00:00,6.3672449645996085,4.083132630409392,2.2841123341902163,1.5594019447664138
2016-11-25 19:00:00,5.285302846272787,4.374373121733261,0.9109297245395256,1.2082423467750705
2016-11-25 20:00:00,4.958892242431641,3.987675650302604,0.9712165921290365,1.2435545609270744
2016-11-25 21:00:00,5.515975830078125,3.6906983303699636,1.8252774997081618,1.4945615534838883
2016-11-25 22:00:00,5.474160151163737,3.5013533790983584,1.9728067720653786,1.5634412064324112
2016-11-25 23:00:00,4.840554656982421,3.386966515894768,1.4535881410876534,1.4291710987593407
2016-11-26 00:00:00,4.341493962605794,3.142535270415394,1.1989586921903999,1.381525930186908
2016-11-26 01:00:00,4.462911829630534,2.549956205711263,1.912955623919271,1.7501915600098268
2016-11-26 02:00:00,3.6233833923339844,2.792876179984994,0.8305072123489903,1.2973662843704916
2016-11-26 03:00:00,1.9440871963500976,2.529202363219649,-0.5851151668695516,0.7686562469739646
2016-11-26 04:00:00,2.9595799382527668,1.9824740165575072,0.9771059216952596,1.4928719940511341
2016-11-26 05:00:00,3.384547617594402,2.2227871033857585,1.1617605142086433,1.5226593731982
2016-11-26 06:00:00,3.473553624471029,1.8528616996665808,1.6206919248044482,1.8746966517231636
2016-11-26 07:00:00,1.7259249871571858,1.2668266862252613,0.4590983009319245,1.3624002445826988
2016-11-26 08:00:00,0.7346597434679666,1.2699829407521972,-0.5353231972842306,0.5784800093714925
2016-11-26 09:00:00,1.1939969228108722,1.2601548972398757,-0.06615797442900351,0.9475001251243719
2016-11-26 10:00:00,1.6876080932617188,1.573923323154451,0.11368477010726785,1.072230183284546
2016-11-26 11:00:00,1.2768469274640084,1.2540920739194696,0.022754853544538767,1.0181444839798899
2016-11-26 12:00:00,0.6883907810846965,1.2509358193925337,-0.5625450383078372,0.5503006392598028
2016-11-26 13:00:00,1.13685161336263,1.160388356590072,-0.023536743227441814,0.979716494832293
2016-11-26 14:00:00,0.8655908648173014,0.8683714402529809,-0.0027805754356794443,0.9967979423242324
2016-11-26 15:00:00,0.8069652956326802,1.3507814366797977,-0.5438161410471175,0.597406267009554
2016-11-26 16:00:00,1.1359224354426065,0.9171861193538923,0.21873631608871424,1.2384862913568755
2016-11-26 17:00:00,1.717035364786784,1.162054513289504,0.55498085149728,1.477585900790712
2016-11-26 18:00:00,1.4526017583211261,1.190599191337611,0.2620025669835151,1.2200594195676895
2016-11-26 19:00:00,1.77710568745931,1.0044503798131823,0.7726553076461278,1.7692319333781663
2016-11-26 20:00:00,0.41523134136199946,0.7881352387255683,-0.3729038973635689,0.5268529066577933
2016-11-26 21:00:00,0.27660775883992517,0.7186992600196987,-0.4420915011797736,0.3848727475138122
2016-11-26 22:00:00,0.3857874412635962,1.224817227602301,-0.8390297863387048,0.31497551844434185
2016-11-26 23:00:00,1.313699420928955,0.7870979137228994,0.5266015072060556,1.669041929885546
2016-11-27 00:00:00,0.5321569708188375,1.1502044138611554,-0.6180474430423178,0.46266295312884775
2016-11-27 01:00:00,0.7229432071348032,1.505360787705234,-0.7824175805704308,0.480245807542825
2016-11-27 02:00:00,1.18724339167277,1.5406111260259967,-0.35336773435322666,0.770631453723992
2016-11-27 03:00:00,2.189477000554403,1.6603246822112758,0.529152318343127,1.3187041209544534
2016-11-27 04:00:00,1.8543044980367027,1.8209377887603333,0.03336670927636942,1.018323915008148
2016-11-27 05:00:00,2.291658339182536,2.217331297835162,0.07432704134737378,1.0335209453904977
2016-11-27 06:00:00,3.146888931274414,2.28127437272169,0.865614558552724,1.3794434237737025
2016-11-27 07:00:00,2.335097760518392,2.1127327644132574,0.2223649961051346,1.1052499397229205
2016-11-27 08:00:00,1.7638704007466635,2.255515190548048,-0.4916447898013845,0.782025502704806
2016-11-27 09:00:00,2.184691954294841,2.255515190548048,-0.07082323625320708,0.9685999737221905
2016-11-27 10:00:00,3.152740791320801,2.167073169805962,0.985667621514839,1.4548381823227017
2016-11-27 11:00:00,3.7815086568196614,1.7464593206117416,2.03504933620792,2.165242907286894
2016-11-27 12:00:00,2.3982392298380537,2.012912353138595,0.38532687669945886,1.191427548297692
2016-11-27 13:00:00,2.7296902567545573,1.8443362762230586,0.8853539805314987,1.4800393463737422
2016-11-27 14:00:00,2.5251147333780923,2.112410170889209,0.4127045624888832,1.1953714142150513
2016-11-27 15:00:00,3.7776976267496747,1.8617363861384346,1.91596124061124,2.029125957292631
2016-11-27 16:00:00,1.809808622042338,1.56479247550558,0.24501614653675796,1.1565806011800983
2016-11-27 17:00:00,1.7947116775512693,1.8261152938454914,-0.03140361629422217,0.9828030484164604
2016-11-27 18:00:00,1.4984779198964437,2.0360094379024223,-0.5375315180059785,0.7359877081121172
2016-11-27 19:00:00,1.765976026217143,2.2586238732548045,-0.4926478470376616,0.7818814133369943
2016-11-27 20:00:00,1.7903298695882162,2.707398237962227,-0.9170683683740106,0.661273190062996
2016-11-27 21:00:00,2.661489309946696,2.9777794682143655,-0.3162901582676696,0.8937832161031946
2016-11-27 22:00:00,2.9321992212931316,2.706765058357692,0.22543416293543972,1.0832854562827186
2016-11-27 23:00:00,1.9701993624369303,2.4374550341428933,-0.46725567170596305,0.8083018290959904
2016-11-28 00:00:00,1.866083132425944,1.813978527117903,0.05210460530804095,1.0287239372071433
2016-11-28 01:00:00,1.0309868647257487,1.7354518638391057,-0.7044649991133569,0.5940740196878961
2016-11-28 02:00:00,1.5274818166097004,1.791832173388969,-0.26435035677926866,0.8524692430992064
2016-11-28 03:00:00,1.4489173507690432,1.7655898201146851,-0.31667246934564197,0.8206421073921505
2016-11-28 04:00:00,1.98591881052653,1.8109244067923869,0.1749944037341431,1.0966326386003618
2016-11-28 05:00:00,2.031598996480306,1.9622533998977008,0.0693455965826053,1.0353397764968686
2016-11-28 06:00:00,2.644396926879883,2.312568037121381,0.3318288897585022,1.143489352283686
2016-11-28 07:00:00,4.01266162109375,1.7735538935247324,2.239107727569018,2.2624977091161584
2016-11-28 08:00:00,2.399048456827799,1.848769435598425,0.5502790212293742,1.297646104827158
2016-11-28 09:00:00,2.0534859568277994,1.6701297382480373,0.3833562185797621,1.2295367897477845
2016-11-28 10:00:00,2.1144572168986002,1.6772322071906307,0.4372250097079695,1.2606824551982119
2016-11-28 11:00:00,1.5069005368550619,1.6596994080217062,-0.15279887116664437,0.9079358163121993
2016-11-28 12:00:00,2.030516721089681,1.6573951259422457,0.37312159514743515,1.2251253121884933
2016-11-28 13:00:00,1.4799459266662598,1.4699645887456714,0.009981337920588418,1.0067901893671503
2016-11-28 14:00:00,1.0573315289815268,0.8529102112212331,0.2044213177602937,1.2396750737309084
2016-11-28 15:00:00,0.9600640748341878,0.5033556435440513,0.4567084312901365,1.9073275270632137
2016-11-28 16:00:00,1.7338608169555663,0.5833521734237859,1.1505086435317804,2.9722368338481777
2016-11-28 17:00:00,2.935021697998047,1.4828965351228545,1.4521251628751923,1.9792491441453717
2016-11-28 18:00:00,3.613163640340169,2.0189810093989404,1.5941826309412286,1.7895976354011491
2016-11-28 19:00:00,2.945694892883301,1.4174284073421284,1.5282664855411727,2.0781965971790286
2016-11-28 20:00:00,3.0278438034057618,1.4617249984669294,1.5661188049388324,2.071418226124197
2016-11-28 21:00:00,3.1964487762451173,2.16020133836737,1.0362474378777473,1.4796994703562767
2016-11-28 22:00:00,2.7297327473958335,1.4528059690471018,1.2769267783487317,1.8789382791332214
2016-11-28 23:00:00,2.075764233907064,1.9620550728760908,0.11370916103097306,1.057954112809021
2016-11-29 00:00:00,1.6111005732218424,1.4720899858128902,0.13901058740895222,1.09443076764916
2016-11-29 01:00:00,1.9044805552164712,0.9929738498108339,0.9115067054056373,1.9179564049740923
2016-11-29 02:00:00,1.7827315152486163,0.9157374178776092,0.8669940973710071,1.9467715094359976
2016-11-29 03:00:00,0.7342282450199127,0.9127661591537782,-0.17853791413386555,0.8043990650361235
2016-11-29 04:00:00,0.18638281744966903,0.8937737516118239,-0.7073909341621549,0.20853467347138788
2016-11-29 05:00:00,0.06253495411078136,0.8560003449818118,-0.7934653908710304,0.07305482349088317
2016-11-29 06:00:00,0.0627342092593511,0.8802091513347937,-0.8174749420754426,0.07127193481710314
2016-11-29 07:00:00,0.03308371764421463,0.527846101265592,-0.4947623836213773,0.06267682486408699
2016-11-29 08:00:00,0.0,0.5176653878271027,-0.5176653878271027,0.0
2016-11-29 09:00:00,0.0,0.3267036087055526,-0.3267036087055526,0.0
2016-11-29 10:00:00,0.0,0.19443153173949457,-0.19443153173949457,0.0
2016-11-29 11:00:00,0.03651989865799746,0.08294755822010999,-0.04642765956211253,0.4402769586186986
2016-11-29 12:00:00,0.0,0.11282713632252321,-0.11282713632252321,0.0
2016-11-29 13:00:00,0.0,0.2288057544660854,-0.2288057544660854,0.0
2016-11-29 14:00:00,0.0,0.142025441211791,-0.142025441211791,0.0
2016-11-29 15:00:00,0.0006133411924044291,0.4149405946345594,-0.414327253442155,0.0014781421734467851
2016-11-29 16:00:00,0.32685791290799776,0.6701888726156255,-0.3433309597076278,0.48771014599560664
2016-11-29 17:00:00,0.0,0.6425781787427423,-0.6425781787427423,0.0
2016-11-29 18:00:00,0.04110379791259766,0.25653978844825065,-0.215435990535653,0.16022387077351607
2016-11-29 19:00:00,0.11287764936685561,0.5093381854650749,-0.3964605360982193,0.2216163103180403
2016-11-29 20:00:00,0.10400202336410681,0.6959904929688497,-0.5919884696047429,0.1494302356350744
2016-11-29 21:00:00,0.00907838374376297,0.8889170712896787,-0.8798386875459157,0.010212857911021627
2016-11-29 22:00:00,0.36675613363583887,1.2049637657520664,-0.8382076321162275,0.3043710890401186
2016-11-29 23:00:00,0.5531911378304164,1.2049637657520664,-0.65177262792165,0.4590935873371657
2016-11-30 00:00:00,0.9400359048843384,1.7166226436848264,-0.776586738800488,0.5476077741037476
2016-11-30 01:00:00,1.1334945437113444,2.2777709829531094,-1.144276439241765,0.4976332353842611
2016-11-30 02:00:00,3.2645630416870115,2.96676298106997,0.2978000606170417,1.1003787840542756
2016-11-30 03:00:00,3.000109059651693,2.5764651328318773,0.4236439268198158,1.164428356286031
2016-11-30 04:00:00,3.332084683736165,3.2685124986661585,0.06357218507000661,1.019449882812426
2016-11-30 05:00:00,4.140852167765299,3.2746473437616084,0.8662048240036908,1.264518506291635
2016-11-30 06:00:00,5.229063893636067,2.677170065137653,2.5518938284984145,1.9532057233604256
2016-11-30 07:00:00,5.230591415405273,2.1357353818618012,3.094856033543472,2.4490821568192445
2016-11-30 08:00:00,5.201205744425456,2.3137599493523933,2.887445795073063,2.2479452744789885
2016-11-30 09:00:00,4.120108362833659,3.6514049941733653,0.46870336866029394,1.128362471270159
2016-11-30 10:00:00,2.679356409708659,3.9495108866264617,-1.2701544769178028,0.6784020823391815
2016-11-30 11:00:00,2.7452100741068524,2.3569370002840193,0.38827307382283305,1.1647362970567499
2016-11-30 12:00:00,2.7206783930460614,2.0638964998846254,0.656781893161436,1.3182242390537273
2016-11-30 13:00:00,1.7246142883300781,1.4445158607809672,0.28009842754911096,1.1939047089435748
2016-11-30 14:00:00,1.4170591570536297,1.5538756404984475,-0.13681648344481778,0.9119514587403338
2016-11-30 15:00:00,1.7107703221638997,2.4367869284866357,-0.726016606322736,0.7020598732554644
2016-11-30 16:00:00,2.804407236735026,2.745613713399215,0.058793523335811226,1.021413618036975
2016-11-30 17:00:00,5.277591445922852,2.929755358886233,2.347836087036619,1.8013761558334227
2016-11-30 18:00:00,6.310829020182291,3.744595091625912,2.5662339285563793,1.685316800819208
2016-11-30 19:00:00,6.142436045328776,4.484502952368048,1.6579330929607279,1.3697027542562445
2016-11-30 20:00:00,8.309800450642904,4.936721286801541,3.3730791638413624,1.6832630338802763
2016-11-30 21:00:00,7.283864705403646,5.008478063317281,2.2753866420863647,1.4543069997154585
2016-11-30 22:00:00,8.237813791910808,5.514803546783888,2.72301024512692,1.4937637799835897
2016-11-30 23:00:00,7.358702153523764,5.323726089130796,2.0349760643929677,1.3822465751098059
2016-12-01 00:00:00,6.219399251302082,4.912885226819709,1.3065140244823734,1.2659361992317757
2016-12-01 01:00:00,6.603326975504557,4.83273037012745,1.770596605377107,1.3663760379270677
2016-12-01 02:00:00,3.9433829638163247,3.599903611671715,0.3434793521446098,1.0954134858030562
2016-12-01 03:00:00,2.9720177510579426,3.927011875384208,-0.9549941243262654,0.7568140472626324
2016-12-01 04:00:00,5.354799354553222,3.3555742934909407,1.9992250610622815,1.595792221003817
2016-12-01 05:00:00,5.847082209269206,3.225612565420719,2.621469643848487,1.8127044369653138
2016-12-01 06:00:00,4.472688629150391,2.883804757566864,1.5888838715835272,1.5509679070382376
2016-12-01 07:00:00,3.9306469421386723,2.615239931236151,1.315407010902521,1.502977564387664
2016-12-01 08:00:00,2.645507253011068,2.3092200811632666,0.3362871718478013,1.1456280302561708
2016-12-01 09:00:00,3.6890500920613603,2.2663843289878267,1.4226657630735335,1.6277248500517563
2016-12-01 10:00:00,2.9140760142008464,2.1742990893622034,0.739776924838643,1.3402369657688837
2016-12-01 11:00:00,1.921589027404785,1.9106711583041867,0.010917869100598443,1.0057141539260417
2016-12-01 12:00:00,1.5406245346069336,2.122289926563996,-0.5816653919570625,0.7259255746933769
2016-12-01 13:00:00,1.0872086690266927,1.9052117731472904,-0.8180031041205977,0.5706497746603214
2016-12-01 14:00:00,1.1989283599853515,1.920355080420422,-0.7214267204350704,0.624326392660086
2016-12-01 15:00:00,2.848330838521321,2.6171309228106527,0.23119991571066834,1.0883409819873942
2016-12-01 16:00:00,2.515277905782064,2.157023114070117,0.35825479171194674,1.1660875997920814
2016-12-01 17:00:00,2.953126091003418,2.2789898068279695,0.6741362841754484,1.295804870278797
2016-12-01 18:00:00,3.299845377604167,2.3786944109220847,0.9211509666820823,1.3872506541624254
2016-12-01 19:00:00,4.377488408406576,2.5280182359812953,1.8494701724252804,1.7315889363857282
2016-12-01 20:00:00,4.573023849487305,2.6915116815957325,1.881512167891572,1.699054059752796
2016-12-01 21:00:00,3.1844624633789067,2.4770581992296243,0.7074042641492824,1.2855824156127167
2016-12-01 22:00:00,1.9634893480936686,2.3846362189230312,-0.42114687082936264,0.823391564932464
2016-12-01 23:00:00,1.5341546109517414,1.920837870582098,-0.38668325963035666,0.7986903186612129
2016-12-02 00:00:00,1.5324140294392905,1.827204095083748,-0.29479006564445753,0.838666043690677
2016-12-02 01:00:00,1.5169528058369952,1.3256948444704697,0.1912579613665255,1.144269974469819
2016-12-02 02:00:00,1.1699953384399415,1.0939171941685921,0.0760781442713494,1.0695465293688622
2016-12-02 03:00:00,0.8733054339090982,1.05546644382067,-0.1821610099115718,0.8274118414867181
2016-12-02 04:00:00,0.8040963083902996,0.8121503843867659,-0.008054075996466348,0.9900830238447184
2016-12-02 05:00:00,0.8430667044321696,0.5641568869164462,0.2789098175157234,1.4943834312476114
2016-12-02 06:00:00,0.7870689373016357,0.41235143760275733,0.3747174996988784,1.9087333413394476
2016-12-02 07:00:00,0.6045985593795776,-0.09801811006833831,0.7026166694479159,-6.168233186275995
2016-12-02 08:00:00,0.33145532580216724,-0.07836232508608268,0.40981765088824995,-4.229779111812424
2016-12-02 09:00:00,0.20074781131744387,-0.0525243408936546,0.25327215221109844,-3.8219958194981554
2016-12-02 10:00:00,0.05968500442430377,0.07010305289569224,-0.010418048471388469,0.851389518129978
2016-12-02 11:00:00,0.069033830900987,-0.001957810417645334,0.07099164131863234,-35.260733255273124
2016-12-02 12:00:00,0.0198167455693086,0.03031227264035953,-0.01049552707105093,0.6537532109329021
2016-12-02 13:00:00,0.05006807587544123,0.011444567368644104,0.038623508506797126,4.374833426435852
2016-12-02 14:00:00,0.15558831572532653,-0.015847812441330187,0.1714361281666567,-9.81765251837289
2016-12-02 15:00:00,0.021038297156492868,0.2577924813113251,-0.23675418415483224,0.08160942883002785
2016-12-02 16:00:00,0.15454440812269846,0.18042486109651834,-0.025880452973819884,0.8565582768553436
2016-12-02 17:00:00,0.12737965147693953,0.28858569011324187,-0.16120603863630234,0.44139281967499977
2016-12-02 18:00:00,0.010543113787968954,0.4407841152068762,-0.43024100141890725,0.023918996679407747
2016-12-02 19:00:00,0.3844142343563338,0.595363136087608,-0.21094890173127423,0.6456802765493479
2016-12-02 20:00:00,0.20759675363699595,0.7691658534462364,-0.5615690998092405,0.26989855660760514
2016-12-02 21:00:00,0.29236767227202654,0.8410021477974996,-0.5486344755254731,0.3476420042894161
2016-12-02 22:00:00,0.01656426648174723,1.14645445056853,-1.1298901840867828,0.014448255204149598
2016-12-02 23:00:00,0.3422059754133224,0.9275510517389512,-0.5853450763256288,0.36893492252718874
2016-12-03 00:00:00,0.5497151117324829,1.2260547189017859,-0.676339607169303,0.44836099340238195
2016-12-03 01:00:00,0.9590849844614665,1.3839254585991059,-0.42484047413763937,0.6930178056210564
2016-12-03 02:00:00,0.31438476769129436,1.097188014808799,-0.7828032471175046,0.2865368227213825
2016-12-03 03:00:00,0.25467897168795267,1.1681068299329447,-0.913427858244992,0.21802712317209252
2016-12-03 04:00:00,0.3271734298070272,0.8113861998730506,-0.4842127700660234,0.4032277475981434
2016-12-03 05:00:00,0.710602149327596,0.8528270924687741,-0.14222494314117806,0.8332312090022098
2016-12-03 06:00:00,0.7448015546798706,1.1965957328751957,-0.4517941781953251,0.6224337378257666
2016-12-03 07:00:00,0.5591427745819092,0.9507823183516732,-0.39163954376976395,0.5880870560900511
2016-12-03 08:00:00,0.9244801241556804,0.9718495149928196,-0.0473693908371392,0.9512585126541024
2016-12-03 09:00:00,0.6197276471455891,1.463193792046696,-0.8434661449011068,0.42354447545784235
2016-12-03 10:00:00,0.7457428248723348,1.2116910245610073,-0.4659481996886725,0.6154562588614664
2016-12-03 11:00:00,0.6255133749643961,0.8397544343537107,-0.2142410593893146,0.7448765369673837
2016-12-03 12:00:00,1.0597818145751954,0.831904405851521,0.22787740872367435,1.273922589086932
2016-12-03 13:00:00,1.1255989583333332,0.8384497324662326,0.2871492258671007,1.3424763760404268
2016-12-03 14:00:00,1.4126330382029217,1.1337374599271755,0.2788955782757463,1.2459966157364695
2016-12-03 15:00:00,1.6835456593831382,1.5409218405154765,0.14262381886766162,1.0925574647056404
2016-12-03 16:00:00,1.1432348925272624,1.5639151762907975,-0.42068028376353506,0.7310082476715394
2016-12-03 17:00:00,1.8700512669881184,1.8756379007474273,-0.005586633759308901,0.9970214753300289
2016-12-03 18:00:00,2.5203232269287112,2.0166530934455253,0.5036701334831859,1.2497554661831536
2016-12-03 19:00:00,3.323995534261068,2.2184156381952342,1.1055798960658336,1.498364633313379
2016-12-03 20:00:00,4.567934946695964,2.082489465740286,2.4854454809556774,2.1934972646174455
2016-12-03 21:00:00,4.135625142415365,2.568654535559685,1.56697060685568,1.6100355595363283
2016-12-03 22:00:00,4.113669469197591,3.2885867675800187,0.8250827016175721,1.2508927876714435
2016-12-03 23:00:00,4.689741948445638,4.139016746004818,0.5507252024408205,1.1330570123864339
2016-12-04 00:00:00,4.666385899861654,3.7331331257555567,0.933252774106097,1.2499918279547595
2016-12-04 01:00:00,5.507640472412109,3.7435660014017413,1.7640744710103675,1.4712283609664762
2016-12-04 02:00:00,5.521940104166666,3.7435660014017413,1.778374102764925,1.4750481498386914
2016-12-04 03:00:00,5.175623911539714,3.744299164310884,1.43132474722883,1.38226773140128
2016-12-04 04:00:00,5.454341985066732,3.6866389759509857,1.767703009115746,1.479489046973947
2016-12-04 05:00:00,3.86933410135905,3.306471266215966,0.562862835143084,1.1702306748872016
2016-12-04 06:00:00,4.255157094319661,3.295606652460168,0.9595504418594931,1.291160488204255
2016-12-04 07:00:00,4.589757934570312,2.8819759343882088,1.7077820001821036,1.5925733035465595
2016-12-04 08:00:00,4.500820048014323,2.8851321889151444,1.6156878590991788,1.5600047946873115
2016-12-04 09:00:00,3.5582580210367842,2.8888706081246354,0.6693874129121489,1.2317124938131772
2016-12-04 10:00:00,1.9680813115437825,2.84623384151261,-0.8781525299688275,0.6914685936338457
2016-12-04 11:00:00,1.9189975725809731,2.1965441184133834,-0.27754654583241023,0.8736439921667092
2016-12-04 12:00:00,3.615174550374349,3.0403494947752487,0.5748250555991001,1.189065453358872
2016-12-04 13:00:00,3.141222290039063,2.9083130670603916,0.23290922297867134,1.0800839585038509
2016-12-04 14:00:00,2.100430099487305,2.9309904700089158,-0.8305603705216109,0.7166280890298888
2016-12-04 15:00:00,2.314080640157064,3.70732169975336,-1.393241059596296,0.6241920252863448
2016-12-04 16:00:00,4.259077946980794,3.8966752162041027,0.36240273077669105,1.0930030630393983
2016-12-04 17:00:00,4.4380535227457685,3.8870182579791,0.5510352647666683,1.1417629731055488
2016-12-04 18:00:00,4.131401784261067,3.2010591004443856,0.9303426838166815,1.2906358972527334
2016-12-04 19:00:00,4.845998560587565,3.2428327285241703,1.6031658320633944,1.4943720402109681
2016-12-04 20:00:00,4.480708079020182,2.9772305787491553,1.503477500271027,1.5049919582992775
2016-12-04 21:00:00,3.20413454691569,2.9545526302263543,0.2495819166893356,1.0844736743343153
2016-12-04 22:00:00,3.1169484583536784,3.034667768216837,0.08228069013684136,1.0271135743420075
2016-12-04 23:00:00,3.8473983052571614,2.7543045019724444,1.093093803284717,1.396867449659948
2016-12-05 00:00:00,2.322618072509766,2.6223264007278346,-0.2997083282180686,0.885708991781159
2016-12-05 01:00:00,1.7463131357828776,2.245354838955622,-0.49904170317274454,0.7777448381366471
2016-12-05 02:00:00,1.6202189102172853,1.6837073261028472,-0.06348841588556198,0.9622924870009838
2016-12-05 03:00:00,0.8768041922251384,1.1315598791287953,-0.2547556869036569,0.7748632736079357
2016-12-05 04:00:00,1.314448134104411,0.8197851864021796,0.4946629477022314,1.603405570028871
2016-12-05 05:00:00,1.3449388834635416,0.781923570277219,0.5630153131863226,1.7200388050544557
2016-12-05 06:00:00,1.6423423182169596,0.7775899838527813,0.8647523343641783,2.112092943995404
2016-12-05 07:00:00,1.4776828028361004,0.5303484904181246,0.9473343124179758,2.7862487204801907
2016-12-05 08:00:00,0.9211752071380616,0.5510327875156416,0.37014241962242,1.671724855595663
2016-12-05 09:00:00,0.7873765656153362,1.182946613501374,-0.3955700478860378,0.6656061707508508
2016-12-05 10:00:00,0.44395868460337323,1.2694533544097533,-0.8254946698063801,0.3497242990939174
2016-12-05 11:00:00,0.4010118538538615,0.5847599736591503,-0.18374811980528882,0.6857717215912021
2016-12-05 12:00:00,0.10261695482333501,0.28052169414339906,-0.17790473932006406,0.36580755415970984
2016-12-05 13:00:00,0.00971253744761149,-0.05882114155309187,0.06853367900070337,-0.1651198394176857
2016-12-05 14:00:00,0.03810753217339515,-0.032821580694765345,0.0709291128681605,-1.1610510940282914
2016-12-05 15:00:00,0.09671866904695828,0.16552642813810764,-0.06880775909114936,0.5843095276982638
2016-12-05 16:00:00,0.6766913032035033,0.4729209894161802,0.20377031378732313,1.4308760201971096
2016-12-05 17:00:00,0.9296185147712628,0.7873274581314899,0.14229105663977293,1.1807266534022103
2016-12-05 18:00:00,1.1551088733673096,0.8760117539655468,0.27909711940176285,1.3185997426842055
2016-12-05 19:00:00,1.4144503087997435,0.9115677405506469,0.5028825682490966,1.5516677981005804
2016-12-05 20:00:00,2.1991616706848145,0.9839386066395897,1.2152230640452248,2.235059846056384
2016-12-05 21:00:00,2.7953888295491534,0.9839386066395897,1.8114502229095637,2.8410195622836114
2016-12-05 22:00:00,2.815065035502116,0.7339199562014074,2.0811450793007085,3.8356567520962552
2016-12-05 23:00:00,1.2428966587781907,0.8481968970084653,0.3946997617697253,1.4653397850921235
2016-12-06 00:00:00,1.0778380082448322,0.7300997981321848,0.3477382101126474,1.476288599178176
2016-12-06 01:00:00,0.30749845441182455,0.6285771672028377,-0.3210787127910132,0.48919762036567394
2016-12-06 02:00:00,0.2038160912791888,0.7573227305209682,-0.5535066392417795,0.26912712779528236
2016-12-06 03:00:00,0.15697447349627813,0.5097299742607303,-0.35275550076445217,0.30795613643074604
2016-12-06 04:00:00,0.26230959767103196,0.19937448793290127,0.06293510973813068,1.315662803153186
2016-12-06 05:00:00,0.8794746158123016,0.8741077374500072,0.005366878362294325,1.00613983623798
2016-12-06 06:00:00,0.6516699792941412,0.9133814340042301,-0.26171145471008894,0.7134697017403171
2016-12-06 07:00:00,1.1425430002212524,0.5251421382913642,0.6174008619298882,2.1756833377315763
2016-12-06 08:00:00,2.2072789395650227,0.9228588357697494,1.2844201037952734,2.3917839370567964
2016-12-06 09:00:00,3.2614855098724367,1.297972254049929,1.9635132558225077,2.51275441342907
2016-12-06 10:00:00,2.3570350494384766,1.2004447757872727,1.156590273651204,1.9634681219656205
2016-12-06 11:00:00,2.453248490015666,0.7970755208892869,1.6561729691263793,3.077811858126829
2016-12-06 12:00:00,0.7683782535394033,0.6020031588663483,0.166375094673055,1.2763691389699041
2016-12-06 13:00:00,1.3739174098968505,0.9780674701470063,0.39584993974984417,1.4047266183899836
2016-12-06 14:00:00,2.4383651275634763,0.9679893328331889,1.4703757947302876,2.5189999980957163
2016-12-06 15:00:00,1.6136932986577353,1.5318750935537313,0.08181820510400395,1.0534104937460649
2016-12-06 16:00:00,1.3307082710266114,1.7362503571593666,-0.4055420861327552,0.7664264923197759
2016-12-06 17:00:00,1.3865396664937337,1.7372474684226331,-0.3507078019288994,0.7981244420823181
2016-12-06 18:00:00,2.269308662414551,2.346577222320192,-0.07726855990564108,0.9670718017840294
2016-12-06 19:00:00,2.068214772542318,2.5832500705890924,-0.5150352980467745,0.8006250715288573
2016-12-06 20:00:00,3.254355730692546,3.1764320658083505,0.07792366488419544,1.0245318216381767
2016-12-06 21:00:00,3.8820354487101234,3.530487544565769,0.35154790414435455,1.0995748886539671
2016-12-06 22:00:00,5.047782460530599,3.435016026100937,1.6127664344296622,1.4695076885158822
2016-12-06 23:00:00,6.000381149291993,3.6545874270892225,2.3457937222027705,1.6418764823670207
2016-12-07 00:00:00,6.007007619222005,3.3899778787993418,2.6170297404226632,1.771990211732461
2016-12-07 01:00:00,6.334272878011068,3.5662192167955364,2.7680536612155313,1.7761871867492192
2016-12-07 02:00:00,6.773419260660806,4.201128194458695,2.5722910662021112,1.6122857830415585
2016-12-07 03:00:00,6.0131630452473965,3.992420676010858,2.0207423692365385,1.5061446508827374
2016-12-07 04:00:00,5.118140696207682,4.3829373734691,0.7352033227385819,1.1677421464401778
2016-12-07 05:00:00,5.49469829305013,4.508922336410745,0.9857759566393849,1.2186278412202807
2016-12-07 06:00:00,7.259795359293619,4.642557328775455,2.6172380305181644,1.5637492108704882
2016-12-07 07:00:00,7.472081390380859,4.647112632470475,2.8249687579103844,1.607897630492461
2016-12-07 08:00:00,7.4696487630208335,5.505707518279062,1.963941244741772,1.3567100573761768
2016-12-07 09:00:00,8.890003763834635,6.423679006627969,2.4663247572066656,1.3839427148619825
2016-12-07 10:00:00,7.401958979288737,6.429637897856719,0.9723210814320176,1.1512248585190366
2016-12-07 11:00:00,7.045907033284505,6.238836981278315,0.80707005200619,1.1293622600539281
2016-12-07 12:00:00,6.711550313313802,6.5440207376351545,0.1675295756786479,1.025600404154463
2016-12-07 13:00:00,4.796123346964518,6.416376340135846,-1.620252993171328,0.7474816146558785
2016-12-07 14:00:00,4.224046264648437,5.940193648142591,-1.716147383494154,0.7110957175561494
2016-12-07 15:00:00,4.597088297526041,6.1701348542496985,-1.5730465567236571,0.7450547526298851
2016-12-07 16:00:00,6.571954091389974,6.725541408448116,-0.15358731705814233,0.9771635757286071
2016-12-07 17:00:00,7.54404844156901,6.915591661309946,0.6284567802590635,1.0908753453121063
2016-12-07 18:00:00,9.169719970703124,7.014236808039998,2.155483162663126,1.3073011678465754
2016-12-07 19:00:00,8.771402465820312,6.7489521947242554,2.022450271096057,1.299668780092565
2016-12-07 20:00:00,10.017062683105468,7.158093829472751,2.8589688536327174,1.3994036571386077
2016-12-07 21:00:00,10.047431294759114,8.06022947855152,1.9872018162075946,1.2465440743958458
2016-12-07 22:00:00,9.150347686767576,6.034453122705577,3.115894564061999,1.5163507778920273
2016-12-07 23:00:00,8.336697235107422,5.606693385833222,2.7300038492742003,1.4869186990271788
2016-12-08 00:00:00,6.64615625,5.443251227906768,1.2029050220932316,1.2209901714486573
2016-12-08 01:00:00,7.017369354248046,4.496902723813753,2.520466630434293,1.5604894713614628
2016-12-08 02:00:00,6.705533325195312,4.462895729878825,2.242637595316487,1.5025072802624897
2016-12-08 03:00:00,6.4205865376790365,5.5368571248005445,0.883729412878492,1.159608491416568
2016-12-08 04:00:00,6.897450042724609,5.628076961963298,1.2693730807613104,1.2255429499881079
2016-12-08 05:00:00,6.386669479370117,5.347217483542438,1.0394519958276796,1.1943911948647843
2016-12-08 06:00:00,6.745609751383463,4.749961187034845,1.9956485643486177,1.4201399728898412
2016-12-08 07:00:00,5.815573649088542,4.6980714383789,1.1175022107096417,1.2378640310959688
2016-12-08 08:00:00,6.347146224975585,5.775479614879382,0.5716666100962033,1.0989816687472012
2016-12-08 09:00:00,7.58108719889323,6.506336112698296,1.0747510861949339,1.1651853005407087
2016-12-08 10:00:00,9.477515889485677,7.825531407304393,1.651984482181284,1.211101891513631
2016-12-08 11:00:00,9.725462239583333,8.580973297680368,1.1444889419029654,1.1333751897599247
2016-12-08 12:00:00,9.745029215494792,9.885328181956877,-0.14029896646208506,0.9858073536983664
2016-12-08 13:00:00,8.635125704447429,8.281406243035827,0.35371946141160215,1.0427124875934035
2016-12-08 14:00:00,7.306113067626954,7.380063863037474,-0.07395079541052052,0.9899796537288928
2016-12-08 15:00:00,3.095036102294922,4.183848267476626,-1.0888121651817038,0.7397582092912774
2016-12-08 16:00:00,6.024648630777995,2.8147736481554597,3.2098749826225355,2.140367000638218
2016-12-08 17:00:00,2.5410142186482743,2.523135001732805,0.017879216915469343,1.007086111881921
2016-12-08 18:00:00,3.4029385274251305,2.3175571545933296,1.085381372831801,1.4683299269149015
2016-12-08 19:00:00,2.641516882578532,1.8625075689779722,0.7790093136005596,1.418258334395941
2016-12-08 20:00:00,3.2341897201538083,1.7953773979326622,1.4388123222211462,1.8013982597073501
2016-12-08 21:00:00,2.323430921554565,1.9304437447377205,0.3929871768168447,1.2035734933421942
2016-12-08 22:00:00,2.3958811630249026,2.302313369333392,0.09356779369151047,1.0406407724238695
2016-12-08 23:00:00,3.2010099232991536,2.8060537293766443,0.39495619392250925,1.140751472356963
2016-12-09 00:00:00,3.6402846120198564,2.5561334063252596,1.0841512056945968,1.4241371764915787
2016-12-09 01:00:00,2.6182247009277346,2.5200104261003724,0.09821427482736222,1.038973757334546
2016-12-09 02:00:00,2.1738780008951823,3.1364352480741875,-0.9625572471790051,0.6931046965595645
2016-12-09 03:00:00,2.3784792658487954,3.3156103878104495,-0.937131121961654,0.7173578881864605
2016-12-09 04:00:00,3.8077358144124345,3.745558219035746,0.062177595376688544,1.0166003548044424
2016-12-09 05:00:00,3.862044474283854,4.450943645833059,-0.5888991715492047,0.867691164299389
2016-12-09 06:00:00,6.631344813028971,5.150042601477024,1.481302211551947,1.2876291180828507
2016-12-09 07:00:00,9.417021199544271,5.295860622181829,4.121160577362442,1.778185241526348
2016-12-09 08:00:00,7.989593775431315,4.429962989080135,3.55963078635118,1.8035351074322008
2016-12-09 09:00:00,6.841501159667969,5.469200849929299,1.3723003097386695,1.2509142281283032
2016-12-09 10:00:00,7.196988739013672,5.468771151828887,1.7282175871847851,1.3160157079542134
2016-12-09 14:00:00,8.20823126220703,8.368271648811113,-0.16004038660408249,0.9808753356343517
2016-12-09 15:00:00,7.374464772542318,6.590519296202104,0.7839454763402136,1.1189504864650006
2016-12-09 16:00:00,4.6229757385253905,6.198387365719002,-1.5754116271936116,0.7458352416135472
2016-12-09 17:00:00,6.793689737955729,6.234372703290015,0.5593170346657139,1.0897150461297493
2016-12-09 18:00:00,7.671649556477864,6.591680452707537,1.0799691037703267,1.163838206587628
2016-12-09 19:00:00,7.333350311279297,6.652327817521311,0.6810224937579861,1.1023735619228305
2016-12-09 20:00:00,6.28413682047526,6.5837128420798114,-0.2995760216045511,0.9544974046119068
2016-12-09 21:00:00,6.7117504984537755,6.458369179913285,0.25338131854049006,1.0392330186587277
2016-12-09 22:00:00,6.039112223307292,5.980677237489314,0.05843498581797846,1.0097706302309184
2016-12-09 23:00:00,4.061318374633789,4.589115183920428,-0.527796809286639,0.884989417756181
2016-12-10 00:00:00,3.93717005666097,3.744653790695776,0.19251626596519422,1.0514109652656096
2016-12-10 01:00:00,3.088320477803548,3.2156542536577435,-0.1273337758541957,0.9604019071051074
2016-12-10 02:00:00,2.0579262339274087,2.991819424159254,-0.9338931902318452,0.6878510839623005
2016-12-10 03:00:00,0.9192093747456868,2.347367122688641,-1.428157747942954,0.3915916542670315
2016-12-10 04:00:00,2.5056016591389976,2.3123852082255545,0.19321645091344308,1.083557207608031
2016-12-10 05:00:00,1.5490845731099445,2.2611210707587355,-0.712036497648791,0.6850958107210677
2016-12-10 06:00:00,1.371979568481445,2.229237160776513,-0.8572575922950678,0.615448007336977
2016-12-10 07:00:00,3.279130605061849,1.6698375694263987,1.6092930356354502,1.9637422615831155
2016-12-10 08:00:00,4.182703170776367,1.5297550486289526,2.6529481221474147,2.7342306694951763
2016-12-10 09:00:00,3.007365303039551,1.2336438172387834,1.7737214858007675,2.437790601318636
2016-12-10 10:00:00,2.712497685750326,0.9988593794643754,1.7136383062859504,2.7155951493441104
2016-12-10 11:00:00,1.5358567301432293,1.0068561242025553,0.529000605940674,1.5253984091914325
2016-12-10 12:00:00,1.264040178934733,0.868795547884911,0.3952446310498221,1.4549339968558173
2016-12-10 13:00:00,0.24039525425434108,0.5833174644865946,-0.34292221023225355,0.41211736128271825
2016-12-10 14:00:00,0.0,0.30013029973818317,-0.30013029973818317,0.0
2016-12-10 15:00:00,0.0,0.2795867881382758,-0.2795867881382758,0.0
2016-12-10 16:00:00,0.0,0.3670228141837105,-0.3670228141837105,0.0
2016-12-10 17:00:00,0.08541759237647058,0.19479350424301825,-0.10937591186654767,0.4385032894623954
2016-12-10 18:00:00,2.0258177419900893,0.8856979624276818,1.1401197795624074,2.287255732684944
2016-12-10 19:00:00,9.743871805826823,5.208820711121043,4.535051094705779,1.8706483379286336
2016-12-10 20:00:00,4.512892725626627,5.284397158770803,-0.7715044331441758,0.8540033214831956
2016-12-10 21:00:00,1.542470017115275,2.242828122916376,-0.700358105801101,0.6877343838142991
2016-12-10 22:00:00,4.230924847920735,3.30464928111384,0.9262755668068952,1.2802946660937924
2016-12-10 23:00:00,6.838389175415038,3.7404818079489806,3.0979073674660578,1.828210783135645
2016-12-11 00:00:00,6.928634455362956,3.6886087158699823,3.2400257394929737,1.87838694452816
2016-12-11 01:00:00,5.561747314453125,3.9281782837355,1.6335690307176254,1.4158591878279474
2016-12-11 02:00:00,6.509985310872397,4.259964238537214,2.2500210723351826,1.5281783945462872
2016-12-11 03:00:00,6.73404594930013,3.8988446430141206,2.8352013062860095,1.7271901206338325
2016-12-11 04:00:00,5.804610544840496,3.9308985651786656,1.87371197966183,1.4766625107704012
2016-12-11 05:00:00,5.755647684733073,4.169855152484044,1.5857925322490285,1.3802991888829397
2016-12-11 06:00:00,5.655654810587565,3.9493654150736623,1.706289395513903,1.4320414082225608
2016-12-11 07:00:00,6.0326826070149755,3.2370205492732445,2.795662057741731,1.8636528607671012
2016-12-11 08:00:00,4.7615075785319005,2.9884960400012828,1.7730115385306178,1.59327886495371
2016-12-11 09:00:00,4.869162287394206,3.105683133391402,1.7634791540028045,1.5678232705205466
2016-12-11 10:00:00,3.616889785766601,2.6505639769050564,0.9663258088615447,1.3645736595235403
2016-12-11 11:00:00,4.800797821044922,2.7004330811476827,2.1003647398972394,1.7777881090852974
2016-12-11 12:00:00,3.290570907592773,2.170940638790633,1.11963026880214,1.5157350914144998
2016-12-11 13:00:00,2.2928132235209144,2.0146863895628844,0.27812683395803006,1.1380496912069644
2016-12-11 14:00:00,2.082513999938965,1.9267739533173693,0.15574004662159568,1.0808294332365531
2016-12-11 15:00:00,3.324423439025879,2.3969810680504984,0.9274423709753807,1.38692102467446
2016-12-11 16:00:00,4.663224802652995,2.184645938976466,2.478578863676529,2.1345448795413384
2016-12-11 17:00:00,3.0898386561075846,1.436251854254656,1.6535868018529285,2.1513209169787695
2016-12-11 18:00:00,2.855276568094889,1.6149293269486886,1.2403472411462002,1.7680504777814403
2016-12-11 19:00:00,2.2741945927937826,1.3765925905512255,0.897602002242557,1.65204622515303
2016-12-11 20:00:00,3.1029800516764325,1.368089426418594,1.7348906252578384,2.268112004782803
2016-12-11 21:00:00,4.395691335042317,1.5260113740884276,2.8696799609538894,2.8805102043673236
2016-12-11 22:00:00,4.5600439605712895,1.6066780346128615,2.953365925958428,2.838181553698815
2016-12-11 23:00:00,3.127718710581462,1.529520311958937,1.598198398622525,2.044901715999854
2016-12-12 00:00:00,0.7683132043083509,0.9931421309479336,-0.22482892663958265,0.7736185792208935
2016-12-12 01:00:00,0.022889462622503437,0.7280212003523333,-0.7051317377298298,0.031440653941706434
2016-12-12 02:00:00,0.04047375508149465,0.6191176412902586,-0.578643886208764,0.0653732867264874
2016-12-12 03:00:00,0.6468246554732322,0.735490218224269,-0.08866556275103676,0.8794469857599105
2016-12-12 04:00:00,0.8485298116207124,0.7851920712066452,0.06333774041406715,1.080665282720867
2016-12-12 05:00:00,1.4963144731521607,0.8627147771474569,0.6335996960047038,1.7344254587821992
2016-12-12 06:00:00,5.697371170043945,1.2069022500863327,4.490468919957612,4.720656680883972
2016-12-12 07:00:00,5.65093884531657,0.780675815093545,4.8702630302230245,7.238521721899944
2016-12-12 08:00:00,4.952383758544922,1.276192727713976,3.676191030830946,3.880592367436578
2016-12-12 09:00:00,7.460112284342448,2.396495524926309,5.0636167594161385,3.112925606056303
2016-12-12 10:00:00,5.48879428100586,2.7265255179596593,2.7622687630462006,2.0131094482157237
2016-12-12 11:00:00,5.074071716308594,3.018800845742137,2.055270870566457,1.6808236036720707
2016-12-12 12:00:00,4.549930653889974,2.65101366475481,1.8989169891351638,1.7162984538258852
2016-12-12 13:00:00,4.293640345255534,2.508438813872759,1.7852015313827754,1.7116783241870734
2016-12-12 14:00:00,4.018650492350261,2.5379147885818942,1.4807357037683668,1.5834457919667801
2016-12-12 15:00:00,2.512700434366862,2.9191168478166247,-0.40641641344976254,0.8607741880035584
2016-12-12 16:00:00,2.2186287841796877,2.8781300955483182,-0.6595013113686305,0.7708577133505191
2016-12-12 17:00:00,2.1540433781941735,2.6064779370625852,-0.4524345588684118,0.8264191871969994
2016-12-12 18:00:00,1.5974318873087565,2.1953075120749523,-0.5978756247661958,0.7276574596143489
2016-12-12 19:00:00,1.6367353757222496,2.429706888787758,-0.7929715130655084,0.6736349076817485
2016-12-12 20:00:00,2.6106950810750322,2.421585999225512,0.18910908184952024,1.078093068720253
2016-12-12 21:00:00,3.3939984359741207,2.4077724002783185,0.9862260356958021,1.4096010219162751
2016-12-12 22:00:00,2.465709537506104,2.70451641082993,-0.238806873323826,0.9117007120505718
2016-12-12 23:00:00,2.0560342725117997,2.650694710187782,-0.5946604376759823,0.7756586469990522
2016-12-13 00:00:00,1.451472929318746,2.0816401092334877,-0.6301671799147417,0.6972737135878954
2016-12-13 01:00:00,1.0209600610733032,2.1644448836147894,-1.1434848225414862,0.47169603107112684
2016-12-13 02:00:00,2.423271153132121,2.1811521192348695,0.24211903389725142,1.1110051113638901
2016-12-13 03:00:00,2.3836396993001303,1.6461186684104303,0.7375210308897,1.4480363688493278
2016-12-13 04:00:00,1.7374201380411785,1.4220328901481831,0.3153872478929953,1.2217861837640973
2016-12-13 05:00:00,1.9659727681477865,0.7871199415133582,1.1788528266344285,2.4976787709988697
2016-12-13 06:00:00,1.5689469022750855,0.6208442334709046,0.9481026688041809,2.527118426313954
2016-12-13 07:00:00,0.5433730981151264,0.4189748965780233,0.12439820153710307,1.2969108711598838
2016-12-13 08:00:00,1.4635955324172976,0.6755236101017164,0.7880719223155812,2.1666089986061596
2016-12-13 09:00:00,2.3107229080200193,0.9680354337077577,1.3426874743122617,2.3870230650230604
2016-12-13 10:00:00,3.0691032994588214,1.7491644082655184,1.319938891193303,1.7546111074270954
2016-12-13 11:00:00,3.2527225062052407,2.5299781145838436,0.7227443916213971,1.2856721911763578
2016-12-13 12:00:00,3.6491424662272136,2.7784507479582636,0.87069171826895,1.3133730979067293
2016-12-13 13:00:00,2.475789512634277,2.381879494613987,0.09391001802028986,1.0394268552345505
2016-12-13 14:00:00,1.959413380940755,2.1272453043836883,-0.1678319234429333,0.9211036343119074
2016-12-13 15:00:00,1.9102447090148924,2.7478936521457533,-0.8376489431308609,0.6951668990258177
2016-12-13 16:00:00,1.9140848388671876,2.717010802621228,-0.8029259637540402,0.704481865519482
2016-12-13 17:00:00,2.861958079020182,2.429773238416749,0.432184840603433,1.1778704422989885
2016-12-13 18:00:00,2.862928243001302,2.7920090488791174,0.0709191941221845,1.0254007751696421
2016-12-13 19:00:00,3.7083278503417967,3.356282799783952,0.3520450505578445,1.1048913549777468
2016-12-13 20:00:00,3.9648877665201825,3.7127832084024974,0.25210455811768506,1.0679017717886519
2016-12-13 21:00:00,3.396544001261393,3.7954951052158803,-0.3989511039544871,0.8948882575540048
2016-12-13 22:00:00,4.578584849039713,3.9546357188276047,0.6239491302121087,1.1577766385008745
2016-12-13 23:00:00,4.781628331502278,3.8856460956816474,0.8959822358206302,1.2305877101922353
2016-12-14 00:00:00,3.359562789916992,3.1285486378418037,0.2310141520751885,1.0738406778404925
2016-12-14 01:00:00,4.309208374023437,2.9657934275152495,1.3434149465081875,1.4529698306175372
2016-12-14 02:00:00,2.9956336034138995,2.91084729925051,0.08478630416338939,1.0291277059381372
2016-12-14 03:00:00,3.2606718978881837,2.8754500033062795,0.38522189458190415,1.133969254947561
2016-12-14 04:00:00,5.319663029988607,3.2695080005462245,2.050155029442383,1.6270530700949106
2016-12-14 05:00:00,2.867289624532064,3.1721480184426842,-0.3048583939106204,0.9038952810088964
2016-12-14 06:00:00,2.6855189056396482,2.72857970038539,-0.04306079474574176,0.9842186047416318
2016-12-14 07:00:00,2.204934107462565,2.1349754950738915,0.06995861238867329,1.032767876048269
2016-12-14 08:00:00,2.6307258682250976,2.1464615222180368,0.4842643460070608,1.225610541346508
2016-12-14 09:00:00,2.720559804280599,2.248105442500123,0.4724543617804762,1.2101566736367395
2016-12-14 10:00:00,3.820109873453776,2.6169156979354935,1.2031941755182824,1.459775672738519
2016-12-14 11:00:00,4.342315165201823,2.8670861335625863,1.4752290316392367,1.5145394881479006
2016-12-14 12:00:00,4.51143613688151,3.0692350376075885,1.4422010992739218,1.4698894289953404
2016-12-14 13:00:00,1.8774299087524415,2.867675271566616,-0.9902453628141745,0.6546870656407335
2016-12-14 14:00:00,2.786363728841146,2.9519517071526873,-0.16558797831154148,0.9439055937431782
2016-12-14 15:00:00,3.0558170433044434,2.8804287160341238,0.1753883272703196,1.0608896607279352
2016-12-14 16:00:00,2.5301593577067063,2.7860523323855357,-0.25589297467882943,0.9081521291957488
2016-12-14 17:00:00,3.3430374755859376,2.704613576546158,0.6384238990397795,1.2360499498250166
2016-12-14 18:00:00,4.94420767211914,2.822523763723018,2.1216839083961223,1.751697447392804
2016-12-14 19:00:00,4.585019170125325,3.12401438326842,1.4610047868569054,1.4676690333699318
2016-12-14 20:00:00,4.284589935302734,3.1085596423784785,1.1760302929242559,1.3783200029015463
2016-12-14 21:00:00,7.183604660034181,2.9624773204438757,4.221127339590305,2.424864018522796
2016-12-14 22:00:00,7.067775360107421,2.075776377738142,4.99199898236928,3.404882836083135
2016-12-14 23:00:00,5.198419560750326,1.9761067102586947,3.222312850491631,2.6306370672005834
2016-12-15 00:00:00,3.6923713938395184,2.0503530485009107,1.6420183453386077,1.8008466378700723
2016-12-15 01:00:00,2.1809945271809896,2.0920607876091566,0.08893373957183304,1.0425101125639222
2016-12-15 02:00:00,4.433657043457031,2.187800438194195,2.245856605262836,2.026536317506436
2016-12-15 03:00:00,2.913944946289062,2.4293370433039283,0.4846079029851338,1.1994815434609523
2016-12-15 04:00:00,2.8092350921630858,2.6217213340454975,0.1875137581175883,1.0715231461416388
2016-12-15 05:00:00,4.350866444905599,2.5241102615552244,1.826756183350375,1.7237228147968557
2016-12-15 06:00:00,3.7854446563720705,2.815189583013029,0.9702550733590414,1.3446499941650825
2016-12-15 07:00:00,4.071379969278971,2.2951717186510145,1.7762082506279566,1.7738890455098155
2016-12-15 08:00:00,3.729814862569173,2.2449491879731873,1.4848656745959858,1.661425070353851
2016-12-15 09:00:00,2.718918805440267,2.242942393863243,0.47597641157702375,1.2122107161018978
2016-12-15 10:00:00,2.4192003809611005,2.215101072447883,0.20409930851321745,1.0921399529131506
2016-12-15 11:00:00,1.9610052909851075,2.86197758096673,-0.9009722899816224,0.685192401235621
2016-12-15 12:00:00,1.5866911544799804,2.7890304223058613,-1.2023392678258809,0.5689042119404945
2016-12-15 13:00:00,2.6097231419881184,2.823478853800996,-0.21375571181287745,0.9242934964697478
2016-12-15 14:00:00,2.373432378133138,2.756961880651936,-0.3835295025187979,0.8608869040916499
2016-12-15 15:00:00,3.3146749394734702,2.44816266475357,0.8665122747199003,1.3539439136112807
2016-12-15 16:00:00,3.441905433654785,2.991499532776379,0.45040590087840604,1.1505619158363662
2016-12-15 17:00:00,1.8693051490783692,3.1241901084504646,-1.2548849593720954,0.5983327147801216
2016-12-15 18:00:00,2.4087749989827474,3.143037057687725,-0.7342620587049775,0.7663845366032176
2016-12-15 19:00:00,2.1209954160054525,3.2672238259483612,-1.1462284099429088,0.6491735886474816
2016-12-15 20:00:00,1.8676558761596678,3.142266614452722,-1.274610738293054,0.5943658210189625
2016-12-15 21:00:00,2.1897864913940426,2.9806706582792417,-0.7908841668851991,0.7346623436277991
2016-12-15 22:00:00,1.4231727485656738,2.067139233756002,-0.6439664851903284,0.6884745474932339
2016-12-15 23:00:00,1.3303576304117837,2.071232646041257,-0.7408750156294734,0.6423023666387712
2016-12-16 00:00:00,1.239694496154785,2.2847854351941654,-1.0450909390393803,0.542586834220358
2016-12-16 01:00:00,1.7832174326578776,2.0132045985379365,-0.22998716588005896,0.885760659375066
2016-12-16 02:00:00,2.349154396057129,1.8950555005400211,0.4540988955171077,1.2396230059687994
2016-12-16 03:00:00,2.4811362724304193,1.6770139293106157,0.8041223431198037,1.4794965200142143
2016-12-16 04:00:00,0.912512056350708,1.3335618149767863,-0.4210497586260783,0.6842667854632538
2016-12-16 05:00:00,0.9372199166615803,1.1518729864283954,-0.21465306976681509,0.8136486641358016
2016-12-16 06:00:00,1.9972273953755697,1.132930931849349,0.8642964635262207,1.7628853968311902
2016-12-16 07:00:00,1.3536148128509522,0.5266469182971664,0.8269678945537858,2.570251084403308
2016-12-16 08:00:00,0.8704964062372843,0.524601949754337,0.34589445648294725,1.6593464943180716
2016-12-16 09:00:00,0.17392202196518577,0.6624418277128671,-0.4885198057476813,0.26254686025136026
2016-12-16 10:00:00,0.0029045160114765166,1.0072427678305909,-1.0043382518191144,0.0028836305449303854
2016-12-16 11:00:00,0.1585077009598414,0.7684317415337527,-0.6099240405739113,0.20627427576516774
2016-12-16 12:00:00,0.0,0.6717810593977072,-0.6717810593977072,0.0
2016-12-16 13:00:00,0.02741359981894493,0.5016038427594173,-0.47419024294047235,0.05465189355037144
2016-12-16 14:00:00,0.10298365858197212,0.347632420311427,-0.24464876172945488,0.29624296401847117
2016-12-16 15:00:00,0.12067792717615763,0.3025501644311949,-0.1818722372550373,0.39886915084986463
2016-12-16 16:00:00,0.0835564326743285,0.26390904775537083,-0.18035261508104233,0.31661071640022254
2016-12-16 17:00:00,0.006130840102831523,0.368625448566421,-0.36249460846358944,0.01663162466583431
2016-12-16 18:00:00,0.31747360767920807,0.4120000913675315,-0.09452648368832345,0.7705668380447044
2016-12-16 19:00:00,0.21419478917121887,0.6710752983660414,-0.45688050919482254,0.3191814535458959
2016-12-16 20:00:00,0.15351480034987133,0.6943608160635121,-0.5408460157136408,0.22108793698956306
2016-12-16 21:00:00,0.6879940383434295,0.7481531668525524,-0.06015912850912286,0.9195898230810013
2016-12-16 22:00:00,1.5162014655272167,0.8668575388735693,0.6493439266536474,1.7490780174761262
2016-12-16 23:00:00,1.00029619093736,1.0256951435869226,-0.0253989526495626,0.9752373277690086
2016-12-17 00:00:00,1.1008656689325969,0.7292848694549745,0.37158079947762235,1.509513929385811
2016-12-17 01:00:00,1.7836202748616536,1.104617117653041,0.6790031572086126,1.614695487112564
2016-12-17 02:00:00,2.318989874521891,1.0416735179382697,1.2773163565836214,2.226215637229357
2016-12-17 03:00:00,2.1370388183593754,1.0178454664770722,1.1191933518823032,2.0995709945597265
2016-12-17 04:00:00,3.5691103223164875,1.3249346032612204,2.244175719055267,2.693801123113102
2016-12-17 05:00:00,1.68968741162618,0.9994970318460471,0.6901903797801329,1.6905376982514573
2016-12-17 06:00:00,1.017499251683553,0.9196736450825883,0.09782560660096473,1.106369914071181
2016-12-17 07:00:00,0.46892340064545474,0.27672541206846696,0.19219798857698778,1.6945440505096598
2016-12-17 08:00:00,0.6520731763442358,0.12323369345703727,0.5288394828871985,5.2913546454043985
2016-12-17 09:00:00,0.9425197319587072,0.10207429061007135,0.8404454413486359,9.23366428828957
2016-12-17 10:00:00,0.05952980333566666,0.09346572074545133,-0.03393591740978467,0.6369158966611166
2016-12-17 11:00:00,0.00017069151004155478,0.07880641838553955,-0.078635726875498,0.002165959493381513
2016-12-17 12:00:00,0.0,0.11248995447118612,-0.11248995447118612,0.0
2016-12-17 13:00:00,0.0,-0.07232920768497306,0.07232920768497306,-0.0
2016-12-17 14:00:00,0.0,-0.1599704205285465,0.1599704205285465,-0.0
2016-12-17 15:00:00,0.0,0.17965045372883925,-0.17965045372883925,0.0
2016-12-17 16:00:00,0.18150561492641767,0.12950657808446894,0.05199903684194873,1.4015165685872193
2016-12-17 17:00:00,0.2785811078064143,0.18594019082224442,0.0926409169841699,1.498229654247978
2016-12-17 18:00:00,0.5055102554957072,0.41336262774354193,0.09214762775216523,1.2229220097984652
2016-12-17 19:00:00,0.7070990890661876,0.5636431615699273,0.14345592749626024,1.2545155113683795
2016-12-17 20:00:00,0.7921728001435597,0.5979975187040889,0.19417528143947083,1.324709175817761
2016-12-17 21:00:00,1.470741013209025,0.8026986836292479,0.6680423295797772,1.8322454530003116
2016-12-17 22:00:00,1.340754428823789,1.3919173116937251,-0.0511628828699362,0.9632428719435354
2016-12-17 23:00:00,1.2772296001116434,1.4650945796167254,-0.18786497950508196,0.8717727973888019
2016-12-18 00:00:00,0.8406378692189851,1.624174211753946,-0.7835363425349609,0.5175786335821575
2016-12-18 01:00:00,0.09954929133256277,1.120111611142393,-1.0205623198098301,0.0888744392454188
2016-12-18 02:00:00,0.48966753711303074,0.8706487620820815,-0.3809812249690508,0.56241685331526
2016-12-18 03:00:00,0.6494114130338033,1.0325550191229187,-0.38314360608911535,0.6289363772454776
2016-12-18 04:00:00,0.8933498140970866,1.53582558604962,-0.6424757719525334,0.5816740014046257
2016-12-18 05:00:00,0.7579867909749349,1.5491080881247783,-0.7911212971498434,0.489305295599154
2016-12-18 06:00:00,0.8388898544311523,1.5733085228215349,-0.7344186683903826,0.5332011123455346
2016-12-18 07:00:00,0.522831118663152,1.0227335069864627,-0.4999023883233107,0.5112095331693014
2016-12-18 08:00:00,0.33256658576925596,0.6892323055745928,-0.35666571980533684,0.48251740825178663
2016-12-18 09:00:00,0.6103917135794957,0.6236354681403137,-0.013243754560817944,0.978763628373622
2016-12-18 10:00:00,0.8681416200796763,0.7800296157115415,0.08811200436813482,1.112959819208607
2016-12-18 11:00:00,0.55840228108565,1.111188801552713,-0.5527865204670629,0.5025269155928948
2016-12-18 12:00:00,0.4629156433343888,0.9628228065803047,-0.49990716324591594,0.4807900687132083
2016-12-18 13:00:00,0.0017638586362202962,0.6317239114490544,-0.6299600528128341,0.002792135305080253
2016-12-18 14:00:00,0.2574754117925962,1.0037244901773819,-0.7462490783847857,0.25652000555161725
2016-12-18 15:00:00,0.19637505676349007,0.9405363196063974,-0.7441612628429073,0.20879050885102507
2016-12-18 16:00:00,0.2201824695269267,1.2258429424757313,-1.0056604729488046,0.17961719393044168
2016-12-18 17:00:00,0.9161685212453207,1.6633179693064055,-0.7471494480610849,0.5508078059346392
2016-12-18 18:00:00,0.30473739564418795,1.9613138596581092,-1.6565764640139213,0.15537411013722655
2016-12-18 19:00:00,0.5545461905797322,0.9334696206712342,-0.378923430091502,0.5940698854034181
2016-12-18 20:00:00,0.4582839868366718,0.48826051232133516,-0.02997652548466334,0.9386054683346272
2016-12-18 21:00:00,0.3801237044731776,0.6446025628177953,-0.26447885834461765,0.5897024405418385
2016-12-18 22:00:00,0.048981645961602524,0.7242334167948515,-0.675251770833249,0.06763240251792635
2016-12-18 23:00:00,0.5221552908718586,0.6939268217069254,-0.1717715308350668,0.7524644883843197
2016-12-19 00:00:00,0.6561654158035913,1.1035938737142823,-0.44742845791069097,0.5945714555257408
2016-12-19 01:00:00,0.9307358478655419,1.1955704352561514,-0.2648345873906095,0.7784868380976077
2016-12-19 02:00:00,0.9820620841483273,1.2104258632499458,-0.22836377910161854,0.8113360049260094
2016-12-19 03:00:00,0.860663155913353,1.1120692319362804,-0.2514060760229274,0.7739294741702444
2016-12-19 04:00:00,2.0330724271138507,0.6708370597090281,1.3622353674048227,3.030650137301128
2016-12-19 05:00:00,1.8697685456275939,0.40738908904945037,1.4623794565781436,4.589638249738776
2016-12-19 06:00:00,1.2228322690327962,0.2729476306789245,0.9498846383538717,4.48009849358702
2016-12-19 07:00:00,0.7563355719248452,-0.010574426175590805,0.766909998100436,-71.524975385493
2016-12-19 08:00:00,0.6343205734888713,-0.10191935830976431,0.7362399317986356,-6.223749678260098
2016-12-19 09:00:00,0.10509401072561741,-0.006559534135252291,0.1116535448608697,-16.02156625130137
2016-12-19 10:00:00,0.0,-0.11325488658821675,0.11325488658821675,-0.0
2016-12-19 11:00:00,0.0,-0.12680755465085986,0.12680755465085986,-0.0
2016-12-19 12:00:00,0.0,-0.14749185174837653,0.14749185174837653,-0.0
2016-12-19 13:00:00,0.0,-0.2839944161262959,0.2839944161262959,-0.0
2016-12-19 14:00:00,0.0,-0.28273451182718606,0.28273451182718606,-0.0
2016-12-19 15:00:00,0.0,0.17630870084399627,-0.17630870084399627,0.0
2016-12-19 16:00:00,0.0,0.13201210971919566,-0.13201210971919566,0.0
2016-12-19 17:00:00,0.0,0.2436156371627737,-0.2436156371627737,0.0
2016-12-19 18:00:00,0.11027249898388981,0.3876430251421388,-0.277370526158249,0.28446919415989935
2016-12-19 19:00:00,0.03701684242486953,0.7951014636095376,-0.758084621184668,0.04655612411631523
2016-12-19 20:00:00,0.27928380706906325,1.195850306548803,-0.9165664994797398,0.23354411964409658
2016-12-19 21:00:00,0.10899071513613064,0.9198678409549542,-0.8108771258188235,0.11848518915824115
2016-12-19 22:00:00,0.18489608131845792,0.6325744890430062,-0.44767840772454826,0.2922913973312123
2016-12-19 23:00:00,0.0,0.3752643580693792,-0.3752643580693792,0.0
2016-12-20 00:00:00,0.001509756088256836,0.4211954742926697,-0.41968571820441286,0.003584454678180551
2016-12-20 01:00:00,0.4091186503171921,0.7186966487109762,-0.3095779983937841,0.5692508112441736
2016-12-20 02:00:00,0.19119405995806057,0.7483897471421982,-0.5571956871841376,0.2554739167501351
2016-12-20 03:00:00,0.7720291582743327,0.8672504787357058,-0.0952213204613731,0.8902032079588027
2016-12-20 04:00:00,0.5464951341152191,1.1884648801495141,-0.641969746034295,0.4598328004833156
2016-12-20 05:00:00,0.7780532924334207,1.706628627717916,-0.9285753352844952,0.45590076235497384
2016-12-20 06:00:00,0.989327293395996,1.8815389098216775,-0.8922116164256815,0.525807512261205
2016-12-20 07:00:00,1.2750708161989848,1.4317216576492615,-0.15665084145027675,0.8905856870898488
2016-12-20 08:00:00,1.4593665148417156,1.623855535527163,-0.16448902068544746,0.8987046463883572
2016-12-20 09:00:00,1.7807605425516766,1.8514142058707024,-0.07065366331902578,0.961838003027638
2016-12-20 10:00:00,1.4720412139892578,1.7438565766576857,-0.2718153626684279,0.8441297487953997
2016-12-20 11:00:00,1.7970930099487306,1.5838271806117017,0.21326582933702887,1.134652209500952
2016-12-20 12:00:00,1.4386617279052734,1.5334695045883384,-0.09480777668306506,0.9381743318667976
2016-12-20 13:00:00,1.6065941365559897,1.7369724026232933,-0.13037826606730363,0.9249393566239754
2016-12-20 14:00:00,1.4971891670227053,1.6160030725390957,-0.11881390551639037,0.9264766834077193
2016-12-20 15:00:00,2.3707969500223793,2.314958814948712,0.055838135073667416,1.0241205738577706
2016-12-20 16:00:00,3.02960245513916,2.419368390583432,0.610234064555728,1.2522286671723317
2016-12-20 17:00:00,4.220058102925618,2.8901656417230095,1.3298924612026086,1.4601440284266116
2016-12-20 18:00:00,5.519694046020507,3.1283182204844686,2.3913758255360382,1.7644285705581757
2016-12-20 19:00:00,5.252751368204752,3.9048140100750737,1.3479373581296783,1.3451988634162277
2016-12-20 20:00:00,8.171491434733072,4.671754128599982,3.49973730613309,1.749127032329906
2016-12-20 21:00:00,7.087032541910808,4.750112809588678,2.336919732322129,1.4919714175218688
2016-12-20 22:00:00,7.686802836100261,5.214004313464094,2.4727985226361673,1.4742609276809906
2016-12-20 23:00:00,8.56153608194987,6.35516475362878,2.2063713283210893,1.3471776757732767
2016-12-21 00:00:00,8.835629516601562,6.687712696438322,2.147916820163241,1.3211736086251369
2016-12-21 01:00:00,8.420606760660808,6.714699734653111,1.7059070260076972,1.2540555934621886
2016-12-21 02:00:00,8.384186482747396,6.8622292395071485,1.521957243240247,1.2217875839061236
2016-12-21 03:00:00,8.090285929361979,6.678427035403134,1.4118588939588452,1.2114059023890527
2016-12-21 04:00:00,8.051596638997395,6.490779071767768,1.5608175672296278,1.240466906972469
2016-12-21 05:00:00,9.763164998372396,6.031713570359109,3.731451428013287,1.6186386976911982
2016-12-21 06:00:00,7.126537882486979,6.415666592380406,0.7108712901065735,1.1108024053105943
2016-12-21 07:00:00,3.1268179206848146,5.380355465526136,-2.253537544841321,0.5811545242167468
2016-12-21 08:00:00,3.4530880737304686,3.657678942122085,-0.20459086839161644,0.9440653836411026
2016-12-21 09:00:00,6.182345677693685,3.0609116783114816,3.1214339993822033,2.0197726453525466
2016-12-21 10:00:00,5.956359436035157,3.0330703568961215,2.923289079139036,1.9638052320456456
2016-12-21 11:00:00,6.949366470336914,3.806774321666419,3.1425921486704946,1.8255262548095632
2016-12-21 12:00:00,5.694054712931314,3.689907610561096,2.004147102370218,1.5431428951321258
2016-12-21 13:00:00,7.397098856608073,4.382513507248407,3.014585349359666,1.6878667560005753
2016-12-21 14:00:00,6.3910869700113935,5.044597675950543,1.3464892940608504,1.2669170825019527
2016-12-21 15:00:00,6.283463653564453,3.6652829133896283,2.6181807401748243,1.7143188676132912
2016-12-21 16:00:00,4.149700289408367,3.095628321583129,1.0540719678252377,1.3405033997383047
2016-12-21 17:00:00,2.1202001419067384,2.574935215422383,-0.45473507351564457,0.8233994118407164
2016-12-21 18:00:00,2.439381820678711,1.851827875023284,0.5875539456554268,1.317283238674674
2016-12-21 19:00:00,2.3807294400533037,1.6702321503849318,0.7104972896683719,1.4253883446709048
2016-12-21 20:00:00,1.684819351196289,1.7413241241124604,-0.0565047729161714,0.9675506862084212
2016-12-21 21:00:00,4.1614950764973955,1.7476102242677012,2.4138848522296943,2.38124898716542
2016-12-21 22:00:00,2.577698087056478,1.8641078866409353,0.7135902004155426,1.3828052043175516
2016-12-21 23:00:00,3.6788295008341474,1.8113786953670559,1.8674508054670915,2.0309554872448543
2016-12-22 00:00:00,3.1112021255493163,1.9354830569130488,1.1757190686362675,1.6074551076212735
2016-12-22 01:00:00,1.961922222137451,1.993126189062976,-0.03120396692552485,0.9843442090637549
2016-12-22 02:00:00,2.5625930074055994,2.407243225986333,0.15534978141926636,1.0645343103439886
2016-12-22 03:00:00,2.3909028447469076,2.8093493798039666,-0.418446535057059,0.851052155326349
2016-12-22 04:00:00,3.6694124336242675,3.189117618528124,0.4802948150961437,1.1506042964065448
2016-12-22 05:00:00,4.186431503295898,3.2126896650304806,0.9737418382654175,1.3030924053650166
2016-12-22 06:00:00,3.291443623860677,3.565332930957337,-0.27388930709666015,0.9231798790181658
2016-12-22 07:00:00,4.289679224650065,2.79428705847676,1.4953921661733052,1.535160538226335
2016-12-22 08:00:00,7.0517026163736976,3.3343439623388607,3.717358654034837,2.1148695803498665
2016-12-22 09:00:00,7.714243754069011,3.5450282259950243,4.1692155280739875,2.176074000624851
2016-12-22 10:00:00,4.24767749786377,4.248046110459818,-0.00036861259604759056,0.9999132277318883
2016-12-22 11:00:00,2.9828097813924157,5.219767767203982,-2.2369579858115665,0.571444921387793
2016-12-22 12:00:00,3.363648239135742,5.874861878081798,-2.5112136389460558,0.5725493311910862
2016-12-22 13:00:00,5.112180629730225,5.971744728075764,-0.8595640983455395,0.8560614799382908
2016-12-22 14:00:00,6.921623397827149,5.270594767424272,1.6510286304028776,1.313252811733377
2016-12-22 15:00:00,7.71095649210612,5.144949002921738,2.566007489184382,1.498743036661235
2016-12-22 16:00:00,4.683150054931641,4.8261379011510375,-0.14298784621939653,0.9703722004741526
2016-12-22 17:00:00,5.422012499491373,4.152604008162253,1.26940849132912,1.305689752462311
2016-12-22 18:00:00,4.304871353149414,4.1222658511122106,0.1826055020372035,1.0442973618472315
2016-12-22 19:00:00,6.2714412434895825,4.527073873221453,1.7443673702681295,1.3853189541673732
2016-12-22 20:00:00,5.594048548380534,4.72987058718329,0.8641779611972442,1.182706470561571
2016-12-22 21:00:00,6.298933517456055,4.925550610166213,1.3733829072898418,1.2788283008310206
2016-12-22 22:00:00,6.493094614664714,4.830637471243575,1.6624571434211388,1.3441486042613677
2016-12-22 23:00:00,7.389357172648112,4.368617993237393,3.020739179410719,1.6914633378534845
2016-12-23 00:00:00,3.8972306531270346,4.007900578005536,-0.11066992487850147,0.9723870583302806
2016-12-23 01:00:00,2.721283795674642,3.597429395587363,-0.876145599912721,0.7564523153706898
2016-12-23 02:00:00,4.210977951049804,3.8879113569844392,0.32306659406536475,1.0830951542876592
2016-12-23 03:00:00,6.34193657430013,3.5672116914286027,2.774724882871527,1.7778413850623764
2016-12-23 04:00:00,7.229504028320313,4.383148524320263,2.8463555040000497,1.6493860493676658
2016-12-23 05:00:00,6.327572580973307,4.2675288654294725,2.0600437155438343,1.4827251977677056
2016-12-23 06:00:00,6.928779022216797,5.340960881807103,1.587818140409694,1.2972907264343152
2016-12-23 07:00:00,9.598398264567058,5.211373504474819,4.387024760092238,1.8418173743112556
2016-12-23 08:00:00,10.281872782389323,6.514610488178918,3.767262294210405,1.5782789778523656
2016-12-23 09:00:00,11.26875146484375,9.12602758154228,2.1427238833014695,1.2347926153143791
2016-12-23 10:00:00,11.942621948242188,11.078047410792745,0.8645745374494425,1.0780439463191982
2016-12-23 11:00:00,12.255927876790366,10.53883703883291,1.717090837957457,1.1629298215382227
2016-12-23 12:00:00,12.19255615234375,10.275770552787742,1.9167855995560075,1.1865344880667852
2016-12-23 13:00:00,12.251721130371093,11.465419043608616,0.7863020867624773,1.0685803182397247
2016-12-23 14:00:00,12.267893819173176,10.728236670321833,1.5396571488513437,1.1435144652532312
2016-12-23 15:00:00,12.268583170572917,9.971637824566937,2.2969453460059803,1.2303478512172834
2016-12-23 16:00:00,12.266589457194009,8.324434725680698,3.9421547315133108,1.4735642552823256
2016-12-23 17:00:00,12.026103149414062,9.00008048836972,3.026022661044342,1.3362217332339077
2016-12-23 18:00:00,10.33541108194987,6.80598660881494,3.52942447313493,1.518576464514889
2016-12-23 19:00:00,7.33435610961914,7.3411531510743835,-0.006797041455243402,0.9990741180145181
2016-12-23 20:00:00,7.443775166829427,6.469827390108374,0.9739477767210536,1.1505369027634507
2016-12-23 21:00:00,10.945384277343749,6.097087641674628,4.84829663566912,1.7951823756854322
2016-12-23 22:00:00,8.057775370279948,5.271672320460714,2.7861030498192347,1.5285045959715011
2016-12-23 23:00:00,10.039029866536456,5.106657631183501,4.932372235352955,1.9658709456521457
2016-12-24 00:00:00,5.319939982096354,5.4981198573025525,-0.17817987520619827,0.9675925807674889
2016-12-24 01:00:00,5.871032206217448,6.3536125857462755,-0.4825803795288275,0.9240463007436981
2016-12-24 02:00:00,8.632241017659505,6.475857522561769,2.156383495097735,1.3329881004307051
2016-12-24 03:00:00,11.604068196614582,8.252615943957368,3.3514522526572144,1.4061078663319084
2016-12-24 04:00:00,6.831099853515624,8.57556655964351,-1.744466706127886,0.7965770898056671
2016-12-24 05:00:00,10.43276819864909,8.985652265492659,1.4471159331564305,1.1610473998324804
2016-12-24 06:00:00,12.151763407389321,9.1843377914425,2.967425615946821,1.3230963062695404
2016-12-24 07:00:00,12.08520127360026,8.43794309918008,3.6472581744201804,1.4322449359458926
2016-12-24 08:00:00,11.625347534179687,10.038187629975011,1.5871599042046753,1.1581121974115387
2016-12-24 09:00:00,11.293131571451823,10.20774533391834,1.0853862375334842,1.1063296743823494
2016-12-24 10:00:00,12.222956339518229,9.863972574063201,2.3589837654550276,1.2391514927421687
2016-12-24 11:00:00,11.996467590332031,10.444896357583328,1.551571232748703,1.1485482650694003
2016-12-24 12:00:00,11.818650777180991,10.613975565119965,1.2046752120610265,1.1134989622568827
2016-12-24 13:00:00,12.02467940266927,10.244971333301976,1.7797080693672935,1.1737152805476607
2016-12-24 14:00:00,11.861428914388021,9.601774069119184,2.2596548452688374,1.235337222996763
2016-12-24 15:00:00,11.179519236246746,9.05754887564454,2.121970360602205,1.2342764460601605
2016-12-24 16:00:00,10.475939107259114,8.99156388791699,1.4843752193421231,1.1650853219579356
2016-12-24 17:00:00,11.218880452473957,8.912436279216282,2.3064441732576757,1.2587894152619392
2016-12-24 18:00:00,10.24367891438802,8.71316538118662,1.5305135332014004,1.1756552832689335
2016-12-24 19:00:00,8.933525085449219,9.492023277527762,-0.5584981920785435,0.9411613124252676
2016-12-24 20:00:00,8.578868509928386,9.291144846165096,-0.7122763362367106,0.9233381517530962
2016-12-24 21:00:00,8.993645772298176,9.023373384099521,-0.029727611801344977,0.9967054880103122
2016-12-24 22:00:00,10.758059071858725,9.788998883871562,0.9690601879871625,1.0989948205616606
2016-12-24 23:00:00,11.053846150716144,10.363858962315145,0.6899871884009983,1.0665762811815478
2016-12-25 00:00:00,11.737053873697917,10.7525326135216,0.9845212601763169,1.0915618018157187
2016-12-25 01:00:00,11.6669013671875,10.28635173960172,1.3805496275857791,1.1342117849490565
2016-12-25 02:00:00,11.688601786295573,10.399860410616403,1.2887413756791695,1.123919103218308
2016-12-25 03:00:00,11.589874348958332,10.252484050644092,1.33739029831424,1.130445489279276
2016-12-25 04:00:00,11.461726053873697,10.139041721918835,1.3226843319548625,1.1304545703856264
2016-12-25 05:00:00,10.973830759684244,9.918636561093706,1.055194198590538,1.1063850048432649
2016-12-25 06:00:00,12.081946614583332,9.987997517191143,2.093949097392189,1.2096465376356096
2016-12-25 07:00:00,11.857197509765626,10.2560459650688,1.601151544696826,1.1561178206640463
2016-12-25 08:00:00,11.650652099609374,10.21489966194513,1.4357524376642434,1.1405547274255698
2016-12-25 09:00:00,10.072085530598958,10.150114024959692,-0.07802849436073345,0.9923125499704873
2016-12-25 10:00:00,11.895896728515627,10.03296530688524,1.8629314216303872,1.1856810389199621
2016-12-25 11:00:00,12.01200996907552,10.40591812670347,1.6060918423720487,1.154344078323135
2016-12-25 12:00:00,11.94443611653646,10.16857363909286,1.7758624774435994,1.1746422399515635
2016-12-25 13:00:00,12.048228881835938,9.428158291807875,2.620070590028062,1.277898451525219
2016-12-25 14:00:00,11.259315165201825,9.903041324966852,1.356273840234973,1.1369552843140855
2016-12-25 15:00:00,11.442227945963541,10.028933133174181,1.4132948127893599,1.1409217505014961
2016-12-25 16:00:00,10.610226765950522,9.888215519300235,0.7220112466502862,1.0730173452673069
2016-12-25 17:00:00,12.114066528320313,9.541304599826283,2.57276192849403,1.2696446698222874
2016-12-25 18:00:00,11.942606282552084,9.483717284415338,2.4588889981367466,1.2592748101187556
2016-12-25 19:00:00,12.196098714192708,9.305196086580752,2.890902627611956,1.310676164232691
2016-12-25 20:00:00,12.125942097981772,7.520329276948486,4.6056128210332865,1.6124216974315917
2016-12-25 21:00:00,12.139724812825522,7.1580383963720875,4.981686416453434,1.6959569285040863
2016-12-25 22:00:00,12.113712320963542,8.3306163657483,3.7830959552152414,1.4541195740053052
2016-12-25 23:00:00,10.498602569580077,9.894993771247872,0.6036087983322052,1.0610014328746853
2016-12-26 00:00:00,8.365665522257487,8.029334378088333,0.33633114416915433,1.0418877989546662
2016-12-26 01:00:00,4.893085093180338,6.4549810616873895,-1.5618959685070513,0.758032447565577
2016-12-26 02:00:00,6.050237599690755,6.126994162350091,-0.0767565626593365,0.9874723950071636
2016-12-26 03:00:00,7.889895345052083,6.894797102161873,0.9950982428902098,1.1443259646579296
2016-12-26 04:00:00,11.098338317871093,7.780485532749089,3.317852785122004,1.4264326141545698
2016-12-26 05:00:00,10.99717881266276,8.318442897054005,2.6787359156087547,1.3220237187127215
2016-12-26 06:00:00,8.316106992085775,7.4092807405235135,0.9068262515622614,1.1223905913839334
2016-12-26 07:00:00,7.229636871337891,7.243894407421034,-0.014257536083142952,0.9980317857658807
2016-12-26 08:00:00,5.668583536783854,7.198458036111099,-1.5298744993272448,0.7874719152834367
2016-12-26 09:00:00,6.872417907714843,6.804112058479068,0.06830584923577554,1.0100389071562474
2016-12-26 10:00:00,10.45788916015625,6.1144037385743015,4.343485421581949,1.7103694174102284
2016-12-26 11:00:00,10.800441955566406,5.934389125726538,4.866052829839868,1.8199753549602504
2016-12-26 12:00:00,11.472169698079426,8.23761814446695,3.2345515536124765,1.3926561655185563
2016-12-26 13:00:00,11.261934448242187,8.053758362887304,3.208176085354882,1.3983452123593063
2016-12-26 14:00:00,9.316499287923179,9.053116231385246,0.2633830565379327,1.02909308240458
2016-12-26 15:00:00,7.059139027913411,7.991971718076384,-0.9328326901629724,0.8832787798719214
2016-12-26 16:00:00,8.874811737060545,6.513807614519368,2.3610041225411775,1.362461445327072
2016-12-26 17:00:00,4.240986312866211,4.231240827661879,0.009745485204331494,1.0023032215846992
2016-12-26 18:00:00,5.45003192392985,4.406140290854695,1.0438916330751553,1.2369174751974734
2016-12-26 19:00:00,8.723954477945965,5.258751177497645,3.4652033004483194,1.6589403422006406
2016-12-26 20:00:00,7.4328177998860685,5.076799136105819,2.356018663780249,1.4640756115451603
2016-12-26 21:00:00,5.590588378906249,5.175756215860961,0.414832163045288,1.080149092373023
2016-12-26 22:00:00,5.178692815144857,5.4728284955892175,-0.2941356804443602,0.9462552717152718
2016-12-26 23:00:00,5.601601821899413,5.620999272827457,-0.019397450928043902,0.9965491098670278
2016-12-27 00:00:00,9.29255401611328,7.382110361789529,1.9104436543237515,1.258793699998361
2016-12-27 01:00:00,9.451615732828776,8.359510136414459,1.0921055964143171,1.1306422958514097
2016-12-27 02:00:00,10.560028483072918,8.807468044300071,1.7525604387728464,1.198985727788936
2016-12-27 03:00:00,6.669540547688802,5.872827083630244,0.7967134640585583,1.1356609777051492
2016-12-27 04:00:00,3.641179613749186,4.266598584676859,-0.6254189709276732,0.8534150896749897
2016-12-27 05:00:00,2.8244280509948734,2.80705528162742,0.017372769367453245,1.0061889658822043
2016-12-27 06:00:00,1.812078182220459,2.2831105027244085,-0.4710323205039495,0.7936883388071352
2016-12-27 07:00:00,2.6533970921834316,1.8045250452968293,0.8488720468866022,1.4704130037424723
2016-12-27 08:00:00,2.413090278625488,1.8755340238902907,0.5375562547351973,1.286615037577501
2016-12-27 09:00:00,1.9173037961324055,1.8786902784172266,0.03861351771517896,1.0205534239245175
2016-12-27 10:00:00,0.937124693830808,1.7712185144057213,-0.8340938205749133,0.5290847437563241
2016-12-27 11:00:00,0.3741147064715624,0.3971435804395486,-0.023028873967986196,0.9420137323068437
2016-12-27 12:00:00,0.0197950303653876,0.009417370515886512,0.010377659849501088,2.10197000659522
2016-12-27 13:00:00,0.002735033257553975,-0.1796376243835388,0.18237265764109278,-0.015225280711319634
2016-12-27 14:00:00,0.0,-0.1426038945649661,0.1426038945649661,-0.0
2016-12-27 15:00:00,0.09507950089375178,0.07276370535312071,0.022315795540631067,1.306688553480516
2016-12-27 16:00:00,0.062362752993901566,0.5608660868537636,-0.498503333859862,0.11119009413411299
2016-12-27 17:00:00,0.07187533407409986,0.7314648955594195,-0.6595895614853197,0.09826217841818655
2016-12-27 18:00:00,0.15968572862943015,0.864185135078526,-0.7044994064490959,0.1847818507256781
2016-12-27 19:00:00,0.4737509426673253,1.038073261113924,-0.5643223184465987,0.4563752486591919
2016-12-27 20:00:00,0.5465724691798289,1.038073261113924,-0.4915007919340951,0.5265259106985561
2016-12-27 21:00:00,0.7210325823028882,0.9840338419439917,-0.26300125964110344,0.7327314890699941
2016-12-27 22:00:00,0.6015262713034948,0.8229358750885224,-0.2214096037850276,0.7309515716990576
2016-12-27 23:00:00,1.0448007120688758,1.070452262297534,-0.025651550228658282,0.976036717252947
2016-12-28 00:00:00,1.4320727268854776,1.579430690279876,-0.14735796339439844,0.9067018487729357
2016-12-28 01:00:00,1.5154812978108723,1.521155216430588,-0.005673918619715668,0.9962699936479661
2016-12-28 02:00:00,2.8261473566691078,1.580597511124675,1.2455498455444327,1.7880246785015883
2016-12-28 03:00:00,2.2725785821278888,2.6819534212667544,-0.40937483913886563,0.8473594522959659
2016-12-28 04:00:00,1.405599085489909,2.57801193909365,-1.172412853603741,0.5452259798238461
2016-12-28 05:00:00,1.5098987979888916,2.4390490312481212,-0.9291502332592296,0.6190522530070826
2016-12-28 06:00:00,3.999080839792888,2.6345960959273507,1.3644847438655372,1.5179104098631304
2016-12-28 07:00:00,2.3108264554341633,1.2783326526143246,1.0324938028198387,1.8076878899309037
2016-12-28 08:00:00,2.1389338289896647,1.5060613596874406,0.6328724693022241,1.4202169222597723
2016-12-28 09:00:00,2.6429501113891605,1.9384396819335392,0.7045104294556213,1.363442017836166
2016-12-28 10:00:00,2.532415184020996,3.183865407193519,-0.6514502231725228,0.7953901500670669
2016-12-28 11:00:00,2.836241594950358,3.2655855544917394,-0.42934395954138127,0.868524663532141
2016-12-28 12:00:00,2.2799573402404785,2.4847420783507688,-0.2047847381102903,0.9175831005179359
2016-12-28 13:00:00,0.30837953334053353,2.189438537828661,-1.8810590044881277,0.14084868244182994
2016-12-28 14:00:00,0.3852128977775573,1.4801351751737981,-1.0949222773962408,0.2602552146849192
2016-12-28 15:00:00,0.20005510282019773,1.5445680755032674,-1.3445129726830696,0.1295217128937575
2016-12-28 16:00:00,1.505305155436198,2.0300009801438086,-0.5246958247076106,0.7415292751876207
2016-12-28 17:00:00,2.516681302388509,2.2966832949772256,0.2199980074112835,1.095789440317005
2016-12-28 18:00:00,2.6396102650960285,3.0925927568233305,-0.452982491727302,0.8535266272198737
2016-12-28 19:00:00,5.4149326222737635,4.666267435727207,0.7486651865465568,1.1604419799890622
2016-12-28 20:00:00,7.623438262939453,5.662119523483142,1.9613187394563107,1.3463930302640053
2016-12-28 21:00:00,9.440994201660155,5.0345114701453015,4.406482731514854,1.87525527703042
2016-12-28 22:00:00,6.4390332260131835,5.580656185146757,0.8583770408664266,1.1538129231381513
2016-12-28 23:00:00,4.522802487691243,5.43993911046021,-0.9171366227689663,0.8314068219981642
2016-12-29 00:00:00,6.632278711954752,6.1755133916205915,0.45676532033416084,1.073963942974188
2016-12-29 01:00:00,8.890083236694336,6.4255688331229,2.464514403571436,1.383548051165091
2016-12-29 02:00:00,8.051794789632162,5.470472698687788,2.581322090944374,1.4718645413518945
2016-12-29 03:00:00,6.4991112874348955,5.251360317290274,1.2477509701446214,1.237605286012533
2016-12-29 04:00:00,7.4136920115153,5.224818783666581,2.1888732278487186,1.4189376356346373
2016-12-29 05:00:00,6.743769266764323,4.862039808253337,1.8817294585109856,1.38702469184163
2016-12-29 06:00:00,4.749853373209635,4.737786534331453,0.01206683887818194,1.0025469359564307
2016-12-29 07:00:00,8.412219024658203,4.437856528461994,3.9743624961962087,1.8955590318674822
2016-12-29 08:00:00,8.133326202392578,3.7902589018094353,4.343067300583142,2.1458497725603394
2016-12-29 09:00:00,7.914535982767741,3.792966316148272,4.121569666619469,2.086634924510717
2016-12-29 10:00:00,3.5956228319803873,3.189224815544257,0.4063980164361305,1.1274284630093652
2016-12-29 11:00:00,1.7152924254337945,2.312824097182195,-0.5975316717484007,0.741644134339314
2016-12-29 12:00:00,0.42901981029907854,1.5080868151578528,-1.0790670048587743,0.2844795180138039
2016-12-29 13:00:00,0.8922730773289997,1.3450902934989062,-0.45281721616990644,0.6633555246376666
2016-12-29 14:00:00,0.961208457827568,0.8310869784238574,0.13012147940371066,1.156567823563406
2016-12-29 15:00:00,1.145494215329488,1.2077245208919523,-0.06223030556246423,0.9484730959039362
2016-12-29 16:00:00,1.7306097513834635,1.8358067771413336,-0.10519702575787004,0.9426971143871252
2016-12-29 17:00:00,1.6315743370056153,2.2244077400333833,-0.592833403027768,0.7334870795680333
2016-12-29 18:00:00,0.915965238571167,1.9880991775018129,-1.072133938930646,0.46072411725563006
2016-12-29 19:00:00,1.718946122487386,3.495549139994013,-1.7766030175066267,0.4917528129758549
2016-12-29 20:00:00,2.8065281575520835,3.450273715316847,-0.6437455577647633,0.81342188739781
2016-12-29 21:00:00,2.964845211029053,3.8329721801414687,-0.8681269691124158,0.7735107565846265
2016-12-29 22:00:00,2.954346617380778,3.8325893817805854,-0.8782427643998072,0.7708487195171991
2016-12-29 23:00:00,3.7220067749023436,4.100507121126036,-0.3785003462236922,0.907694259504236
2016-12-30 00:00:00,2.8552887166341145,3.579360165668243,-0.7240714490341285,0.797709250949618
2016-12-30 01:00:00,2.9181013387044272,3.579360165668243,-0.6612588269638158,0.8152578124698543
2016-12-30 02:00:00,3.9412473983764653,3.317469015279404,0.6237783830970614,1.1880283976200228
2016-12-30 03:00:00,2.7611116142272953,3.5521221916778303,-0.7910105774505349,0.7773132412776306
2016-12-30 04:00:00,7.149389918009439,4.150708817724967,2.9986811002844727,1.7224503649784018
2016-12-30 05:00:00,4.914784695943197,4.4248775151832165,0.48990718075998085,1.110716551831988
2016-12-30 06:00:00,3.760957539876302,3.8112322433303123,-0.05027470345401008,0.9868088061172364
2016-12-30 07:00:00,2.6625516069730124,3.1384862949127017,-0.4759346879396893,0.8483553397345877
2016-12-30 08:00:00,5.389487650553385,3.1384862949127017,2.2510013556406836,1.7172251665681708
2016-12-30 09:00:00,3.065531059265137,2.5066449020949313,0.5588861571702055,1.222961839031574
2016-12-30 10:00:00,1.8248194224039715,2.465499641586814,-0.6406802191828422,0.7401418323587767
2016-12-30 11:00:00,2.745519114176432,2.332440793594987,0.413078320581445,1.1771013102308026
2016-12-30 12:00:00,1.4798251320521039,2.4143771844099384,-0.9345520523578346,0.6129220991680989
2016-12-30 13:00:00,1.8249895108540852,1.957516759989772,-0.1325272491356868,0.9322982812487495
2016-12-30 14:00:00,2.5128785146077472,2.06347752214655,0.44940099246119747,1.2177881695525834
2016-12-30 15:00:00,1.603007803378006,2.3030170645042656,-0.7000092611262596,0.6960468630843863
2016-12-30 16:00:00,1.4831330792109172,2.088472368951143,-0.6053392897402257,0.7101521194440151
2016-12-30 17:00:00,0.9781550153096518,2.5006583835090606,-1.5225033681994087,0.39115899307167706
2016-12-30 18:00:00,1.1621447254816692,2.6907511492856946,-1.5286064238040253,0.43190345780960837
2016-12-30 19:00:00,1.4119465115865069,2.9398357422241257,-1.5278892306376188,0.48028074878710814
2016-12-30 20:00:00,1.6671870269775388,3.300873615655372,-1.6336865886778333,0.5050744806073186
2016-12-30 21:00:00,0.9871681865851083,2.861343568872005,-1.8741753822868965,0.34500162697144005
2016-12-30 22:00:00,1.469323546409607,3.5222571230104616,-2.0529335766008545,0.4171539711881627
2016-12-30 23:00:00,2.2577891610463463,3.8661603467447723,-1.608371185698426,0.5839874600512518
2016-12-31 00:00:00,4.4764352213541665,3.3168230219303743,1.1596121994237922,1.3496153372539315
2016-12-31 01:00:00,5.221263659159343,4.258123981378997,0.9631396777803456,1.2261887352252323
2016-12-31 02:00:00,3.27494404856364,4.339455753888424,-1.064511705324784,0.7546900427845324
2016-12-31 03:00:00,3.3769827677408855,3.9458951586802407,-0.5689123909393552,0.8558217164772224
2016-12-31 04:00:00,2.877575032552083,3.4717205201164862,-0.5941454875644032,0.8288613717257206
2016-12-31 05:00:00,2.8345269343058264,3.838379249981058,-1.0038523156752315,0.7384697419672156
2016-12-31 06:00:00,2.853943000793457,4.098704872342762,-1.2447618715493052,0.696303610452973
2016-12-31 07:00:00,2.487479110717773,3.1902195319307376,-0.7027404212129644,0.7797203564898049
2016-12-31 08:00:00,2.8284900182088215,3.1998284637668735,-0.37133844555805195,0.8839505149220067
2016-12-31 09:00:00,2.1306049702962238,3.0794851158498187,-0.9488801455535949,0.6918705206043054
2016-12-31 10:00:00,2.11178857421875,3.1297728287758644,-1.0179842545571143,0.6747418070738143
2016-12-31 11:00:00,2.9735016581217453,3.4854939363642505,-0.5119922782425053,0.8531076835621844
2016-12-31 12:00:00,4.2493091990153,6.131010695875239,-1.8817014968599395,0.6930846168436973
2016-12-31 13:00:00,3.8962452036539714,3.1650015607469273,0.7312436429070441,1.2310405315359383
2016-12-31 14:00:00,2.740342056274414,3.4833427940730606,-0.7430007377986465,0.7866989321111695
2016-12-31 15:00:00,2.67746285756429,3.8319570998932337,-1.1544942423289437,0.6987194239828232
2016-12-31 16:00:00,3.2971866124471028,3.507607497447046,-0.21042088499994316,0.9400101393462369
2016-12-31 17:00:00,4.37298671468099,3.7769614538105625,0.5960252608704275,1.1578054921024148
2016-12-31 18:00:00,3.7561547953287766,4.241250346407581,-0.4850955510788042,0.8856244004814078
2016-12-31 19:00:00,5.605660919189454,4.732636939793394,0.8730239793960601,1.184468825836907
2016-12-31 20:00:00,6.593072621663412,4.719176359911136,1.873896261752276,1.3970812105414858
2016-12-31 21:00:00,3.2909428304036457,4.644238886292825,-1.3532960558891798,0.7086075697175382
2016-12-31 22:00:00,3.6825892740885413,4.491751213282207,-0.8091619391936655,0.8198560203421428
2016-12-31 23:00:00,3.4219020589192706,4.479498558793946,-1.0575964998746752,0.7639029266348462
